file,surface,route,ext,has_fuji_ref,has_background,has_z_index,has_isolation,has_backdrop
prisma/runtime-smoke.mjs,unknown,,.mjs,False,False,False,False,False
prisma/seed.mjs,unknown,,.mjs,False,False,False,False,False
scripts/create-prisma-wave-report.mjs,unknown,,.mjs,False,False,False,False,False
scripts/prisma-backup-before-migration.mjs,unknown,,.mjs,False,False,False,False,False
scripts/prisma-codex-utils.mjs,unknown,,.mjs,False,False,False,False,False
scripts/verify-no-direct-db-in-ui.mjs,unknown,,.mjs,False,False,False,False,False
scripts/verify-outbox-integrity.mjs,unknown,,.mjs,False,False,False,False,False
scripts/verify-prisma-backup.mjs,unknown,,.mjs,False,False,False,False,False
scripts/verify-prismo-command-nexus.mjs,unknown,,.mjs,False,False,False,False,False
scripts/verify-sync-health.mjs,unknown,,.mjs,False,False,False,False,False
tools/prisma-pqos-phase5-runner.mjs,unknown,,.mjs,False,True,False,False,False
tools/provision-prisma-runtime.mjs,unknown,,.mjs,False,False,False,False,False
tools/run-next-build.mjs,unknown,,.mjs,False,False,False,False,False
tools/verify-ack-required.mjs,unknown,,.mjs,False,False,False,False,False
tools/verify-code-atlas-boundaries.mjs,unknown,,.mjs,False,False,False,False,False
tools/verify-license-ops-console.mjs,unknown,,.mjs,False,False,False,False,False
tools/verify-no-fake-green.mjs,unknown,,.mjs,False,False,False,False,False
tools/verify-runtime-config.mjs,unknown,,.mjs,False,False,False,False,False
tools/verify-sync-closure-truth.mjs,unknown,,.mjs,False,False,False,False,False
tools/verify-tablet-license-page-layout.mjs,unknown,,.mjs,False,False,False,False,False
tools/verify-tablet-provisioning.mjs,unknown,,.mjs,False,False,False,False,False
tools/verify-tablet-solo-smoke.mjs,unknown,,.mjs,False,False,False,False,False
tools/verify-tablet-ticket-detail-resolution.mjs,unknown,,.mjs,False,False,False,False,False
tools/verify_pc_sync_chart_promotion_01.mjs,unknown,,.mjs,False,False,False,False,False
tools/verify_pc_to_tablet_catalog_delta_closure_01.mjs,unknown,,.mjs,False,False,False,False,False
tools/verify_prisma_chart_atlas_01.mjs,unknown,,.mjs,False,False,False,False,False
tools/verify_prisma_echarts_pack_01.mjs,unknown,,.mjs,False,False,False,False,False
tools/verify_prisma_event_sync_architecture_01.mjs,unknown,,.mjs,False,False,False,False,False
tools/verify_prisma_hardening_regression_01.mjs,unknown,,.mjs,False,False,False,False,False
tools/verify_prisma_product_integrity.mjs,unknown,,.mjs,False,False,False,False,False
tools/verify_prisma_round2_productization.mjs,unknown,,.mjs,False,False,False,False,False
tools/verify_prisma_sync_projection_closure_02.mjs,unknown,,.mjs,False,False,False,False,False
tools/verify_security_audit_permissions_01.mjs,unknown,,.mjs,False,False,False,False,False
tools/verify_supplier_product_supplier_sync_closure_01.mjs,unknown,,.mjs,False,False,False,False,False
tools/verify_sync_contract_gate_01.mjs,unknown,,.mjs,False,False,False,False,False
tools/e2e-certification/prisma_full_e2e_certification_18.mjs,unknown,,.mjs,False,False,False,False,False
tools/prisma/verify_prisma_black_css_layer_normalization_01f.mjs,unknown,,.mjs,False,False,False,False,True
tools/prisma/verify_prisma_black_visual_governance_01e.mjs,unknown,,.mjs,False,False,False,False,True
tools/prisma/verify_prisma_tri_surface_visual_guardian_00b.mjs,unknown,,.mjs,False,False,False,False,False
tools/prisma/verify_prisma_tri_surface_visual_guardian_00c.mjs,unknown,,.mjs,False,False,False,False,False
tools/prisma-visual-os/gate_prisma_visual_release_00n.mjs,unknown,,.mjs,False,False,False,False,False
tools/prisma-visual-os/generate_prisma_visual_os_controls_00e.mjs,unknown,,.mjs,False,False,False,False,False
tools/prisma-visual-os/live-preview-server-00q.mjs,unknown,,.mjs,False,False,False,False,False
tools/prisma-visual-os/print_prisma_visual_variant_packs_00m.mjs,unknown,,.mjs,False,False,False,False,False
tools/prisma-visual-os/run_prisma_visual_cross_surface_qa_00l.mjs,unknown,,.mjs,False,False,False,False,False
tools/prisma-visual-os/score_prisma_studio_pro_00s.mjs,unknown,,.mjs,False,False,False,False,False
tools/prisma-visual-os/score_prisma_visual_os_00a.mjs,unknown,,.mjs,False,False,False,False,False
tools/prisma-visual-os/verify_prisma_light_operational_pos_tokenization_00p.mjs,unknown,,.mjs,False,False,False,False,False
tools/prisma-visual-os/verify_prisma_show_pos_ai_doctor_00y.mjs,unknown,,.mjs,False,False,False,False,False
tools/prisma-visual-os/verify_prisma_show_pos_doctor_00u.mjs,unknown,,.mjs,False,False,False,False,False
tools/prisma-visual-os/verify_prisma_show_pos_doctor_00x.mjs,unknown,,.mjs,False,False,False,False,False
tools/prisma-visual-os/verify_prisma_visual_os_control_plane_00a.mjs,unknown,,.mjs,False,False,False,False,False
tools/prisma-visual-os/verify_prisma_visual_os_core_00d_00e.mjs,unknown,,.mjs,False,False,False,False,False
tools/prisma-visual-os/verify_prisma_visual_os_editing_workbench_00zi.mjs,unknown,,.mjs,False,False,False,False,False
tools/prisma-visual-os/verify_prisma_visual_os_live_status_truth_00zl.mjs,unknown,,.mjs,False,False,False,False,False
tools/prisma-visual-os/verify_prisma_visual_os_pos_live_binding_00t.mjs,unknown,,.mjs,False,False,False,False,False
tools/prisma-visual-os/verify_prisma_visual_os_pro_layer_focus_00zk.mjs,unknown,,.mjs,False,True,False,False,False
tools/prisma-visual-os/verify_prisma_visual_os_readme_status_00w.mjs,unknown,,.mjs,False,False,False,False,False
tools/prisma-visual-os/verify_prisma_visual_os_route_truth_lan_pos_binding_00zm.mjs,unknown,,.mjs,False,False,False,False,False
tools/prisma-visual-os/verify_prisma_visual_os_studio_pro_qa_00r_00s.mjs,unknown,,.mjs,False,False,False,False,False
tools/prisma-visual-os/verify_prisma_visual_qa_release_gate_00l_00m_00n.mjs,unknown,,.mjs,False,False,False,False,False
tools/visual/capture_prisma_reference_screens_01h.mjs,unknown,,.mjs,False,False,False,False,False
tools/visual/verify_prisma_reference_visual_scope_01h.mjs,unknown,,.mjs,False,False,False,False,False
tools/visual-pos-seeds/verify_visual_pos_minimal_seeds_02.mjs,unknown,,.mjs,False,False,False,False,False
tools/_local/evidence/chart-lab/handoff-pack-2026-05-22T21-55-23-533Z/payload/shared/prisma-charts/prismaChartOptions.ts,shared,,.ts,False,True,False,False,True
tools/_local/evidence/chart-lab/handoff-pack-2026-05-22T21-55-23-533Z/payload/shared/prisma-charts/prismaChartTheme.ts,shared,,.ts,False,True,False,False,True
tools/_local/evidence/chart-lab/handoff-pack-2026-05-22T21-55-23-533Z/payload/shared/prisma-charts/prismaChartTokens.ts,shared,,.ts,False,True,False,False,False
tools/_local/evidence/chart-lab/handoff-pack-2026-05-22T21-55-23-533Z/payload/shared/prisma-charts/PrismaEChart.tsx,shared,,.tsx,False,False,False,False,False
tools/_local/evidence/chart-lab/handoff-pack-2026-05-22T21-55-23-533Z/payload/products/chart-lab/app/app/globals.css,unknown,,.css,False,True,True,True,True
tools/_local/evidence/chart-lab/handoff-pack-2026-05-22T21-55-23-533Z/payload/products/chart-lab/app/src/components/ChartControlDeck.tsx,unknown,,.tsx,False,False,False,False,False
tools/_local/evidence/chart-lab/handoff-pack-2026-05-22T21-55-23-533Z/payload/products/chart-lab/app/src/components/OptionStudioPanel.tsx,unknown,,.tsx,False,False,False,False,False
tools/_local/evidence/chart-lab/handoff-pack-2026-05-22T21-55-23-533Z/payload/products/chart-lab/app/src/components/PrismaChartLabShell.tsx,unknown,,.tsx,False,True,False,False,False
tools/_local/evidence/chart-lab/handoff-pack-2026-05-22T21-55-23-533Z/payload/products/chart-lab/app/src/prisma-charts/chart-lab-control-model.ts,unknown,,.ts,False,True,False,False,True
tools/_local/evidence/chart-lab/handoff-pack-2026-05-22T21-55-23-533Z/payload/products/chart-lab/app/src/prisma-charts/chart-lab-types.ts,unknown,,.ts,False,False,False,False,False
tools/_local/evidence/chart-lab/handoff-pack-2026-05-22T21-55-23-533Z/payload/products/chart-lab/app/src/prisma-charts/chart-runtime-data.ts,unknown,,.ts,False,False,False,False,False
tools/_local/evidence/chart-lab/handoff-pack-2026-05-22T21-55-23-533Z/payload/products/chart-lab/app/src/prisma-charts/components/LabEChartFrame.tsx,unknown,,.tsx,False,False,False,False,False
tools/_local/evidence/chart-lab/handoff-pack-2026-05-12T00-41-02-167Z/payload/shared/prisma-charts/prismaChartAdapters.ts,shared,,.ts,False,False,False,False,False
tools/_local/evidence/chart-lab/handoff-pack-2026-05-12T00-41-02-167Z/payload/shared/prisma-charts/prismaChartAtlas.ts,shared,,.ts,False,False,False,False,False
tools/_local/evidence/chart-lab/handoff-pack-2026-05-12T00-41-02-167Z/payload/shared/prisma-charts/prismaChartContracts.ts,shared,,.ts,False,False,False,False,False
tools/_local/evidence/chart-lab/handoff-pack-2026-05-12T00-41-02-167Z/payload/shared/prisma-charts/prismaChartMocks.ts,shared,,.ts,False,False,False,False,False
tools/_local/evidence/chart-lab/handoff-pack-2026-05-12T00-41-02-167Z/payload/shared/prisma-charts/prismaChartOptions.ts,shared,,.ts,False,False,False,False,False
tools/_local/evidence/chart-lab/handoff-pack-2026-05-12T00-41-02-167Z/payload/shared/prisma-charts/prismaChartRegistry.ts,shared,,.ts,False,False,False,False,False
tools/_local/evidence/chart-lab/handoff-pack-2026-05-12T00-41-02-167Z/payload/shared/prisma-charts/prismaEchartsLoader.ts,shared,,.ts,False,False,False,False,False
tools/_local/evidence/chart-lab/handoff-pack-2026-05-12T00-41-02-167Z/payload/products/chart-lab/app/app/globals.css,unknown,,.css,False,True,True,True,True
tools/_local/evidence/chart-lab/handoff-pack-2026-05-12T00-41-02-167Z/payload/products/chart-lab/app/app/layout.tsx,unknown,/app,.tsx,False,False,False,False,False
tools/_local/evidence/chart-lab/handoff-pack-2026-05-12T00-41-02-167Z/payload/products/chart-lab/app/scripts/deploy-cloudflare-pages.mjs,unknown,,.mjs,False,False,False,False,False
tools/_local/evidence/chart-lab/handoff-pack-2026-05-12T00-41-02-167Z/payload/products/chart-lab/app/scripts/verify-chart-lab-no-leaks.mjs,unknown,,.mjs,False,False,False,False,False
tools/_local/evidence/chart-lab/handoff-pack-2026-05-12T00-41-02-167Z/payload/products/chart-lab/app/scripts/verify-chart-lab.mjs,unknown,,.mjs,False,False,False,False,False
tools/_local/evidence/chart-lab/handoff-pack-2026-05-12T00-41-02-167Z/payload/products/chart-lab/app/src/components/ChartControlDeck.tsx,unknown,,.tsx,False,False,False,False,False
tools/_local/evidence/chart-lab/handoff-pack-2026-05-12T00-41-02-167Z/payload/products/chart-lab/app/src/components/PrismaChartLabShell.tsx,unknown,,.tsx,False,True,False,False,False
tools/_local/evidence/chart-lab/handoff-pack-2026-05-12T00-41-02-167Z/payload/products/chart-lab/app/src/prisma-charts/chart-lab-control-model.ts,unknown,,.ts,False,True,False,False,False
tools/_local/evidence/chart-lab/handoff-pack-2026-05-12T00-41-02-167Z/payload/products/chart-lab/app/src/prisma-charts/chart-lab-registry.tsx,unknown,,.tsx,False,False,False,False,False
tools/_local/evidence/chart-lab/handoff-pack-2026-05-12T00-41-02-167Z/payload/products/chart-lab/app/src/prisma-charts/chart-lab-types.ts,unknown,,.ts,False,False,False,False,False
tools/_local/evidence/chart-lab/handoff-pack-2026-05-12T00-41-02-167Z/payload/products/chart-lab/app/src/prisma-charts/components/LabEChartFrame.tsx,unknown,,.tsx,False,False,False,False,False
tools/prisma-visual-os/gates/gate_prisma_visual_release_00n.mjs,unknown,,.mjs,False,False,False,False,False
tools/prisma-visual-os/generators/generate_prisma_visual_os_controls_00e.mjs,unknown,,.mjs,False,True,False,False,False
tools/prisma-visual-os/generators/print_prisma_visual_variant_packs_00m.mjs,unknown,,.mjs,False,False,False,False,False
tools/prisma-visual-os/qa/run_prisma_visual_cross_surface_qa_00l.mjs,unknown,,.mjs,False,False,False,False,False
tools/prisma-visual-os/realtime/live-preview-server-00q.mjs,unknown,,.mjs,False,False,False,False,False
tools/prisma-visual-os/scoring/score_prisma_studio_pro_00s.mjs,unknown,,.mjs,False,False,False,False,False
tools/prisma-visual-os/scoring/score_prisma_visual_os_00a.mjs,unknown,,.mjs,False,False,False,False,False
tools/prisma-visual-os/verifiers/verify_prisma_light_operational_pos_tokenization_00p.mjs,unknown,,.mjs,False,False,False,False,False
tools/prisma-visual-os/verifiers/verify_prisma_show_pos_ai_doctor_00y.mjs,unknown,,.mjs,False,False,False,False,False
tools/prisma-visual-os/verifiers/verify_prisma_show_pos_doctor_00u.mjs,unknown,,.mjs,False,False,False,False,False
tools/prisma-visual-os/verifiers/verify_prisma_show_pos_doctor_00x.mjs,unknown,,.mjs,False,False,False,False,False
tools/prisma-visual-os/verifiers/verify_prisma_visual_os_control_plane_00a.mjs,unknown,,.mjs,False,False,False,False,False
tools/prisma-visual-os/verifiers/verify_prisma_visual_os_core_00d_00e.mjs,unknown,,.mjs,False,True,False,False,False
tools/prisma-visual-os/verifiers/verify_prisma_visual_os_pos_live_binding_00t.mjs,unknown,,.mjs,False,False,False,False,False
tools/prisma-visual-os/verifiers/verify_prisma_visual_os_readme_status_00w.mjs,unknown,,.mjs,False,False,False,False,False
tools/prisma-visual-os/verifiers/verify_prisma_visual_os_studio_pro_qa_00r_00s.mjs,unknown,,.mjs,False,False,False,False,False
tools/prisma-visual-os/verifiers/verify_prisma_visual_qa_release_gate_00l_00m_00n.mjs,unknown,,.mjs,False,False,False,False,False
tools/prisma-visual-os/.prisma_tree_backups/PRISMA_VISUAL_OS_TREE_REORG_FINISH_00ZD_20260505_v01/260505_002450/source/live-preview-server-00q.mjs,unknown,,.mjs,False,False,False,False,False
tools/prisma-visual-os/.prisma_tree_backups/PRISMA_VISUAL_OS_TREE_REORG_FINISH_00ZD_20260505_v01/260505_002450/source/score_prisma_studio_pro_00s.mjs,unknown,,.mjs,False,False,False,False,False
tools/prisma-visual-os/.prisma_tree_backups/PRISMA_VISUAL_OS_TREE_REORG_FINISH_00ZD_20260505_v01/260505_002450/source/verify_prisma_show_pos_ai_doctor_00y.mjs,unknown,,.mjs,False,False,False,False,False
tools/prisma-visual-os/.prisma_tree_backups/PRISMA_VISUAL_OS_TREE_REORG_FINISH_00ZD_20260505_v01/260505_002450/source/verify_prisma_show_pos_doctor_00u.mjs,unknown,,.mjs,False,False,False,False,False
tools/prisma-visual-os/.prisma_tree_backups/PRISMA_VISUAL_OS_TREE_REORG_FINISH_00ZD_20260505_v01/260505_002450/source/verify_prisma_show_pos_doctor_00x.mjs,unknown,,.mjs,False,False,False,False,False
tools/prisma-surface-visual-governor/tooling/prisma-surface-governor/route-budget-enforcer/route-budget-enforcer.mjs,unknown,,.mjs,True,True,False,False,True
tools/prisma-surface-visual-governor/tooling/prisma-surface-governor/route-budget-enforcer/verify-route-budget-enforcer.mjs,unknown,,.mjs,False,False,False,False,False
tools/prisma-surface-visual-governor/tooling/prisma-surface-governor/surface-runtime-adapter/surface-runtime-adapter.mjs,unknown,,.mjs,False,False,False,False,False
tools/prisma-surface-visual-governor/tooling/prisma-surface-governor/surface-runtime-adapter/verify-surface-runtime-adapter.mjs,unknown,,.mjs,True,True,False,False,False
tools/prisma-surface-visual-governor/scripts/original-verifiers/chart-lab/verify-surface-visual-governor-pilot02.mjs,unknown,,.mjs,False,True,False,False,False
tools/prisma-surface-visual-governor/scripts/original-verifiers/chart-lab/verify-surface-visual-governor-pilot16-recipe-studio-v2.mjs,unknown,,.mjs,False,False,False,False,True
tools/prisma-surface-visual-governor/scripts/original-verifiers/mobile/verify-surface-visual-governor-pilot09-mobile-thin-mist.mjs,mobile,,.mjs,False,True,False,False,True
tools/prisma-surface-visual-governor/scripts/original-verifiers/pc/verify-surface-visual-governor-pilot03.mjs,pc,,.mjs,False,True,False,False,True
tools/prisma-surface-visual-governor/scripts/original-verifiers/pc/verify-surface-visual-governor-pilot04.mjs,pc,,.mjs,False,True,False,False,False
tools/prisma-surface-visual-governor/scripts/original-verifiers/tablet/verify-surface-visual-governor-pilot05.mjs,unknown,,.mjs,True,True,False,False,False
tools/prisma-surface-visual-governor/scripts/original-verifiers/tablet/verify-surface-visual-governor-pilot06-pos-gate.mjs,unknown,,.mjs,False,True,False,False,False
tools/prisma-surface-visual-governor/scripts/original-verifiers/tablet/verify-surface-visual-governor-pilot07-pos-light-safe.mjs,unknown,,.mjs,True,True,False,False,True
tools/prisma-surface-visual-governor/scripts/original-verifiers/tablet/verify-surface-visual-governor-pilot08-checkout-light-safe.mjs,unknown,,.mjs,True,True,False,False,True
tools/prisma-surface-visual-governor/scripts/original-verifiers/web/verify-surface-visual-governor-pilot11-eit-web-sober.mjs,unknown,,.mjs,False,False,False,False,True
tools/prisma-surface-visual-governor/public-mirrors/pc/reference-visual/latest/prisma-pc-reference-visual.css,pc,,.css,True,True,True,True,True
tools/prisma-surface-visual-governor/public-mirrors/pc/reference-visual/pilot-03/prisma-pc-reference-visual.css,pc,,.css,True,True,True,True,True
tools/prisma-surface-visual-governor/contracts/runtime-adapters/chart-lab/chart-lab-recipe-export.ts,unknown,,.ts,False,True,False,False,False
tools/prisma-surface-visual-governor/contracts/runtime-adapters/mobile/surface-runtime-adapter.ts,mobile,,.ts,False,False,False,False,False
tools/prisma-surface-visual-governor/contracts/runtime-adapters/pc/surface-runtime-adapter.ts,pc,,.ts,False,False,False,False,False
tools/prisma-surface-visual-governor/contracts/runtime-adapters/tablet/surface-runtime-adapter.ts,unknown,,.ts,False,False,False,False,False
tools/prisma-surface-governor/route-budget-enforcer/route-budget-enforcer.mjs,unknown,,.mjs,True,True,False,False,True
tools/prisma-surface-governor/route-budget-enforcer/verify-route-budget-enforcer.mjs,unknown,,.mjs,False,False,False,False,False
tools/prisma-surface-governor/surface-runtime-adapter/surface-runtime-adapter.mjs,unknown,,.mjs,False,False,False,False,False
tools/prisma-surface-governor/surface-runtime-adapter/verify-surface-runtime-adapter.mjs,unknown,,.mjs,True,True,False,False,False
tools/prisma-salvage/candidates/tablet_operational_modules/products/tablet/app/components/catalog-stock-selling-assist/catalog-stock-selling-assist-screen.tsx,tablet,,.tsx,False,False,False,False,False
tools/prisma-salvage/candidates/tablet_operational_modules/products/tablet/app/components/catalog-stock-selling-assist/catalog-stock-selling-assist.module.css,tablet,,.css,False,True,True,False,True
tools/prisma-salvage/candidates/tablet_operational_modules/products/tablet/app/components/reports/contextual-export-actions.tsx,tablet,,.tsx,False,False,False,False,False
tools/prisma-salvage/candidates/tablet_operational_modules/products/tablet/app/components/reports/contextual-export-band.tsx,tablet,,.tsx,False,False,False,False,False
tools/prisma-salvage/candidates/tablet_operational_modules/products/tablet/app/components/reports/contextual-export.module.css,tablet,,.css,False,True,False,False,False
tools/prisma-salvage/candidates/tablet_operational_modules/products/tablet/app/components/returns/return-from-ticket-screen.tsx,tablet,,.tsx,False,False,False,False,False
tools/prisma-salvage/candidates/tablet_operational_modules/products/tablet/app/components/returns/return-impact-summary.tsx,tablet,,.tsx,False,False,False,False,False
tools/prisma-salvage/candidates/tablet_operational_modules/products/tablet/app/components/returns/returns.module.css,tablet,,.css,False,True,False,False,False
tools/prisma-salvage/candidates/tablet_operational_modules/products/tablet/app/components/shift/shift-cash-closure-screen.tsx,tablet,,.tsx,False,False,False,False,False
tools/prisma-salvage/candidates/tablet_operational_modules/products/tablet/app/components/shift/shift-cash-closure.module.css,tablet,,.css,False,True,False,False,True
tools/prisma-salvage/candidates/tablet_operational_modules/products/tablet/app/components/sync/pending-offline-sync-panel-screen.tsx,tablet,,.tsx,False,False,False,False,False
tools/prisma-salvage/candidates/tablet_operational_modules/products/tablet/app/components/sync/pending-offline-sync-panel.module.css,tablet,,.css,False,True,False,False,False
tools/prisma-salvage/candidates/pc_suppliers_backoffice/products/pc/app/tools/run_pc_suppliers_lifecycle_scenarios_02.mjs,pc,,.mjs,False,False,False,False,False
tools/prisma-salvage/candidates/pc_suppliers_backoffice/products/pc/app/tools/verify_pc_backoffice_core_01.mjs,pc,,.mjs,False,False,False,False,False
tools/prisma-salvage/candidates/pc_suppliers_backoffice/products/pc/app/tools/verify_pc_backoffice_sync_dashboard_03.mjs,pc,,.mjs,False,False,False,False,False
tools/prisma-salvage/candidates/pc_suppliers_backoffice/products/pc/app/tools/verify_pc_kpi_dashboard_02.mjs,pc,,.mjs,False,False,False,False,False
tools/prisma-salvage/candidates/pc_suppliers_backoffice/products/pc/app/tools/verify_pc_module_registry_sync_import_05.mjs,pc,,.mjs,False,False,False,False,False
tools/prisma-salvage/candidates/pc_suppliers_backoffice/products/pc/app/tools/verify_pc_shell_zoom_scroll_trace_03.mjs,pc,,.mjs,False,False,False,False,False
tools/prisma-salvage/candidates/pc_suppliers_backoffice/products/pc/app/tools/verify_pc_suppliers_copy_hygiene_09_1.mjs,pc,,.mjs,False,False,False,False,False
tools/prisma-salvage/candidates/pc_suppliers_backoffice/products/pc/app/tools/verify_pc_suppliers_inventory_bridge_11.mjs,pc,,.mjs,False,False,False,False,False
tools/prisma-salvage/candidates/pc_suppliers_backoffice/products/pc/app/tools/verify_pc_suppliers_lifecycle_02.mjs,pc,,.mjs,False,False,False,False,False
tools/prisma-salvage/candidates/pc_suppliers_backoffice/products/pc/app/tools/verify_pc_suppliers_minimal_persistence_10.mjs,pc,,.mjs,False,False,False,False,False
tools/prisma-salvage/candidates/pc_suppliers_backoffice/products/pc/app/tools/verify_pc_suppliers_operator_board_scroll_esmx_06.mjs,pc,,.mjs,False,False,False,False,False
tools/prisma-salvage/candidates/pc_suppliers_backoffice/products/pc/app/tools/verify_pc_suppliers_readability_scroll_esmx_04.mjs,pc,,.mjs,False,False,False,False,False
tools/prisma-salvage/candidates/pc_suppliers_backoffice/products/pc/app/tools/verify_pc_suppliers_real_actions_09.mjs,pc,,.mjs,False,False,False,False,False
tools/prisma-salvage/candidates/pc_suppliers_backoffice/products/pc/app/tools/verify_pc_suppliers_smart_purchase_01.mjs,pc,,.mjs,False,False,False,False,False
tools/prisma-salvage/candidates/pc_suppliers_backoffice/products/pc/app/tools/verify_pc_suppliers_ux_css_import_bridge_08.mjs,pc,,.mjs,False,False,False,False,False
tools/prisma-salvage/candidates/pc_suppliers_backoffice/products/pc/app/tools/verify_pc_suppliers_ux_legibility_roadmap_07.mjs,pc,,.mjs,False,False,False,False,False
tools/prisma-salvage/candidates/pc_suppliers_backoffice/products/pc/app/tools/verify_sync_ingest_persistence_01.mjs,pc,,.mjs,False,False,False,False,False
tools/prisma-salvage/candidates/pc_suppliers_backoffice/products/pc/app/src/lib/suppliers/action-reducer.ts,pc,,.ts,False,False,False,False,False
tools/prisma-salvage/candidates/pc_suppliers_backoffice/products/pc/app/src/lib/suppliers/client-persistence.ts,pc,,.ts,False,False,False,False,False
tools/prisma-salvage/candidates/pc_suppliers_backoffice/products/pc/app/src/lib/suppliers/data-quality.ts,pc,,.ts,False,False,False,False,False
tools/prisma-salvage/candidates/pc_suppliers_backoffice/products/pc/app/src/lib/suppliers/event-catalog.ts,pc,,.ts,False,False,False,False,False
tools/prisma-salvage/candidates/pc_suppliers_backoffice/products/pc/app/src/lib/suppliers/export-contracts.ts,pc,,.ts,False,False,False,False,False
tools/prisma-salvage/candidates/pc_suppliers_backoffice/products/pc/app/src/lib/suppliers/fixtures.ts,pc,,.ts,False,False,False,False,False
tools/prisma-salvage/candidates/pc_suppliers_backoffice/products/pc/app/src/lib/suppliers/in-memory-repository.ts,pc,,.ts,False,False,False,False,False
tools/prisma-salvage/candidates/pc_suppliers_backoffice/products/pc/app/src/lib/suppliers/inventory-bridge.ts,pc,,.ts,False,False,False,False,False
tools/prisma-salvage/candidates/pc_suppliers_backoffice/products/pc/app/src/lib/suppliers/lifecycle-engine.ts,pc,,.ts,False,False,False,False,False
tools/prisma-salvage/candidates/pc_suppliers_backoffice/products/pc/app/src/lib/suppliers/lifecycle-report.ts,pc,,.ts,False,False,False,False,False
tools/prisma-salvage/candidates/pc_suppliers_backoffice/products/pc/app/src/lib/suppliers/lifecycle-scenarios.ts,pc,,.ts,False,False,False,False,False
tools/prisma-salvage/candidates/pc_suppliers_backoffice/products/pc/app/src/lib/suppliers/lifecycle-validator.ts,pc,,.ts,False,False,False,False,False
tools/prisma-salvage/candidates/pc_suppliers_backoffice/products/pc/app/src/lib/suppliers/operations-view-model.ts,pc,,.ts,False,False,False,False,False
tools/prisma-salvage/candidates/pc_suppliers_backoffice/products/pc/app/src/lib/suppliers/prisma-mapping.ts,pc,,.ts,False,False,False,False,False
tools/prisma-salvage/candidates/pc_suppliers_backoffice/products/pc/app/src/lib/suppliers/repository-contract.ts,pc,,.ts,False,False,False,False,False
tools/prisma-salvage/candidates/pc_suppliers_backoffice/products/pc/app/src/lib/suppliers/server.ts,pc,,.ts,False,False,False,False,False
tools/prisma-salvage/candidates/pc_suppliers_backoffice/products/pc/app/src/lib/suppliers/smart-purchase-engine.ts,pc,,.ts,False,False,False,False,False
tools/prisma-salvage/candidates/pc_suppliers_backoffice/products/pc/app/src/lib/suppliers/transition-policy.ts,pc,,.ts,False,False,False,False,False
tools/prisma-salvage/candidates/pc_suppliers_backoffice/products/pc/app/src/lib/suppliers/types.ts,pc,,.ts,False,False,False,False,False
tools/prisma-salvage/candidates/pc_suppliers_backoffice/products/pc/app/src/lib/suppliers/visible-labels.ts,pc,,.ts,False,False,False,False,False
tools/prisma-salvage/candidates/pc_suppliers_backoffice/products/pc/app/app/proveedores/page.tsx,pc,/app/proveedores,.tsx,False,False,False,False,False
tools/prisma-salvage/candidates/mobile_command_center_lineage/products/mobile/app/tools/configure_prisma_mobile_pwa_domain.mjs,mobile,,.mjs,False,False,False,False,False
tools/prisma-salvage/candidates/mobile_command_center_lineage/products/mobile/app/tools/print_prisma_mobile_10_domain_status.mjs,mobile,,.mjs,False,False,False,False,False
tools/prisma-salvage/candidates/mobile_command_center_lineage/products/mobile/app/tools/print_prisma_mobile_pwa_install_status.mjs,mobile,,.mjs,False,False,False,False,False
tools/prisma-salvage/candidates/mobile_command_center_lineage/products/mobile/app/tools/prisma_mobile_17_data_plane_regression_scenarios.ts,mobile,/tools/prisma_mobile_17_data_plane_regression_scenarios,.ts,False,False,False,False,False
tools/prisma-salvage/candidates/mobile_command_center_lineage/products/mobile/app/tools/reset_prisma_mobile_next_cache_19.mjs,mobile,,.mjs,False,False,False,False,False
tools/prisma-salvage/candidates/mobile_command_center_lineage/products/mobile/app/tools/smoke_prisma_mobile_public_url.mjs,mobile,,.mjs,False,False,False,False,False
tools/prisma-salvage/candidates/mobile_command_center_lineage/products/mobile/app/tools/smoke_prisma_mobile_pwa_url.mjs,mobile,,.mjs,False,False,False,False,False
tools/prisma-salvage/candidates/mobile_command_center_lineage/products/mobile/app/tools/verify_prisma_app_mobile_07_api_client_ui_binding.mjs,mobile,,.mjs,False,False,False,False,False
tools/prisma-salvage/candidates/mobile_command_center_lineage/products/mobile/app/tools/verify_prisma_app_mobile_09_pwa_domain_install_ready.mjs,mobile,,.mjs,False,False,False,False,False
tools/prisma-salvage/candidates/mobile_command_center_lineage/products/mobile/app/tools/verify_prisma_app_mobile_10b_cloudflare_live_route_repair.mjs,mobile,,.mjs,False,False,False,False,False
tools/prisma-salvage/candidates/mobile_command_center_lineage/products/mobile/app/tools/verify_prisma_app_mobile_10c_cloudflare_dns_fallback_repair.mjs,mobile,,.mjs,False,False,False,False,False
tools/prisma-salvage/candidates/mobile_command_center_lineage/products/mobile/app/tools/verify_prisma_app_mobile_10_cloudflare_pwa_domain_bridge.mjs,mobile,,.mjs,False,False,False,False,False
tools/prisma-salvage/candidates/mobile_command_center_lineage/products/mobile/app/tools/verify_prisma_app_mobile_11_ios_home_icon_playstore.mjs,mobile,,.mjs,False,False,False,False,False
tools/prisma-salvage/candidates/mobile_command_center_lineage/products/mobile/app/tools/verify_prisma_app_mobile_12_ios_root_touch_icon.mjs,mobile,,.mjs,False,False,False,False,False
tools/prisma-salvage/candidates/mobile_command_center_lineage/products/mobile/app/tools/verify_prisma_app_mobile_13_android_standalone_offline_shell.mjs,mobile,,.mjs,False,False,False,False,False
tools/prisma-salvage/candidates/mobile_command_center_lineage/products/mobile/app/tools/verify_prisma_app_mobile_14_whatsapp_platform_install_selector.mjs,mobile,,.mjs,False,False,False,False,False
tools/prisma-salvage/candidates/mobile_command_center_lineage/products/mobile/app/tools/verify_prisma_app_mobile_15_minimal_platform_install_selector.mjs,mobile,,.mjs,False,False,False,False,True
tools/prisma-salvage/candidates/mobile_command_center_lineage/products/mobile/app/tools/verify_prisma_app_mobile_16_connected_data_bridge.mjs,mobile,,.mjs,False,False,False,False,False
tools/prisma-salvage/candidates/mobile_command_center_lineage/products/mobile/app/tools/verify_prisma_app_mobile_17_data_plane.mjs,mobile,,.mjs,False,False,False,False,False
tools/prisma-salvage/candidates/mobile_command_center_lineage/products/mobile/app/tools/verify_prisma_app_mobile_18_production_data_cleanup.mjs,mobile,,.mjs,False,False,False,False,False
tools/prisma-salvage/candidates/mobile_command_center_lineage/products/mobile/app/tools/verify_prisma_app_mobile_19_hydration_guard.mjs,mobile,,.mjs,False,False,False,False,False
tools/prisma-salvage/candidates/mobile_command_center_lineage/products/mobile/app/tools/verify_prisma_app_mobile_20_command_center.mjs,mobile,,.mjs,False,False,False,False,False
tools/prisma-salvage/candidates/mobile_command_center_lineage/products/mobile/app/tools/verify_prisma_app_mobile_21_owner_action_inbox.mjs,mobile,,.mjs,False,False,False,False,False
tools/prisma-salvage/candidates/mobile_command_center_lineage/products/mobile/app/tools/verify_prisma_app_mobile_22_daily_brief.mjs,mobile,,.mjs,False,False,False,False,False
tools/prisma-salvage/candidates/mobile_command_center_lineage/products/mobile/app/tools/verify_prisma_app_mobile_23_decision_ledger.mjs,mobile,,.mjs,False,False,False,False,False
tools/prisma-salvage/candidates/mobile_command_center_lineage/products/mobile/app/tools/verify_prisma_app_mobile_24_pulse_timeline.mjs,mobile,,.mjs,False,False,False,False,False
tools/prisma-salvage/candidates/mobile_command_center_lineage/products/mobile/app/tools/verify_prisma_app_mobile_25e_data_plane_type_contract.mjs,mobile,,.mjs,False,False,False,False,False
tools/prisma-salvage/candidates/mobile_command_center_lineage/products/mobile/app/tools/verify_prisma_app_mobile_25f_health_radar_verifier_compat.mjs,mobile,,.mjs,False,False,False,False,False
tools/prisma-salvage/candidates/mobile_command_center_lineage/products/mobile/app/tools/verify_prisma_app_mobile_25_health_radar.mjs,mobile,,.mjs,False,False,False,False,False
tools/prisma-salvage/candidates/mobile_command_center_lineage/products/mobile/app/tools/verify_prisma_app_mobile_26_runtime_error_guard.mjs,mobile,,.mjs,False,False,False,False,False
tools/prisma-salvage/candidates/mobile_command_center_lineage/products/mobile/app/tools/verify_prisma_mobile_health_radar_keys_01.mjs,mobile,,.mjs,False,False,False,False,False
tools/prisma-salvage/candidates/mobile_command_center_lineage/products/mobile/app/tools/verify_prisma_mobile_playstore_readiness.mjs,mobile,,.mjs,False,False,False,False,False
tools/prisma-salvage/candidates/mobile_command_center_lineage/products/mobile/app/tools/verify_prisma_mobile_pwa_readiness.mjs,mobile,,.mjs,False,False,False,False,False
tools/prisma-salvage/candidates/mobile_command_center_lineage/products/mobile/app/src/lib/prisma-app/mobile-data-plane/alerts-policy.ts,mobile,/src/lib/prisma-app/mobile-data-plane/alerts-policy,.ts,False,False,False,False,False
tools/prisma-salvage/candidates/mobile_command_center_lineage/products/mobile/app/src/lib/prisma-app/mobile-data-plane/cash-policy.ts,mobile,/src/lib/prisma-app/mobile-data-plane/cash-policy,.ts,False,False,False,False,False
tools/prisma-salvage/candidates/mobile_command_center_lineage/products/mobile/app/src/lib/prisma-app/mobile-data-plane/config.ts,mobile,/src/lib/prisma-app/mobile-data-plane/config,.ts,False,False,False,False,False
tools/prisma-salvage/candidates/mobile_command_center_lineage/products/mobile/app/src/lib/prisma-app/mobile-data-plane/diagnostics.ts,mobile,/src/lib/prisma-app/mobile-data-plane/diagnostics,.ts,False,False,False,False,False
tools/prisma-salvage/candidates/mobile_command_center_lineage/products/mobile/app/src/lib/prisma-app/mobile-data-plane/endpoint-handlers.ts,mobile,/src/lib/prisma-app/mobile-data-plane/endpoint-handlers,.ts,False,False,False,False,False
tools/prisma-salvage/candidates/mobile_command_center_lineage/products/mobile/app/src/lib/prisma-app/mobile-data-plane/endpoints.ts,mobile,/src/lib/prisma-app/mobile-data-plane/endpoints,.ts,False,False,False,False,False
tools/prisma-salvage/candidates/mobile_command_center_lineage/products/mobile/app/src/lib/prisma-app/mobile-data-plane/extractors.ts,mobile,/src/lib/prisma-app/mobile-data-plane/extractors,.ts,False,False,False,False,False
tools/prisma-salvage/candidates/mobile_command_center_lineage/products/mobile/app/src/lib/prisma-app/mobile-data-plane/http.ts,mobile,/src/lib/prisma-app/mobile-data-plane/http,.ts,False,False,False,False,False
tools/prisma-salvage/candidates/mobile_command_center_lineage/products/mobile/app/src/lib/prisma-app/mobile-data-plane/index.ts,mobile,/src/lib/prisma-app/mobile-data-plane,.ts,False,False,False,False,False
tools/prisma-salvage/candidates/mobile_command_center_lineage/products/mobile/app/src/lib/prisma-app/mobile-data-plane/inventory-adapter.ts,mobile,/src/lib/prisma-app/mobile-data-plane/inventory-adapter,.ts,False,False,False,False,False
tools/prisma-salvage/candidates/mobile_command_center_lineage/products/mobile/app/src/lib/prisma-app/mobile-data-plane/money.ts,mobile,/src/lib/prisma-app/mobile-data-plane/money,.ts,False,False,False,False,False
tools/prisma-salvage/candidates/mobile_command_center_lineage/products/mobile/app/src/lib/prisma-app/mobile-data-plane/outbox-adapter.ts,mobile,/src/lib/prisma-app/mobile-data-plane/outbox-adapter,.ts,False,False,False,False,False
tools/prisma-salvage/candidates/mobile_command_center_lineage/products/mobile/app/src/lib/prisma-app/mobile-data-plane/pc-adapter.ts,mobile,/src/lib/prisma-app/mobile-data-plane/pc-adapter,.ts,False,False,False,False,False
tools/prisma-salvage/candidates/mobile_command_center_lineage/products/mobile/app/src/lib/prisma-app/mobile-data-plane/sales-adapter.ts,mobile,/src/lib/prisma-app/mobile-data-plane/sales-adapter,.ts,False,False,False,False,False
tools/prisma-salvage/candidates/mobile_command_center_lineage/products/mobile/app/src/lib/prisma-app/mobile-data-plane/state-loader.ts,mobile,/src/lib/prisma-app/mobile-data-plane/state-loader,.ts,False,False,False,False,False
tools/prisma-salvage/candidates/mobile_command_center_lineage/products/mobile/app/src/lib/prisma-app/mobile-data-plane/types.ts,mobile,/src/lib/prisma-app/mobile-data-plane/types,.ts,False,False,False,False,False
tools/prisma-salvage/candidates/mobile_command_center_lineage/products/mobile/app/src/components/prisma-app/index.ts,mobile,/src/components/prisma-app,.ts,False,False,False,False,False
tools/prisma-salvage/candidates/mobile_command_center_lineage/products/mobile/app/src/components/prisma-app/prisma-mobile-dashboard.module.css,mobile,,.css,False,True,False,False,True
tools/prisma-salvage/candidates/mobile_command_center_lineage/products/mobile/app/src/components/prisma-app/prisma-mobile-pwa.module.css,mobile,,.css,False,True,True,True,True
tools/prisma-salvage/candidates/mobile_command_center_lineage/products/mobile/app/src/components/prisma-app/PrismaMobileActionInbox.tsx,mobile,/src/components/prisma-app/PrismaMobileActionInbox,.tsx,False,False,False,False,False
tools/prisma-salvage/candidates/mobile_command_center_lineage/products/mobile/app/src/components/prisma-app/PrismaMobileCommandCenter.tsx,mobile,/src/components/prisma-app/PrismaMobileCommandCenter,.tsx,False,False,False,False,False
tools/prisma-salvage/candidates/mobile_command_center_lineage/products/mobile/app/src/components/prisma-app/PrismaMobileDailyBrief.tsx,mobile,/src/components/prisma-app/PrismaMobileDailyBrief,.tsx,False,False,False,False,False
tools/prisma-salvage/candidates/mobile_command_center_lineage/products/mobile/app/src/components/prisma-app/PrismaMobileDashboard.tsx,mobile,/src/components/prisma-app/PrismaMobileDashboard,.tsx,False,False,False,False,False
tools/prisma-salvage/candidates/mobile_command_center_lineage/products/mobile/app/src/components/prisma-app/PrismaMobileDecisionLedger.tsx,mobile,/src/components/prisma-app/PrismaMobileDecisionLedger,.tsx,False,False,False,False,False
tools/prisma-salvage/candidates/mobile_command_center_lineage/products/mobile/app/src/components/prisma-app/PrismaMobileHealthRadar.tsx,mobile,/src/components/prisma-app/PrismaMobileHealthRadar,.tsx,False,False,False,False,False
tools/prisma-salvage/candidates/mobile_command_center_lineage/products/mobile/app/src/components/prisma-app/PrismaMobileMetricCard.tsx,mobile,/src/components/prisma-app/PrismaMobileMetricCard,.tsx,False,False,False,False,False
tools/prisma-salvage/candidates/mobile_command_center_lineage/products/mobile/app/src/components/prisma-app/PrismaMobilePanels.tsx,mobile,/src/components/prisma-app/PrismaMobilePanels,.tsx,False,False,False,False,False
tools/prisma-salvage/candidates/mobile_command_center_lineage/products/mobile/app/src/components/prisma-app/PrismaMobilePulseTimeline.tsx,mobile,/src/components/prisma-app/PrismaMobilePulseTimeline,.tsx,False,False,False,False,False
tools/prisma-salvage/candidates/mobile_command_center_lineage/products/mobile/app/src/components/prisma-app/PrismaMobilePwaInstallCard.tsx,mobile,/src/components/prisma-app/PrismaMobilePwaInstallCard,.tsx,False,False,False,False,False
tools/prisma-salvage/candidates/mobile_command_center_lineage/products/mobile/app/src/components/prisma-app/PrismaMobilePwaInstallPage.tsx,mobile,/src/components/prisma-app/PrismaMobilePwaInstallPage,.tsx,False,False,False,False,False
tools/prisma-salvage/candidates/mobile_command_center_lineage/products/mobile/app/src/components/prisma-app/PrismaMobilePwaRuntime.tsx,mobile,/src/components/prisma-app/PrismaMobilePwaRuntime,.tsx,False,False,False,False,False
tools/prisma-salvage/candidates/mobile_command_center_lineage/products/mobile/app/app/api/mobile/action-inbox/route.ts,mobile,/app/api/mobile/action-inbox/route,.ts,False,False,False,False,False
tools/prisma-salvage/candidates/mobile_command_center_lineage/products/mobile/app/app/api/mobile/alerts/route.ts,mobile,/app/api/mobile/alerts/route,.ts,False,False,False,False,False
tools/prisma-salvage/candidates/mobile_command_center_lineage/products/mobile/app/app/api/mobile/branches/route.ts,mobile,/app/api/mobile/branches/route,.ts,False,False,False,False,False
tools/prisma-salvage/candidates/mobile_command_center_lineage/products/mobile/app/app/api/mobile/command-center/route.ts,mobile,/app/api/mobile/command-center/route,.ts,False,False,False,False,False
tools/prisma-salvage/candidates/mobile_command_center_lineage/products/mobile/app/app/api/mobile/daily-brief/route.ts,mobile,/app/api/mobile/daily-brief/route,.ts,False,False,False,False,False
tools/prisma-salvage/candidates/mobile_command_center_lineage/products/mobile/app/app/api/mobile/decision-ledger/route.ts,mobile,/app/api/mobile/decision-ledger/route,.ts,False,False,False,False,False
tools/prisma-salvage/candidates/mobile_command_center_lineage/products/mobile/app/app/api/mobile/health/route.ts,mobile,/app/api/mobile/health/route,.ts,False,False,False,False,False
tools/prisma-salvage/candidates/mobile_command_center_lineage/products/mobile/app/app/api/mobile/health-radar/route.ts,mobile,/app/api/mobile/health-radar/route,.ts,False,False,False,False,False
tools/prisma-salvage/candidates/mobile_command_center_lineage/products/mobile/app/app/api/mobile/pulse-timeline/route.ts,mobile,/app/api/mobile/pulse-timeline/route,.ts,False,False,False,False,False
tools/prisma-salvage/candidates/mobile_command_center_lineage/products/mobile/app/app/api/mobile/snapshot/route.ts,mobile,/app/api/mobile/snapshot/route,.ts,False,False,False,False,False
tools/prisma-salvage/candidates/mobile_command_center_lineage/products/mobile/app/app/api/mobile/summary/route.ts,mobile,/app/api/mobile/summary/route,.ts,False,False,False,False,False
tools/prisma-salvage/candidates/mobile_command_center_lineage/products/mobile/app/app/api/mobile/sales/today/route.ts,mobile,/app/api/mobile/sales/today/route,.ts,False,False,False,False,False
tools/prisma-salvage/candidates/mobile_command_center_lineage/products/mobile/app/app/api/mobile/reports/daily/route.ts,mobile,/app/api/mobile/reports/daily/route,.ts,False,False,False,False,False
tools/prisma-salvage/candidates/mobile_command_center_lineage/products/mobile/app/app/api/mobile/inventory/watchlist/route.ts,mobile,/app/api/mobile/inventory/watchlist/route,.ts,False,False,False,False,False
tools/prisma-salvage/candidates/mobile_command_center_lineage/products/mobile/app/app/api/mobile/cash/current/route.ts,mobile,/app/api/mobile/cash/current/route,.ts,False,False,False,False,False
tools/prisma-pos-visual-control/backups/visual_force_lock_20260502_230838/products/tablet/app/components/pos/pos.module.css,tablet,,.css,False,True,True,True,True
tools/prisma-pos-visual-control/backups/visual_force_lock_20260502_230838/products/tablet/app/components/pos/pos.visual.tokens.generated.css,tablet,,.css,False,False,False,False,False
tools/prisma-pos-visual-control/backups/visual_force_lock_20260502_230838/products/tablet/app/components/tablet-shell/prisma-tablet-shell.module.css,tablet,,.css,False,True,True,True,True
tools/prisma-pos-visual-control/backups/tune_20260502_230209/products/tablet/app/components/pos/pos.module.css,tablet,,.css,False,True,True,True,True
tools/prisma-pos-visual-control/backups/tune_20260502_230209/products/tablet/app/components/pos/pos.visual.tokens.generated.css,tablet,,.css,False,False,False,False,False
tools/prisma-pos-visual-control/backups/tune_20260502_230209/products/tablet/app/components/tablet-shell/prisma-tablet-shell.module.css,tablet,,.css,False,True,True,True,True
tools/prisma-pos-visual-control/backups/tune_20260502_230125/products/tablet/app/components/pos/pos.module.css,tablet,,.css,False,True,True,True,True
tools/prisma-pos-visual-control/backups/tune_20260502_230125/products/tablet/app/components/pos/pos.visual.tokens.generated.css,tablet,,.css,False,False,False,False,False
tools/prisma-pos-visual-control/backups/tune_20260502_230125/products/tablet/app/components/tablet-shell/prisma-tablet-shell.module.css,tablet,,.css,False,True,True,True,True
tools/prisma-pos-visual-control/backups/tune_20260502_224118/products/tablet/app/components/pos/pos.module.css,tablet,,.css,False,True,True,True,True
tools/prisma-pos-visual-control/backups/tune_20260502_224118/products/tablet/app/components/pos/pos.visual.tokens.generated.css,tablet,,.css,False,False,False,False,False
tools/prisma-pos-visual-control/backups/tune_20260502_224118/products/tablet/app/components/tablet-shell/prisma-tablet-shell.module.css,tablet,,.css,False,True,True,True,True
tools/prisma-pos-visual-control/backups/surface_lock_20260502_225042/products/tablet/app/components/pos/pos-packshots.ts,tablet,,.ts,False,False,False,False,False
tools/prisma-pos-visual-control/backups/surface_lock_20260502_225042/products/tablet/app/components/pos/pos-product-list.tsx,tablet,,.tsx,False,False,False,False,False
tools/prisma-pos-visual-control/backups/surface_lock_20260502_225042/products/tablet/app/components/pos/pos-product-search.tsx,tablet,,.tsx,False,False,False,False,False
tools/prisma-pos-visual-control/backups/surface_lock_20260502_225042/products/tablet/app/components/pos/pos-screen.tsx,tablet,,.tsx,False,False,False,False,False
tools/prisma-pos-visual-control/backups/surface_lock_20260502_225042/products/tablet/app/components/pos/pos-ticket-panel.tsx,tablet,,.tsx,False,False,False,False,False
tools/prisma-pos-visual-control/backups/surface_lock_20260502_225042/products/tablet/app/components/pos/pos.module.css,tablet,,.css,False,True,True,True,True
tools/prisma-pos-visual-control/backups/surface_lock_20260502_225042/products/tablet/app/components/pos/pos.visual.tokens.generated.css,tablet,,.css,False,False,False,False,False
tools/prisma-pos-visual-control/backups/shell_atmosphere_lock_20260502_230107/products/tablet/app/components/pos/pos.module.css,tablet,,.css,False,True,True,True,True
tools/prisma-pos-visual-control/backups/shell_atmosphere_lock_20260502_230107/products/tablet/app/components/tablet-shell/prisma-tablet-shell.module.css,tablet,,.css,False,True,True,True,True
tools/prisma-pos-visual-control/backups/layout_containment_repair_20260503_005718/products/tablet/app/components/pos/pos.module.css,tablet,,.css,False,True,True,True,True
tools/prisma-pos-visual-control/backups/layout_containment_repair_20260503_005718/products/tablet/app/components/tablet-shell/prisma-tablet-shell.module.css,tablet,,.css,False,True,True,True,True
tools/prisma-pos-visual-control/backups/geometry_reset_v03_20260503_020110/_zip_extract/automation/patches/pos.geometry-reset.v03.css,unknown,,.css,False,False,True,False,False
tools/prisma-pos-visual-control/backups/geometry_reset_v03_20260503_020110/_zip_extract/automation/patches/shell.geometry-reset.v03.css,unknown,,.css,False,False,True,False,False
tools/prisma-pos-visual-control/backups/geometry_reset_v03_20260503_020110/files/products/tablet/app/components/pos/pos.module.css,tablet,,.css,False,True,True,True,True
tools/prisma-pos-visual-control/backups/geometry_reset_v03_20260503_020110/files/products/tablet/app/components/tablet-shell/prisma-tablet-shell.module.css,tablet,,.css,False,True,True,True,True
tools/prisma-pos-visual-control/backups/dom_binding_lock_20260502_235848/products/tablet/app/components/pos/pos-screen.tsx,tablet,,.tsx,False,False,False,False,False
tools/prisma-pos-visual-control/backups/dom_alignment_lock_20260502_232717/products/tablet/app/components/pos/pos.module.css,tablet,,.css,False,True,True,True,True
tools/prisma-pos-visual-control/backups/dom_alignment_lock_20260502_232717/products/tablet/app/components/tablet-shell/prisma-tablet-shell.module.css,tablet,,.css,False,True,True,True,True
tools/prisma-app-mobile-25f-health-radar-verifier-compat/backups/PRISMA_APP_MOBILE_25F_HEALTH_RADAR_VERIFIER_COMPAT_FINAL_20260502_v01_20260502_231416/products/mobile/app/tools/verify_prisma_app_mobile_25_health_radar.mjs,mobile,,.mjs,False,False,False,False,False
tools/prisma-app-mobile-25e-type-contract/backups/PRISMA_APP_MOBILE_25E_DATA_PLANE_TYPE_CONTRACT_FINAL_20260502_v01_20260502_230407/products/mobile/app/src/lib/prisma-app/mobile-data-plane/alerts-policy.ts,mobile,/src/lib/prisma-app/mobile-data-plane/alerts-policy,.ts,False,False,False,False,False
tools/prisma-app-mobile-25e-type-contract/backups/PRISMA_APP_MOBILE_25E_DATA_PLANE_TYPE_CONTRACT_FINAL_20260502_v01_20260502_230407/products/mobile/app/src/lib/prisma-app/mobile-data-plane/payload-builders.ts,mobile,/src/lib/prisma-app/mobile-data-plane/payload-builders,.ts,False,False,False,False,False
tooling/licensing/create_dev_signed_license.js,unknown,,.js,False,False,False,False,False
tooling/licensing/verify_signed_license.js,unknown,,.js,False,False,False,False,False
tests/prisma-surfaces/surf-fix6.internal-surfaces.spec.js,unknown,,.js,False,False,False,False,False
styles/prisma-visual-os/prisma-light-operational-pos.tokens.00p.css,unknown,,.css,False,True,False,False,False
styles/prisma-visual-os/prisma-visual-controls.generated.css,unknown,,.css,False,True,False,False,False
styles/prisma-visual-os/prisma-visual-layers.css,unknown,,.css,False,True,True,False,False
shared/licensing/canonical-json.ts,shared,,.ts,False,False,False,False,False
shared/licensing/feature-keys.ts,shared,,.ts,False,False,False,False,False
shared/licensing/feature-resolver.ts,shared,,.ts,False,False,False,False,False
shared/licensing/index.ts,shared,,.ts,False,False,False,False,False
shared/licensing/license-audit-events.ts,shared,,.ts,False,False,False,False,False
shared/licensing/license-errors.ts,shared,,.ts,False,False,False,False,False
shared/licensing/license-gate.ts,shared,,.ts,False,False,False,False,False
shared/licensing/license-governor.ts,shared,,.ts,False,False,False,False,False
shared/licensing/license-loader.ts,shared,,.ts,False,False,False,False,False
shared/licensing/license-normalizer.ts,shared,,.ts,False,False,False,False,False
shared/licensing/license-paths.ts,shared,,.ts,False,False,False,False,False
shared/licensing/license-public-keys.ts,shared,,.ts,False,False,False,False,False
shared/licensing/license-refresh-client.ts,shared,,.ts,False,False,False,False,False
shared/licensing/license-refresh-config.ts,shared,,.ts,False,False,False,False,False
shared/licensing/license-refresh-state.ts,shared,,.ts,False,False,False,False,False
shared/licensing/license-schema.ts,shared,,.ts,False,False,False,False,False
shared/licensing/license-signature.ts,shared,,.ts,False,False,False,False,False
shared/licensing/license-types.ts,shared,,.ts,False,False,False,False,False
shared/licensing/local-license-store.ts,shared,,.ts,False,False,False,False,False
shared/licensing/plan-catalog.ts,shared,,.ts,False,False,False,False,False
shared/licensing/signed-license-types.ts,shared,,.ts,False,False,False,False,False
shared/prisma-charts/prismaChartAdapters.ts,shared,,.ts,False,False,False,False,False
shared/prisma-charts/prismaChartAtlas.ts,shared,,.ts,False,False,False,False,False
shared/prisma-charts/prismaChartContracts.ts,shared,,.ts,False,False,False,False,False
shared/prisma-charts/prismaChartFlags.ts,shared,,.ts,False,False,False,False,False
shared/prisma-charts/prismaChartFormatters.ts,shared,,.ts,False,False,False,False,False
shared/prisma-charts/prismaChartIntentDictionary.ts,shared,,.ts,False,False,False,False,False
shared/prisma-charts/prismaChartMocks.ts,shared,,.ts,False,False,False,False,False
shared/prisma-charts/prismaChartOptions.ts,shared,,.ts,False,True,False,False,True
shared/prisma-charts/prismaChartQuality.ts,shared,,.ts,False,False,False,False,False
shared/prisma-charts/prismaChartRegistry.ts,shared,,.ts,False,False,False,False,False
shared/prisma-charts/prismaChartTheme.ts,shared,,.ts,False,True,False,False,False
shared/prisma-charts/prismaChartThemes.ts,shared,,.ts,False,False,False,False,False
shared/prisma-charts/prismaChartTokens.ts,shared,,.ts,False,True,False,False,False
shared/prisma-charts/PrismaEChart.tsx,shared,,.tsx,False,False,False,False,False
shared/prisma-charts/prismaEchartsLoader.ts,shared,,.ts,False,False,False,False,False
shared/runtime/device-identity.ts,shared,,.ts,False,False,False,False,False
shared/runtime/index.ts,shared,,.ts,False,False,False,False,False
shared/runtime/runtime-context-resolver.ts,shared,,.ts,False,False,False,False,False
shared/runtime/runtime-context-types.ts,shared,,.ts,False,False,False,False,False
shared/runtime/runtime-context-validator.ts,shared,,.ts,False,False,False,False,False
shared/runtime/runtime-paths.ts,shared,,.ts,False,False,False,False,False
shared/twin-kernel/src/index.ts,shared,,.ts,False,False,False,False,False
shared/twin-kernel/src/data/twin-capability-manifest.ts,shared,,.ts,False,False,False,False,False
shared/twin-kernel/src/data/twin-parity-matrix.ts,shared,,.ts,False,False,False,False,False
shared/twin-kernel/src/runtime/module-registry.ts,shared,,.ts,False,False,False,False,False
shared/twin-kernel/src/runtime/twin-capability-registry.ts,shared,,.ts,False,False,False,False,False
shared/twin-kernel/src/sync/catalog-delta.ts,shared,,.ts,False,False,False,False,False
shared/twin-kernel/src/sync/events.ts,shared,,.ts,False,False,False,False,False
shared/twin-kernel/src/sync/twin-capability-events.ts,shared,,.ts,False,False,False,False,False
shared/twin-kernel/src/types/capability.ts,shared,,.ts,False,False,False,False,False
shared/twin-kernel/src/types/module.ts,shared,,.ts,False,False,False,False,False
shared/twin-kernel/src/validation/twin-capability-validator.ts,shared,,.ts,False,False,False,False,False
shared/prisma-charts/passports/mobile.action-inbox-priority-stack.passport.ts,shared,,.ts,False,False,False,False,False
shared/prisma-charts/passports/mobile.confidence-meter-bands.passport.ts,shared,,.ts,False,False,False,False,False
shared/prisma-charts/passports/mobile.freshness-beacon-grid.passport.ts,shared,,.ts,False,False,False,False,False
shared/prisma-charts/passports/mobile.health-radar-compact.passport.ts,shared,,.ts,False,False,False,False,False
shared/prisma-charts/passports/mobile.incident-spark-cards.passport.ts,shared,,.ts,False,False,False,False,False
shared/prisma-charts/passports/mobile.owner-pulse-timeline.passport.ts,shared,,.ts,False,False,False,False,False
shared/prisma-charts/passports/ops.operational-density-heatmap.passport.ts,shared,,.ts,False,False,False,False,False
shared/prisma-charts/passports/passportShared.ts,shared,,.ts,False,False,False,False,False
shared/prisma-charts/passports/pc.causal-flow-ribbon.passport.ts,shared,,.ts,False,False,False,False,False
shared/prisma-charts/passports/pc.decision-ledger-timeline.passport.ts,shared,,.ts,False,False,False,False,False
shared/prisma-charts/passports/pc.financial-operational-waterfall.passport.ts,shared,,.ts,False,False,False,False,False
shared/prisma-charts/passports/pc.inventory-risk-treemap.passport.ts,shared,,.ts,False,False,False,False,False
shared/prisma-charts/passports/pc.operational-density-field.passport.ts,shared,,.ts,False,False,False,False,False
shared/prisma-charts/passports/pc.service-dependency-graph.passport.ts,shared,,.ts,False,False,False,False,False
shared/prisma-charts/passports/pc.sync-command-lifecycle-timeline.passport.ts,shared,,.ts,False,False,False,False,False
shared/prisma-charts/passports/pc.tablet-catalog-freshness-grid.passport.ts,shared,,.ts,False,False,False,False,False
shared/prisma-charts/passports/tablet.shift-pulse-strip.passport.ts,shared,,.ts,False,False,False,False,False
shared/prisma-charts/passports/tablet.sync-outbox-status-matrix.passport.ts,shared,,.ts,False,False,False,False,False
shared/prisma-charts/recipes/bandsRecipe.ts,shared,,.ts,False,False,False,False,False
shared/prisma-charts/recipes/densityRecipe.ts,shared,,.ts,False,False,False,False,False
shared/prisma-charts/recipes/flowRecipe.ts,shared,,.ts,False,False,False,False,False
shared/prisma-charts/recipes/index.ts,shared,,.ts,False,False,False,False,False
shared/prisma-charts/recipes/matrixRecipe.ts,shared,,.ts,False,False,False,False,False
shared/prisma-charts/recipes/networkRecipe.ts,shared,,.ts,False,False,False,False,False
shared/prisma-charts/recipes/radarRecipe.ts,shared,,.ts,False,False,False,False,False
shared/prisma-charts/recipes/recipeTypes.ts,shared,,.ts,False,False,False,False,False
shared/prisma-charts/recipes/ringsRecipe.ts,shared,,.ts,False,False,False,False,False
shared/prisma-charts/recipes/sparksRecipe.ts,shared,,.ts,False,False,False,False,False
shared/prisma-charts/recipes/stackRecipe.ts,shared,,.ts,False,False,False,False,False
shared/prisma-charts/recipes/stripRecipe.ts,shared,,.ts,False,False,False,False,False
shared/prisma-charts/recipes/timelineRecipe.ts,shared,,.ts,False,False,False,False,False
shared/prisma-charts/recipes/treemapRecipe.ts,shared,,.ts,False,False,False,False,False
shared/prisma-charts/recipes/waterfallRecipe.ts,shared,,.ts,False,False,False,False,False
shared/prisma-charts/state-gallery/index.ts,shared,,.ts,False,False,False,False,False
shared/prisma-charts/state-gallery/prismaChartStates.ts,shared,,.ts,False,False,False,False,False
quality/bin/prisma-quality.mjs,unknown,,.mjs,False,False,False,False,False
quality/core/automation-catalog.mjs,unknown,,.mjs,False,False,False,False,False
quality/core/checksums.mjs,unknown,,.mjs,False,False,False,False,False
quality/core/command-runner.mjs,unknown,,.mjs,False,False,False,False,False
quality/core/console-summary.mjs,unknown,,.mjs,False,False,False,False,False
quality/core/customer-assurance.mjs,unknown,,.mjs,False,False,False,False,False
quality/core/decision-engine.mjs,unknown,,.mjs,False,False,False,False,False
quality/core/environment-snapshot.mjs,unknown,,.mjs,False,False,False,False,False
quality/core/evidence-writer.mjs,unknown,,.mjs,False,False,False,False,False
quality/core/gate-normalizer.mjs,unknown,,.mjs,False,False,False,False,False
quality/core/http-probe.mjs,unknown,,.mjs,False,False,False,False,False
quality/core/kernel.mjs,unknown,,.mjs,False,False,False,False,False
quality/core/output-validator.mjs,unknown,,.mjs,False,False,False,False,False
quality/core/package-scripts.mjs,unknown,,.mjs,False,False,False,False,False
quality/core/paths.mjs,unknown,,.mjs,False,False,False,False,False
quality/core/phase-exit.mjs,unknown,,.mjs,False,False,False,False,False
quality/core/profile-runner.mjs,unknown,,.mjs,False,False,False,False,False
quality/core/redaction.mjs,unknown,,.mjs,False,False,False,False,False
quality/core/report-writer.mjs,unknown,,.mjs,False,False,False,False,False
quality/core/result-types.mjs,unknown,,.mjs,False,False,False,False,False
quality/core/safe-json.mjs,unknown,,.mjs,False,False,False,False,False
quality/core/scenario-runner.mjs,unknown,,.mjs,False,False,False,False,False
quality/core/self-test.mjs,unknown,,.mjs,False,False,False,False,False
quality/core/severity.mjs,unknown,,.mjs,False,False,False,False,False
quality/gates/C1.mjs,unknown,,.mjs,False,False,False,False,False
quality/gates/C2.mjs,unknown,,.mjs,False,False,False,True,False
quality/gates/C3.mjs,unknown,,.mjs,False,False,False,False,False
quality/gates/C4.mjs,unknown,,.mjs,False,False,False,False,False
quality/gates/C5.mjs,unknown,,.mjs,False,False,False,False,False
quality/gates/C6.mjs,unknown,,.mjs,False,False,False,False,False
quality/gates/C7.mjs,unknown,,.mjs,False,False,False,False,False
quality/gates/Q0.mjs,unknown,,.mjs,False,False,False,False,False
quality/gates/Q1.mjs,unknown,,.mjs,False,False,False,False,False
quality/gates/Q11.mjs,unknown,,.mjs,False,False,False,False,False
quality/gates/Q13.mjs,unknown,,.mjs,False,False,False,False,False
quality/gates/Q14.mjs,unknown,,.mjs,False,False,False,False,False
quality/gates/Q15.mjs,unknown,,.mjs,False,False,False,False,False
quality/gates/Q16.mjs,unknown,,.mjs,False,False,False,False,False
quality/gates/Q17.mjs,unknown,,.mjs,False,False,False,False,False
quality/gates/Q18.mjs,unknown,,.mjs,False,False,False,False,False
quality/gates/Q19.mjs,unknown,,.mjs,False,False,False,False,False
quality/gates/Q2.mjs,unknown,,.mjs,False,False,False,False,False
quality/gates/Q20.mjs,unknown,,.mjs,False,False,False,False,False
quality/gates/Q21.mjs,unknown,,.mjs,False,False,False,False,False
quality/gates/Q22.mjs,unknown,,.mjs,False,False,False,False,False
quality/gates/Q23.mjs,unknown,,.mjs,False,False,False,False,False
quality/gates/Q24.mjs,unknown,,.mjs,False,False,False,False,False
quality/gates/Q25.mjs,unknown,,.mjs,False,False,False,False,False
quality/gates/Q26.mjs,unknown,,.mjs,False,False,False,False,False
quality/gates/Q27.mjs,unknown,,.mjs,False,False,False,False,False
quality/gates/Q28.mjs,unknown,,.mjs,False,False,False,False,False
quality/gates/Q29.mjs,unknown,,.mjs,False,False,False,False,False
quality/gates/Q3.mjs,unknown,,.mjs,False,False,False,False,False
quality/gates/Q30.mjs,unknown,,.mjs,False,False,False,False,False
quality/gates/Q31.mjs,unknown,,.mjs,False,False,False,False,False
quality/gates/Q4.mjs,unknown,,.mjs,False,False,False,False,False
quality/gates/Q5.mjs,unknown,,.mjs,False,False,False,False,False
quality/gates/Q6.mjs,unknown,,.mjs,False,False,False,False,False
quality/gates/Q7.mjs,unknown,,.mjs,False,False,False,False,False
quality/gates/Q8.mjs,unknown,,.mjs,False,False,False,False,False
quality/gates/Q9.mjs,unknown,,.mjs,False,False,False,False,False
quality/gates/_phase5_release_operator_readiness_common.mjs,unknown,,.mjs,False,False,False,False,False
quality/inspectors/destructive_command_scanner.mjs,unknown,,.mjs,False,False,False,False,False
quality/inspectors/generated_artifact_scanner.mjs,unknown,,.mjs,False,False,False,False,False
quality/inspectors/git_inspector.mjs,unknown,,.mjs,False,False,False,False,False
quality/inspectors/import_boundary_inspector.mjs,unknown,,.mjs,False,False,False,False,False
quality/inspectors/migration_inspector.mjs,unknown,,.mjs,False,False,False,False,False
quality/inspectors/observability_inspector.mjs,unknown,,.mjs,False,False,False,False,False
quality/inspectors/outbox_sync_inspector.mjs,unknown,,.mjs,False,False,False,False,False
quality/inspectors/package_script_inspector.mjs,unknown,,.mjs,False,False,False,False,False
quality/inspectors/prisma_schema_inspector.mjs,unknown,,.mjs,False,False,False,False,False
quality/inspectors/repo_inspector.mjs,unknown,,.mjs,False,False,False,False,False
quality/inspectors/secret_scanner.mjs,unknown,,.mjs,False,False,False,False,False
quality/inspectors/tool_availability_inspector.mjs,unknown,,.mjs,False,False,False,False,False
quality/tests/customer-assurance-smoke.mjs,unknown,,.mjs,False,False,False,False,False
quality/tests/quality-smoke.mjs,unknown,,.mjs,False,False,False,False,False
products/web/app/next-env.d.ts,unknown,,.ts,False,False,False,False,False
products/web/app/next.config.mjs,unknown,,.mjs,False,False,False,False,False
products/web/app/app/globals.css,unknown,,.css,False,True,True,True,True
products/web/app/app/layout.tsx,unknown,/app,.tsx,False,False,False,False,False
products/web/app/app/page.tsx,unknown,/app,.tsx,False,False,False,False,False
products/web/app/scripts/verify-surface-visual-governor-pilot11-eit-web-sober.mjs,unknown,,.mjs,False,False,False,False,True
products/web/app/tools/off-release-gate.mjs,unknown,,.mjs,False,False,False,False,False
products/web/app/src/components/EitLandingPage.tsx,unknown,,.tsx,False,False,False,False,False
products/web/app/src/lib/eit-site-model.ts,unknown,,.ts,False,False,False,False,False
products/web/app/app/surface-governor-public-sober/page.tsx,unknown,/app/surface-governor-public-sober,.tsx,False,True,False,False,False
products/web/app/app/surface-governor-public-sober/prisma-eit-public-sober-shell.module.css,unknown,,.css,False,True,True,True,False
products/tablet/app/next-env.d.ts,tablet,,.ts,False,False,False,False,False
products/tablet/app/next.config.mjs,tablet,,.mjs,False,False,False,False,False
products/tablet/app/app/error.tsx,tablet,,.tsx,False,False,False,False,False
products/tablet/app/app/globals.css,tablet,,.css,True,True,True,True,True
products/tablet/app/app/layout.tsx,tablet,/app,.tsx,False,False,False,False,False
products/tablet/app/app/not-found.tsx,tablet,,.tsx,False,False,False,False,False
products/tablet/app/app/page.tsx,tablet,/app,.tsx,True,True,False,False,False
products/tablet/app/app/prisma-tablet-light-premium-final.css,tablet,,.css,False,True,True,True,True
products/tablet/app/app/prisma-tablet-light-shell.module.css,tablet,,.css,True,True,True,True,True
products/tablet/app/prisma/seed.tablet-pos.ts,tablet,,.ts,False,False,False,False,False
products/tablet/app/scripts/tablet-db.mjs,tablet,,.mjs,False,False,False,False,False
products/tablet/app/scripts/tablet-runtime-gates.mjs,tablet,,.mjs,False,False,False,False,False
products/tablet/app/scripts/tablet-seed-catalog.mjs,tablet,,.mjs,False,False,False,False,False
products/tablet/app/scripts/verify-surface-visual-governor-fuji-visible-fix1.mjs,tablet,,.mjs,True,True,False,False,True
products/tablet/app/scripts/verify-surface-visual-governor-pilot05.mjs,tablet,,.mjs,True,True,False,False,True
products/tablet/app/scripts/verify-surface-visual-governor-pilot06-pos-gate.mjs,tablet,,.mjs,False,True,False,False,False
products/tablet/app/scripts/verify-surface-visual-governor-pilot07-pos-light-safe.mjs,tablet,,.mjs,True,True,False,False,True
products/tablet/app/scripts/verify-surface-visual-governor-pilot08-checkout-light-safe.mjs,tablet,,.mjs,True,True,False,False,True
products/tablet/app/tools/capture_prisma_visual_os_pos_golden_qa_00c.mjs,tablet,,.mjs,False,False,False,False,False
products/tablet/app/tools/score_prisma_visual_os_pos_golden_qa_00c.mjs,tablet,,.mjs,False,False,False,False,True
products/tablet/app/tools/score_prisma_visual_os_pos_touch_binding_00b.mjs,tablet,,.mjs,False,False,False,False,False
products/tablet/app/tools/verify_pos_api_01b.mjs,tablet,,.mjs,False,False,False,False,False
products/tablet/app/tools/verify_pos_engine_01a.mjs,tablet,,.mjs,False,False,False,False,False
products/tablet/app/tools/verify_pos_events_reports_01d.mjs,tablet,,.mjs,False,False,False,False,False
products/tablet/app/tools/verify_pos_golden_flow_hold_carts_04g.mjs,tablet,,.mjs,False,False,False,False,False
products/tablet/app/tools/verify_pos_touch_only_actions_04h.mjs,tablet,,.mjs,False,False,False,False,False
products/tablet/app/tools/verify_prisma_pos_geometry_reset_260503_v03.mjs,tablet,,.mjs,False,False,False,False,False
products/tablet/app/tools/verify_prisma_pos_layout_containment_repair_260503.mjs,tablet,,.mjs,False,False,False,False,False
products/tablet/app/tools/verify_prisma_pos_visual_dom_binding_lock_260503_v02.mjs,tablet,,.mjs,False,False,False,False,False
products/tablet/app/tools/verify_prisma_tablet_background_atmospheric_v4.mjs,tablet,,.mjs,True,True,False,False,False
products/tablet/app/tools/verify_prisma_tablet_background_atmospheric_v5.mjs,tablet,,.mjs,True,True,True,False,False
products/tablet/app/tools/verify_prisma_tablet_background_liquid_operations_v6.mjs,tablet,,.mjs,True,True,True,False,False
products/tablet/app/tools/verify_prisma_tablet_background_storm_glass_v8.mjs,tablet,,.mjs,True,True,False,False,True
products/tablet/app/tools/verify_prisma_tablet_bg_asset_resolver_v11.mjs,tablet,,.mjs,False,True,False,False,False
products/tablet/app/tools/verify_prisma_tablet_bg_asset_resolver_v12.mjs,tablet,,.mjs,False,True,False,False,False
products/tablet/app/tools/verify_prisma_tablet_cart_engine_exports_260503.mjs,tablet,,.mjs,False,False,False,False,False
products/tablet/app/tools/verify_prisma_tablet_cart_engine_exports_260503_v02.mjs,tablet,,.mjs,False,False,False,False,False
products/tablet/app/tools/verify_prisma_tablet_catalog_edit_drawer_fix_01.mjs,tablet,,.mjs,False,False,False,False,False
products/tablet/app/tools/verify_prisma_tablet_checkout_finalization_31.mjs,tablet,,.mjs,False,False,False,False,False
products/tablet/app/tools/verify_prisma_tablet_ice_glass_cleanup_01.mjs,tablet,,.mjs,False,False,False,False,False
products/tablet/app/tools/verify_prisma_tablet_logo_injection_01.mjs,tablet,,.mjs,False,False,False,False,False
products/tablet/app/tools/verify_prisma_tablet_logo_transparent_asset_fix_01.mjs,tablet,,.mjs,False,False,False,False,False
products/tablet/app/tools/verify_prisma_tablet_packshot_engine_01.mjs,tablet,,.mjs,False,False,False,False,False
products/tablet/app/tools/verify_prisma_tablet_packshot_engine_02.mjs,tablet,,.mjs,False,False,False,False,False
products/tablet/app/tools/verify_prisma_tablet_packshot_engine_03.mjs,tablet,,.mjs,False,False,False,False,False
products/tablet/app/tools/verify_prisma_tablet_pos_checkout_shift_autofix_00s.mjs,tablet,,.mjs,False,False,False,False,False
products/tablet/app/tools/verify_prisma_tablet_pos_light_operational_00q.mjs,tablet,,.mjs,False,False,False,False,False
products/tablet/app/tools/verify_prisma_tablet_pos_real_checkout_flow_00r.mjs,tablet,,.mjs,False,False,False,False,False
products/tablet/app/tools/verify_prisma_tablet_sidebar_glass_cleanup_fix_01.mjs,tablet,,.mjs,False,False,False,False,False
products/tablet/app/tools/verify_prisma_tablet_sidebar_groups_order_fix_01.mjs,tablet,,.mjs,False,False,False,False,False
products/tablet/app/tools/verify_prisma_tablet_sidebar_premium_vender_fix_01.mjs,tablet,,.mjs,False,False,False,False,False
products/tablet/app/tools/verify_prisma_tablet_visionos_glass_pass_02.mjs,tablet,,.mjs,False,False,False,False,False
products/tablet/app/tools/verify_prisma_tablet_visual_controlled_00f_00i.mjs,tablet,,.mjs,False,False,False,False,False
products/tablet/app/tools/verify_prisma_tablet_visual_gallery_routes_01.mjs,tablet,,.mjs,False,True,False,False,False
products/tablet/app/tools/verify_prisma_visual_os_pos_golden_qa_00c.mjs,tablet,,.mjs,False,False,False,False,False
products/tablet/app/tools/verify_prisma_visual_os_pos_touch_binding_00b.mjs,tablet,,.mjs,False,False,False,False,False
products/tablet/app/tools/verify_tablet_03_canon_release_base_260502.mjs,tablet,,.mjs,False,False,False,False,False
products/tablet/app/tools/verify_tablet_03_pos_unificado.mjs,tablet,,.mjs,False,False,False,False,False
products/tablet/app/tools/verify_tablet_04_offline_export.mjs,tablet,,.mjs,False,False,False,False,False
products/tablet/app/tools/verify_tablet_05_release_readiness.mjs,tablet,,.mjs,False,False,False,False,False
products/tablet/app/tools/verify_tablet_api_smoke_01.mjs,tablet,,.mjs,False,False,False,False,False
products/tablet/app/tools/verify_tablet_cart_engine_03d_cases.mjs,tablet,,.mjs,False,False,False,False,False
products/tablet/app/tools/verify_tablet_catalog_products_03.mjs,tablet,,.mjs,False,False,False,False,False
products/tablet/app/tools/verify_tablet_catalog_pull_target_business_0506.mjs,tablet,,.mjs,False,False,False,False,False
products/tablet/app/tools/verify_tablet_catalog_stock_selling_assist_03j_03k.mjs,tablet,,.mjs,False,False,False,False,False
products/tablet/app/tools/verify_tablet_catalog_stock_selling_assist_extended_03j_03k.mjs,tablet,,.mjs,False,False,False,False,False
products/tablet/app/tools/verify_tablet_catalog_stock_selling_assist_no_tech_copy_03j_03k.mjs,tablet,,.mjs,False,False,False,False,False
products/tablet/app/tools/verify_tablet_catalog_stock_selling_assist_regression_03j_03k.mjs,tablet,,.mjs,False,False,False,False,False
products/tablet/app/tools/verify_tablet_catalog_stock_selling_assist_route_smokes_03j_03k.mjs,tablet,,.mjs,False,False,False,False,False
products/tablet/app/tools/verify_tablet_contextual_export_reports_03n.mjs,tablet,,.mjs,False,False,False,False,False
products/tablet/app/tools/verify_tablet_contextual_export_reports_extended_03n.mjs,tablet,,.mjs,False,False,False,False,False
products/tablet/app/tools/verify_tablet_contextual_export_reports_no_tech_copy_03n.mjs,tablet,,.mjs,False,False,False,False,False
products/tablet/app/tools/verify_tablet_contextual_export_reports_regression_03n.mjs,tablet,,.mjs,False,False,False,False,False
products/tablet/app/tools/verify_tablet_contextual_export_reports_route_smokes_03n.mjs,tablet,,.mjs,False,False,False,False,False
products/tablet/app/tools/verify_tablet_contextual_export_reports_vectors_03n.mjs,tablet,,.mjs,False,False,False,False,False
products/tablet/app/tools/verify_tablet_db_runtime_01.mjs,tablet,,.mjs,False,False,False,False,False
products/tablet/app/tools/verify_tablet_durable_sale_03.mjs,tablet,,.mjs,False,False,False,False,False
products/tablet/app/tools/verify_tablet_exports_04.mjs,tablet,,.mjs,False,False,False,False,False
products/tablet/app/tools/verify_tablet_flow_guided_sidebar_04i.mjs,tablet,,.mjs,False,False,False,False,False
products/tablet/app/tools/verify_tablet_functional_visual_cleanup_0605.mjs,tablet,,.mjs,False,False,False,False,False
products/tablet/app/tools/verify_tablet_home_view_model_03c_cases.mjs,tablet,,.mjs,False,False,False,False,False
products/tablet/app/tools/verify_tablet_http_smoke_05.mjs,tablet,,.mjs,False,False,False,False,False
products/tablet/app/tools/verify_tablet_i01_runtime.mjs,tablet,,.mjs,False,False,False,False,False
products/tablet/app/tools/verify_tablet_i02_catalogo.mjs,tablet,,.mjs,False,False,False,False,False
products/tablet/app/tools/verify_tablet_i03a_ticket_detail.mjs,tablet,,.mjs,False,False,False,False,False
products/tablet/app/tools/verify_tablet_installation_manifest_03b_03c_03d.mjs,tablet,,.mjs,False,False,False,False,False
products/tablet/app/tools/verify_tablet_license_missing_fallback.mjs,tablet,,.mjs,False,False,False,False,False
products/tablet/app/tools/verify_tablet_license_missing_fallback_260520.mjs,tablet,,.mjs,False,False,False,False,False
products/tablet/app/tools/verify_tablet_local_admin_security_01.mjs,tablet,,.mjs,False,False,False,False,False
products/tablet/app/tools/verify_tablet_mass_catalog_04b.mjs,tablet,,.mjs,False,False,False,False,False
products/tablet/app/tools/verify_tablet_mixed_payment_contract_01.mjs,tablet,,.mjs,False,False,False,False,False
products/tablet/app/tools/verify_tablet_no_filler_gate_03b_03c_03d.mjs,tablet,,.mjs,False,False,False,False,False
products/tablet/app/tools/verify_tablet_no_pc_dependency_05.mjs,tablet,,.mjs,False,False,False,False,False
products/tablet/app/tools/verify_tablet_offline_outbox_04.mjs,tablet,,.mjs,False,False,False,False,False
products/tablet/app/tools/verify_tablet_operable_release_gate_03z.mjs,tablet,,.mjs,False,False,False,False,False
products/tablet/app/tools/verify_tablet_operable_release_gate_capture_manifest_03z.mjs,tablet,,.mjs,False,False,False,False,False
products/tablet/app/tools/verify_tablet_operable_release_gate_integral_03z.mjs,tablet,,.mjs,False,False,False,False,False
products/tablet/app/tools/verify_tablet_operable_release_gate_no_placeholder_03z.mjs,tablet,,.mjs,False,False,False,False,False
products/tablet/app/tools/verify_tablet_operable_release_gate_route_graph_03z.mjs,tablet,,.mjs,False,False,False,False,False
products/tablet/app/tools/verify_tablet_operable_release_gate_vectors_03z.mjs,tablet,,.mjs,False,False,False,False,False
products/tablet/app/tools/verify_tablet_operable_release_gate_visual_tokens_03z.mjs,tablet,,.mjs,False,False,False,False,False
products/tablet/app/tools/verify_tablet_operational_gate_01.mjs,tablet,,.mjs,False,False,False,False,False
products/tablet/app/tools/verify_tablet_operational_priorities_03c_cases.mjs,tablet,,.mjs,False,False,False,False,False
products/tablet/app/tools/verify_tablet_operational_today_04.mjs,tablet,,.mjs,False,False,False,False,False
products/tablet/app/tools/verify_tablet_outbox_contract_03.mjs,tablet,,.mjs,False,False,False,False,False
products/tablet/app/tools/verify_tablet_package_integrity_05.mjs,tablet,,.mjs,False,False,False,False,False
products/tablet/app/tools/verify_tablet_package_scripts_01.mjs,tablet,,.mjs,False,False,False,False,False
products/tablet/app/tools/verify_tablet_payment_sales_returns_casebook_03e_03i.mjs,tablet,,.mjs,False,False,False,False,False
products/tablet/app/tools/verify_tablet_payment_sales_returns_flow_03e_03i.mjs,tablet,,.mjs,False,False,False,False,False
products/tablet/app/tools/verify_tablet_payment_sales_returns_regression_03e_03i.mjs,tablet,,.mjs,False,False,False,False,False
products/tablet/app/tools/verify_tablet_payment_sales_returns_route_graph_03e_03i.mjs,tablet,,.mjs,False,False,False,False,False
products/tablet/app/tools/verify_tablet_pending_offline_sync_panel_03m.mjs,tablet,,.mjs,False,False,False,False,False
products/tablet/app/tools/verify_tablet_pending_offline_sync_panel_extended_03m.mjs,tablet,,.mjs,False,False,False,False,False
products/tablet/app/tools/verify_tablet_pending_offline_sync_panel_no_tech_copy_03m.mjs,tablet,,.mjs,False,False,False,False,False
products/tablet/app/tools/verify_tablet_pending_offline_sync_panel_regression_03m.mjs,tablet,,.mjs,False,False,False,False,False
products/tablet/app/tools/verify_tablet_pending_offline_sync_panel_route_smokes_03m.mjs,tablet,,.mjs,False,False,False,False,False
products/tablet/app/tools/verify_tablet_pending_offline_sync_panel_vectors_03m.mjs,tablet,,.mjs,False,False,False,False,False
products/tablet/app/tools/verify_tablet_pos_checkout_02.mjs,tablet,,.mjs,False,False,False,False,False
products/tablet/app/tools/verify_tablet_pos_density_search_cards_05c.mjs,tablet,,.mjs,False,True,False,False,False
products/tablet/app/tools/verify_tablet_pos_touch_ui_02.mjs,tablet,,.mjs,False,False,False,False,False
products/tablet/app/tools/verify_tablet_release_standalone_05.mjs,tablet,,.mjs,False,False,False,False,False
products/tablet/app/tools/verify_tablet_returns_contextual_0506.mjs,tablet,,.mjs,False,True,False,False,False
products/tablet/app/tools/verify_tablet_route_contract_03b.mjs,tablet,,.mjs,False,False,False,False,False
products/tablet/app/tools/verify_tablet_runtime_builder_03b_cases.mjs,tablet,,.mjs,False,False,False,False,False
products/tablet/app/tools/verify_tablet_runtime_home_03b_03c_deep.mjs,tablet,,.mjs,False,False,False,False,True
products/tablet/app/tools/verify_tablet_runtime_preflight_01.mjs,tablet,,.mjs,False,False,False,False,False
products/tablet/app/tools/verify_tablet_runtime_snapshot_03b.mjs,tablet,,.mjs,False,False,False,False,False
products/tablet/app/tools/verify_tablet_sales_history_reset_01.mjs,tablet,,.mjs,False,False,False,False,False
products/tablet/app/tools/verify_tablet_screen_standard_01a.mjs,tablet,,.mjs,False,False,False,False,True
products/tablet/app/tools/verify_tablet_sell_cart_03d.mjs,tablet,,.mjs,False,False,False,False,False
products/tablet/app/tools/verify_tablet_sell_checkout_payment_04a.mjs,tablet,,.mjs,False,False,False,False,False
products/tablet/app/tools/verify_tablet_shift_cash_closure_03l.mjs,tablet,,.mjs,False,False,False,False,False
products/tablet/app/tools/verify_tablet_shift_cash_closure_cash_math_vectors_03l.mjs,tablet,,.mjs,False,False,False,False,False
products/tablet/app/tools/verify_tablet_shift_cash_closure_extended_03l.mjs,tablet,,.mjs,False,False,False,False,False
products/tablet/app/tools/verify_tablet_shift_cash_closure_no_tech_copy_03l.mjs,tablet,,.mjs,False,False,False,False,False
products/tablet/app/tools/verify_tablet_shift_cash_closure_regression_03l.mjs,tablet,,.mjs,False,False,False,False,False
products/tablet/app/tools/verify_tablet_shift_cash_closure_route_smokes_03l.mjs,tablet,,.mjs,False,False,False,False,False
products/tablet/app/tools/verify_tablet_standalone_core_closeout_02.mjs,tablet,,.mjs,False,False,False,False,False
products/tablet/app/tools/verify_tablet_standalone_full_engine_01.mjs,tablet,,.mjs,False,False,False,False,False
products/tablet/app/tools/verify_tablet_stock_movement_audit_03.mjs,tablet,,.mjs,False,False,False,False,False
products/tablet/app/tools/verify_tablet_stock_nav_hotfix_01b.mjs,tablet,,.mjs,False,False,False,False,False
products/tablet/app/tools/verify_tablet_stock_screen_01a.mjs,tablet,,.mjs,False,False,False,False,False
products/tablet/app/tools/verify_tablet_sync_dispatcher_01.mjs,tablet,,.mjs,False,False,False,False,False
products/tablet/app/tools/verify_tablet_ticket_license_bundle_01.mjs,tablet,,.mjs,False,False,False,False,False
products/tablet/app/tools/verify_tablet_touch_nav_audit_rescue_04j.mjs,tablet,,.mjs,False,False,False,False,False
products/tablet/app/tools/verify_tablet_touch_pos_ui_03.mjs,tablet,,.mjs,False,False,False,False,False
products/tablet/app/tools/verify_tablet_ux_operable_01.mjs,tablet,,.mjs,False,False,False,False,False
products/tablet/app/types/framework-shims.d.ts,tablet,,.ts,False,False,False,False,False
products/tablet/app/types/prisma-shim.d.ts,tablet,,.ts,False,False,False,False,False
products/tablet/app/tools/playwright/tablet_payment_sales_returns_flow_03e_03i.spec.ts,tablet,,.ts,False,False,False,False,False
products/tablet/app/src/composition/module-registry.ts,tablet,,.ts,False,False,False,False,False
products/tablet/app/src/composition/navigation.ts,tablet,,.ts,False,False,False,False,False
products/tablet/app/src/composition/twin-capabilities.ts,tablet,,.ts,False,False,False,False,False
products/tablet/app/src/lib/utils.ts,tablet,,.ts,False,False,False,False,False
products/tablet/app/src/prisma-surface-governor/surface-runtime-adapter.ts,tablet,,.ts,False,False,False,False,False
products/tablet/app/src/visual-os/realtime/prisma-realtime-client.ts,tablet,,.ts,False,False,False,False,False
products/tablet/app/src/server/licensing/tablet-license-api.ts,tablet,,.ts,False,False,False,False,False
products/tablet/app/src/server/licensing/tablet-license-refresh.ts,tablet,,.ts,False,False,False,False,False
products/tablet/app/src/server/licensing/tablet-license-service.ts,tablet,,.ts,False,False,False,False,False
products/tablet/app/src/server/local-catalog/index.ts,tablet,,.ts,False,False,False,False,False
products/tablet/app/src/server/operable-release-gate/index.ts,tablet,,.ts,False,False,False,False,False
products/tablet/app/src/server/pos-api/errors.ts,tablet,,.ts,False,False,False,False,False
products/tablet/app/src/server/pos-api/local-admin.prisma.ts,tablet,,.ts,False,False,False,False,False
products/tablet/app/src/server/pos-api/product-mutation-validators.ts,tablet,,.ts,False,False,False,False,False
products/tablet/app/src/server/pos-api/product-mutations.prisma.ts,tablet,,.ts,False,False,False,False,False
products/tablet/app/src/server/pos-api/product-queries.prisma.ts,tablet,,.ts,False,False,False,False,False
products/tablet/app/src/server/pos-api/responses.ts,tablet,,.ts,False,False,False,False,False
products/tablet/app/src/server/pos-api/return-validators.ts,tablet,,.ts,False,False,False,False,False
products/tablet/app/src/server/pos-api/returns-policy.prisma.ts,tablet,,.ts,False,False,False,False,False
products/tablet/app/src/server/pos-api/returns.prisma.ts,tablet,,.ts,False,False,False,False,False
products/tablet/app/src/server/pos-api/sales-detail.prisma.ts,tablet,,.ts,False,False,False,False,False
products/tablet/app/src/server/pos-api/sales-reset.prisma.ts,tablet,,.ts,False,False,False,False,False
products/tablet/app/src/server/pos-api/sales-summary.prisma.ts,tablet,,.ts,False,False,False,False,False
products/tablet/app/src/server/pos-api/supplier-mutations.prisma.ts,tablet,,.ts,False,False,False,False,False
products/tablet/app/src/server/pos-api/validators.ts,tablet,,.ts,False,False,False,False,False
products/tablet/app/src/server/pos-engine/audit.ts,tablet,,.ts,False,False,False,False,False
products/tablet/app/src/server/pos-engine/constants.ts,tablet,,.ts,False,False,False,False,False
products/tablet/app/src/server/pos-engine/errors.ts,tablet,,.ts,False,False,False,False,False
products/tablet/app/src/server/pos-engine/event-factory.ts,tablet,,.ts,False,False,False,False,False
products/tablet/app/src/server/pos-engine/events.ts,tablet,,.ts,False,False,False,False,False
products/tablet/app/src/server/pos-engine/ids.ts,tablet,,.ts,False,False,False,False,False
products/tablet/app/src/server/pos-engine/index.ts,tablet,,.ts,False,False,False,False,False
products/tablet/app/src/server/pos-engine/money.ts,tablet,,.ts,False,False,False,False,False
products/tablet/app/src/server/pos-engine/repository.prisma.ts,tablet,,.ts,False,False,False,False,False
products/tablet/app/src/server/pos-engine/types.ts,tablet,,.ts,False,False,False,False,False
products/tablet/app/src/server/pos-export/contextual.ts,tablet,,.ts,False,False,False,False,False
products/tablet/app/src/server/pos-export/index.ts,tablet,,.ts,False,False,False,False,False
products/tablet/app/src/server/pos-outbox/index.ts,tablet,,.ts,False,False,False,False,False
products/tablet/app/src/server/pos-reports/index.ts,tablet,,.ts,False,False,False,False,False
products/tablet/app/src/server/pos-runtime/index.ts,tablet,,.ts,False,False,False,False,False
products/tablet/app/src/server/pos-security/audit.ts,tablet,,.ts,False,False,False,False,False
products/tablet/app/src/server/pos-shift/index.ts,tablet,,.ts,False,False,False,False,False
products/tablet/app/src/server/pos-shift/repository.prisma.ts,tablet,,.ts,False,False,False,False,False
products/tablet/app/src/server/pos-shift/types.ts,tablet,,.ts,False,False,False,False,False
products/tablet/app/src/server/pos-shift/validators.ts,tablet,,.ts,False,False,False,False,False
products/tablet/app/src/server/pos-sync-panel/index.ts,tablet,,.ts,False,False,False,False,False
products/tablet/app/src/server/prisma/client.ts,tablet,,.ts,False,False,False,False,False
products/tablet/app/src/server/repositories/dashboard-kpi.repository.ts,tablet,,.ts,False,False,False,False,False
products/tablet/app/src/server/repositories/outbox-repository.prisma.ts,tablet,,.ts,False,False,False,False,False
products/tablet/app/src/server/repositories/product-repository.prisma.ts,tablet,,.ts,False,False,False,False,False
products/tablet/app/src/server/repositories/return-repository.prisma.ts,tablet,,.ts,False,False,False,False,False
products/tablet/app/src/server/repositories/sale-repository.prisma.ts,tablet,,.ts,False,False,False,False,False
products/tablet/app/src/server/repositories/shift-repository.prisma.ts,tablet,,.ts,False,False,False,False,False
products/tablet/app/src/server/repositories/stock-signal.repository.ts,tablet,,.ts,False,False,False,False,False
products/tablet/app/src/server/sync/catalog-pull.ts,tablet,,.ts,False,False,False,False,False
products/tablet/app/src/server/sync/dispatcher.ts,tablet,,.ts,False,False,False,False,False
products/tablet/app/src/server/sync/events.ts,tablet,,.ts,False,False,False,False,False
products/tablet/app/src/server/sync/outbox.ts,tablet,,.ts,False,False,False,False,False
products/tablet/app/src/server/sync/pc-origin.ts,tablet,,.ts,False,False,False,False,False
products/tablet/app/src/server/tablet-runtime-snapshot/build.ts,tablet,,.ts,False,False,False,False,False
products/tablet/app/src/server/tablet-runtime-snapshot/env.ts,tablet,,.ts,False,False,False,False,False
products/tablet/app/src/server/tablet-runtime-snapshot/index.ts,tablet,,.ts,False,False,False,False,False
products/tablet/app/src/server/tablet-runtime-snapshot/queries.prisma.ts,tablet,,.ts,False,False,False,False,False
products/tablet/app/src/server/tablet-runtime-snapshot/types.ts,tablet,,.ts,False,False,False,False,False
products/tablet/app/src/modules/checkout/module.manifest.ts,tablet,,.ts,False,False,False,False,False
products/tablet/app/src/modules/pos/module.manifest.ts,tablet,,.ts,False,False,False,False,False
products/tablet/app/src/modules/returns/module.manifest.ts,tablet,,.ts,False,False,False,False,False
products/tablet/app/src/modules/sales/module.manifest.ts,tablet,,.ts,False,False,False,False,False
products/tablet/app/src/modules/shift/module.manifest.ts,tablet,,.ts,False,False,False,False,False
products/tablet/app/src/modules/stock/module.manifest.ts,tablet,,.ts,False,False,False,False,False
products/tablet/app/src/modules/sync/module.manifest.ts,tablet,,.ts,False,False,False,False,False
products/tablet/app/src/lib/catalog/product-form-state.ts,tablet,,.ts,False,False,False,False,False
products/tablet/app/src/lib/catalog/product-visible-errors.ts,tablet,,.ts,False,False,False,False,False
products/tablet/app/src/lib/catalog-stock-selling-assist/catalog-stock-cart-handoff.ts,tablet,,.ts,False,False,False,False,False
products/tablet/app/src/lib/catalog-stock-selling-assist/catalog-stock-selling-assist-contract.ts,tablet,,.ts,False,False,False,False,False
products/tablet/app/src/lib/catalog-stock-selling-assist/catalog-stock-selling-assist-view-model.ts,tablet,,.ts,False,False,False,False,False
products/tablet/app/src/lib/contextual-export-reports/contextual-export-contract.ts,tablet,,.ts,False,False,False,False,False
products/tablet/app/src/lib/contextual-export-reports/contextual-export-view-model.ts,tablet,,.ts,False,False,False,False,False
products/tablet/app/src/lib/core/kpis.ts,tablet,,.ts,False,False,False,False,False
products/tablet/app/src/lib/core/types.ts,tablet,,.ts,False,False,False,False,False
products/tablet/app/src/lib/data/demo.ts,tablet,,.ts,False,False,False,False,False
products/tablet/app/src/lib/i18n/tablet-visible-labels.ts,tablet,,.ts,False,False,False,False,False
products/tablet/app/src/lib/offline/offline-state.ts,tablet,,.ts,False,False,False,False,False
products/tablet/app/src/lib/operable-release-gate/release-gate-contract.ts,tablet,,.ts,False,False,False,False,False
products/tablet/app/src/lib/operable-release-gate/release-gate-view-model.ts,tablet,,.ts,False,False,False,False,False
products/tablet/app/src/lib/operational-gate/can-sell.ts,tablet,,.ts,False,False,False,False,False
products/tablet/app/src/lib/pending-offline-sync/sync-panel-contract.ts,tablet,,.ts,False,False,False,False,False
products/tablet/app/src/lib/pending-offline-sync/sync-panel-view-model.ts,tablet,,.ts,False,False,False,False,False
products/tablet/app/src/lib/pos/cart-engine.ts,tablet,,.ts,False,False,False,False,False
products/tablet/app/src/lib/pos/cart-state.ts,tablet,,.ts,False,False,False,False,False
products/tablet/app/src/lib/pos/cart-view-model.ts,tablet,,.ts,False,False,False,False,False
products/tablet/app/src/lib/pos/held-carts.ts,tablet,,.ts,False,False,False,False,False
products/tablet/app/src/lib/pos/payment-contract.ts,tablet,,.ts,False,False,False,False,False
products/tablet/app/src/lib/pos/payment-error-normalizer.ts,tablet,,.ts,False,False,False,False,False
products/tablet/app/src/lib/pos/payment-flow.ts,tablet,,.ts,False,False,False,False,False
products/tablet/app/src/lib/pos/payment-idempotency.ts,tablet,,.ts,False,False,False,False,False
products/tablet/app/src/lib/pos/payment-ledger.ts,tablet,,.ts,False,False,False,False,False
products/tablet/app/src/lib/pos/payment-offline-policy.ts,tablet,,.ts,False,False,False,False,False
products/tablet/app/src/lib/pos/payment-operation-events.ts,tablet,,.ts,False,False,False,False,False
products/tablet/app/src/lib/pos/payment-session.ts,tablet,,.ts,False,False,False,False,False
products/tablet/app/src/lib/pos/payment-state.ts,tablet,,.ts,False,False,False,False,False
products/tablet/app/src/lib/pos/payment-tender.ts,tablet,,.ts,False,False,False,False,False
products/tablet/app/src/lib/pos/payment-view-model.ts,tablet,,.ts,False,False,False,False,False
products/tablet/app/src/lib/pos/pos-visible-errors.ts,tablet,,.ts,False,False,False,False,False
products/tablet/app/src/lib/pos/shift-flow.ts,tablet,,.ts,False,False,False,False,False
products/tablet/app/src/lib/pos/ticket-success-view-model.ts,tablet,,.ts,False,False,False,False,False
products/tablet/app/src/lib/pos-ui/pos-error-copy.ts,tablet,,.ts,False,False,False,False,False
products/tablet/app/src/lib/pos-ui/pos-route-contract.ts,tablet,,.ts,False,False,False,False,False
products/tablet/app/src/lib/returns-contextual/return-audit-ledger.ts,tablet,,.ts,False,False,False,False,False
products/tablet/app/src/lib/returns-contextual/return-flow.ts,tablet,,.ts,False,False,False,False,False
products/tablet/app/src/lib/returns-contextual/return-policy-engine.ts,tablet,,.ts,False,False,False,False,False
products/tablet/app/src/lib/returns-contextual/return-reasons.ts,tablet,,.ts,False,False,False,False,False
products/tablet/app/src/lib/returns-contextual/return-stock-impact.ts,tablet,,.ts,False,False,False,False,False
products/tablet/app/src/lib/returns-contextual/return-view-model.ts,tablet,,.ts,False,False,False,False,False
products/tablet/app/src/lib/returns-contextual/types.ts,tablet,,.ts,False,False,False,False,False
products/tablet/app/src/lib/sales-today/sales-kpi-engine.ts,tablet,,.ts,False,False,False,False,False
products/tablet/app/src/lib/sales-today/sales-ticket-export.ts,tablet,,.ts,False,False,False,False,False
products/tablet/app/src/lib/sales-today/sales-ticket-filters.ts,tablet,,.ts,False,False,False,False,False
products/tablet/app/src/lib/sales-today/types.ts,tablet,,.ts,False,False,False,False,False
products/tablet/app/src/lib/sales-today/view-model.ts,tablet,,.ts,False,False,False,False,False
products/tablet/app/src/lib/services/checkout.ts,tablet,,.ts,False,False,False,False,False
products/tablet/app/src/lib/services/dashboard.ts,tablet,,.ts,False,False,False,False,False
products/tablet/app/src/lib/services/hardening.ts,tablet,,.ts,False,False,False,False,False
products/tablet/app/src/lib/services/returns.ts,tablet,,.ts,False,False,False,False,False
products/tablet/app/src/lib/services/sales.ts,tablet,,.ts,False,False,False,False,False
products/tablet/app/src/lib/services/shift.ts,tablet,,.ts,False,False,False,False,False
products/tablet/app/src/lib/services/stock.ts,tablet,,.ts,False,False,False,False,False
products/tablet/app/src/lib/services/sync.ts,tablet,,.ts,False,False,False,False,False
products/tablet/app/src/lib/services/ux-pro.ts,tablet,,.ts,False,False,False,False,False
products/tablet/app/src/lib/shift-cash-closure/shift-cash-closure-contract.ts,tablet,,.ts,False,False,False,False,False
products/tablet/app/src/lib/shift-cash-closure/shift-cash-closure-view-model.ts,tablet,,.ts,False,False,False,False,False
products/tablet/app/src/lib/tablet-home/home-view-model.ts,tablet,,.ts,False,False,False,False,False
products/tablet/app/src/lib/tablet-home/operational-priority.ts,tablet,,.ts,False,False,False,False,False
products/tablet/app/src/lib/tablet-runtime-snapshot/shell-contract.ts,tablet,,.ts,False,False,False,False,False
products/tablet/app/src/lib/tablet-runtime-snapshot/view-model.ts,tablet,,.ts,False,False,False,False,False
products/tablet/app/src/lib/tablet-runtime-snapshot/visible-copy.ts,tablet,,.ts,False,False,False,False,False
products/tablet/app/src/lib/ui/prisma-operational-screen-contract.ts,tablet,,.ts,False,False,False,False,False
products/tablet/app/src/lib/ui/prisma-operational-screen-engine.ts,tablet,,.ts,False,False,False,False,False
products/tablet/app/src/lib/i18n/messages/es.ts,tablet,,.ts,False,False,False,False,False
products/tablet/app/public/visual-os/materiality-catalog/materiality-catalog-preview.css,tablet,,.css,False,True,True,True,True
products/tablet/app/public/visual-os/materiality-catalog/materiality-catalog-preview.js,tablet,,.js,False,True,False,False,False
products/tablet/app/public/visual-os/tablet-light-visual-preset-engine/prisma-tablet-background-atmospheric-v4.css,tablet,,.css,True,True,True,True,True
products/tablet/app/public/visual-os/tablet-light-visual-preset-engine/prisma-tablet-background-atmospheric-v4.js,tablet,,.js,True,True,False,False,False
products/tablet/app/public/visual-os/tablet-light-visual-preset-engine/prisma-tablet-background-atmospheric-v5.css,tablet,,.css,True,True,True,True,True
products/tablet/app/public/visual-os/tablet-light-visual-preset-engine/prisma-tablet-background-atmospheric-v5.js,tablet,,.js,True,True,False,False,False
products/tablet/app/public/visual-os/tablet-light-visual-preset-engine/prisma-tablet-background-liquid-operations-v6.css,tablet,,.css,True,True,True,True,True
products/tablet/app/public/visual-os/tablet-light-visual-preset-engine/prisma-tablet-background-liquid-operations-v6.js,tablet,,.js,True,True,False,False,False
products/tablet/app/public/visual-os/tablet-light-visual-preset-engine/prisma-tablet-background-storm-glass-v13.css,tablet,,.css,True,True,True,True,True
products/tablet/app/public/visual-os/tablet-light-visual-preset-engine/prisma-tablet-background-storm-glass-v13.js,tablet,,.js,True,True,False,False,False
products/tablet/app/public/visual-os/tablet-light-visual-preset-engine/prisma-tablet-background-storm-glass-v14.css,tablet,,.css,True,True,True,True,True
products/tablet/app/public/visual-os/tablet-light-visual-preset-engine/prisma-tablet-background-storm-glass-v14.js,tablet,,.js,True,True,False,False,False
products/tablet/app/public/visual-os/tablet-light-visual-preset-engine/prisma-tablet-background-storm-glass-v8.css,tablet,,.css,True,True,True,True,True
products/tablet/app/public/visual-os/tablet-light-visual-preset-engine/prisma-tablet-background-storm-glass-v8.js,tablet,,.js,True,False,False,False,False
products/tablet/app/public/visual-os/tablet-light-visual-preset-engine/prisma-tablet-codex-background-gallery.css,tablet,,.css,False,True,True,True,True
products/tablet/app/public/visual-os/tablet-light-visual-preset-engine/prisma-tablet-codex-background-gallery.js,tablet,,.js,False,True,False,False,False
products/tablet/app/public/visual-os/tablet-light-visual-preset-engine/prisma-tablet-codex-glass-gallery.css,tablet,,.css,False,True,True,True,True
products/tablet/app/public/visual-os/tablet-light-visual-preset-engine/prisma-tablet-codex-glass-gallery.js,tablet,,.js,False,False,False,False,False
products/tablet/app/public/visual-os/tablet-light-visual-preset-engine/prisma-tablet-pearl-grey-mist-v2.css,tablet,,.css,False,True,True,True,True
products/tablet/app/public/visual-os/tablet-light-visual-preset-engine/prisma-tablet-pearl-grey-mist-v2.js,tablet,,.js,False,False,False,False,False
products/tablet/app/components/catalog/catalog-barcode-field.tsx,tablet,,.tsx,False,False,False,False,False
products/tablet/app/components/catalog/catalog-empty-state.tsx,tablet,,.tsx,False,False,False,False,False
products/tablet/app/components/catalog/catalog-product-drawer.tsx,tablet,,.tsx,False,False,False,False,False
products/tablet/app/components/catalog/catalog-product-form.tsx,tablet,,.tsx,False,False,False,False,False
products/tablet/app/components/catalog/catalog-product-table.tsx,tablet,,.tsx,False,False,False,False,False
products/tablet/app/components/catalog/catalog-screen.tsx,tablet,,.tsx,False,False,False,False,False
products/tablet/app/components/catalog/catalog-stock-field.tsx,tablet,,.tsx,False,False,False,False,False
products/tablet/app/components/catalog/catalog.module.css,tablet,,.css,False,True,False,False,True
products/tablet/app/components/catalog-stock-selling-assist/catalog-stock-selling-assist-screen.tsx,tablet,,.tsx,False,False,False,False,False
products/tablet/app/components/catalog-stock-selling-assist/catalog-stock-selling-assist.module.css,tablet,,.css,False,True,True,False,True
products/tablet/app/components/checkout/checkout-cash-calculator.tsx,tablet,,.tsx,False,False,False,False,False
products/tablet/app/components/checkout/checkout-payment-methods.tsx,tablet,,.tsx,False,False,False,False,False
products/tablet/app/components/checkout/checkout-screen.tsx,tablet,,.tsx,False,False,False,False,False
products/tablet/app/components/checkout/checkout-summary-card.tsx,tablet,,.tsx,False,False,False,False,False
products/tablet/app/components/checkout/checkout-summary.tsx,tablet,,.tsx,False,False,False,False,False
products/tablet/app/components/checkout/checkout.module.css,tablet,,.css,True,True,True,True,True
products/tablet/app/components/checkout/payment-method-selector.tsx,tablet,,.tsx,False,False,False,False,False
products/tablet/app/components/checkout/ticket-confirmation.tsx,tablet,,.tsx,False,False,False,False,False
products/tablet/app/components/layout/app-shell.tsx,tablet,,.tsx,False,False,False,False,False
products/tablet/app/components/layout/nav-link.tsx,tablet,,.tsx,False,False,False,False,False
products/tablet/app/components/license/feature-list.tsx,tablet,,.tsx,False,False,False,False,False
products/tablet/app/components/license/license-blocked-card.tsx,tablet,,.tsx,False,False,False,False,False
products/tablet/app/components/license/license-gate-banner.tsx,tablet,,.tsx,False,False,False,False,False
products/tablet/app/components/license/license-refresh-panel.tsx,tablet,,.tsx,False,False,False,False,False
products/tablet/app/components/license/license-status-card.tsx,tablet,,.tsx,False,False,False,False,False
products/tablet/app/components/license/license-ui.module.css,tablet,,.css,False,True,True,False,True
products/tablet/app/components/license/license-warning-badge.tsx,tablet,,.tsx,False,False,False,False,False
products/tablet/app/components/offline/offline-export-audit-screen.tsx,tablet,,.tsx,False,False,False,False,False
products/tablet/app/components/offline/offline-export-audit.module.css,tablet,,.css,False,True,False,False,True
products/tablet/app/components/operational-screen/index.ts,tablet,,.ts,False,False,False,False,False
products/tablet/app/components/operational-screen/prisma-operational-screen.module.css,tablet,,.css,False,True,True,False,True
products/tablet/app/components/operational-screen/prisma-operational-screen.tsx,tablet,,.tsx,False,False,False,False,False
products/tablet/app/components/pos/pos-error-banner.tsx,tablet,,.tsx,False,False,False,False,False
products/tablet/app/components/pos/pos-live-binding.tsx,tablet,,.tsx,False,True,True,False,True
products/tablet/app/components/pos/pos-packshots.ts,tablet,,.ts,False,False,False,False,False
products/tablet/app/components/pos/pos-payment-panel.tsx,tablet,,.tsx,False,False,False,False,False
products/tablet/app/components/pos/pos-payment-risk-banner.tsx,tablet,,.tsx,False,False,False,False,False
products/tablet/app/components/pos/pos-product-list.tsx,tablet,,.tsx,False,False,False,False,False
products/tablet/app/components/pos/pos-product-search.tsx,tablet,,.tsx,False,False,False,False,False
products/tablet/app/components/pos/pos-sale-success.tsx,tablet,,.tsx,False,False,False,False,False
products/tablet/app/components/pos/pos-screen.tsx,tablet,,.tsx,False,False,False,False,False
products/tablet/app/components/pos/pos-shortcuts.tsx,tablet,,.tsx,False,False,False,False,False
products/tablet/app/components/pos/pos-ticket-panel.tsx,tablet,,.tsx,False,False,False,False,False
products/tablet/app/components/pos/pos.module.css,tablet,,.css,True,True,True,True,True
products/tablet/app/components/pos/pos.visual.tokens.css,tablet,,.css,False,False,False,False,False
products/tablet/app/components/pos/pos.visual.tokens.generated.css,tablet,,.css,False,True,False,False,False
products/tablet/app/components/pos/use-prisma-packshot-skin.ts,tablet,,.ts,False,False,False,False,False
products/tablet/app/components/prisma-dark-pos/prisma-cart-panel.tsx,tablet,,.tsx,False,False,False,False,False
products/tablet/app/components/prisma-dark-pos/prisma-category-rail.tsx,tablet,,.tsx,False,False,False,False,False
products/tablet/app/components/prisma-dark-pos/prisma-dark-pos-data.ts,tablet,,.ts,False,False,False,False,False
products/tablet/app/components/prisma-dark-pos/prisma-dark-pos-icons.tsx,tablet,,.tsx,False,False,False,False,False
products/tablet/app/components/prisma-dark-pos/prisma-dark-pos-shell.tsx,tablet,,.tsx,False,False,False,False,False
products/tablet/app/components/prisma-dark-pos/prisma-dark-pos.module.css,tablet,,.css,False,True,True,True,True
products/tablet/app/components/prisma-dark-pos/prisma-product-card.tsx,tablet,,.tsx,False,False,False,False,False
products/tablet/app/components/prisma-dark-pos/prisma-product-grid.tsx,tablet,,.tsx,False,False,False,False,False
products/tablet/app/components/prisma-dark-pos/prisma-route-ui.tsx,tablet,,.tsx,False,False,False,False,False
products/tablet/app/components/prisma-dark-pos/prisma-search-row.tsx,tablet,,.tsx,False,False,False,False,False
products/tablet/app/components/prisma-dark-pos/prisma-sidebar.tsx,tablet,,.tsx,False,False,False,False,False
products/tablet/app/components/prisma-dark-pos/prisma-top-action-bar.tsx,tablet,,.tsx,False,False,False,False,False
products/tablet/app/components/release-gate/tablet-operable-release-gate-screen.tsx,tablet,,.tsx,False,False,False,False,False
products/tablet/app/components/release-gate/tablet-operable-release-gate.module.css,tablet,,.css,False,True,False,False,True
products/tablet/app/components/reports/contextual-export-actions.tsx,tablet,,.tsx,False,False,False,False,False
products/tablet/app/components/reports/contextual-export-band.tsx,tablet,,.tsx,False,False,False,False,False
products/tablet/app/components/reports/contextual-export.module.css,tablet,,.css,False,True,False,False,True
products/tablet/app/components/returns/return-from-ticket-screen.tsx,tablet,,.tsx,False,False,False,False,False
products/tablet/app/components/returns/return-impact-summary.tsx,tablet,,.tsx,False,False,False,False,False
products/tablet/app/components/returns/returns.module.css,tablet,,.css,False,True,False,False,True
products/tablet/app/components/sales/sales-history-screen.tsx,tablet,,.tsx,False,False,False,False,False
products/tablet/app/components/sales/sales-kpi-strip.tsx,tablet,,.tsx,False,False,False,False,False
products/tablet/app/components/sales/sales-ticket-detail-screen.tsx,tablet,,.tsx,False,False,False,False,False
products/tablet/app/components/sales/sales-ticket-list.tsx,tablet,,.tsx,False,False,False,False,False
products/tablet/app/components/sales/sales-ticket-status-chip.tsx,tablet,,.tsx,False,False,False,False,False
products/tablet/app/components/sales/sales-today-screen.tsx,tablet,,.tsx,False,False,False,False,False
products/tablet/app/components/sales/sales.module.css,tablet,,.css,False,True,True,False,True
products/tablet/app/components/settings/local-users-roles-panel.tsx,tablet,,.tsx,False,False,False,False,False
products/tablet/app/components/settings/sales-reset-panel.tsx,tablet,,.tsx,False,False,False,False,False
products/tablet/app/components/shift/shift-cash-closure-screen.tsx,tablet,,.tsx,False,False,False,False,False
products/tablet/app/components/shift/shift-cash-closure.module.css,tablet,,.css,False,True,False,False,True
products/tablet/app/components/sync/catalog-pull-panel.tsx,tablet,,.tsx,False,False,False,False,False
products/tablet/app/components/sync/pending-offline-sync-panel-screen.tsx,tablet,,.tsx,False,False,False,False,False
products/tablet/app/components/sync/pending-offline-sync-panel.module.css,tablet,,.css,False,True,False,False,True
products/tablet/app/components/tablet-home/tablet-home-screen.tsx,tablet,,.tsx,False,False,False,False,False
products/tablet/app/components/tablet-home/tablet-home.module.css,tablet,,.css,False,True,True,True,True
products/tablet/app/components/tablet-pos/touch-pos-ui.tsx,tablet,,.tsx,False,False,False,False,False
products/tablet/app/components/tablet-pos/touch-pos.module.css,tablet,,.css,False,True,False,False,True
products/tablet/app/components/tablet-runtime/tablet-runtime-panel.tsx,tablet,,.tsx,False,False,False,False,False
products/tablet/app/components/tablet-runtime/tablet-runtime-status-strip.tsx,tablet,,.tsx,False,False,False,False,False
products/tablet/app/components/tablet-shell/prisma-tablet-shell.module.css,tablet,,.css,True,True,True,True,True
products/tablet/app/components/tablet-shell/prisma-tablet-shell.tsx,tablet,,.tsx,True,True,False,False,False
products/tablet/app/components/tablet-shell/tablet-nav.ts,tablet,,.ts,False,False,False,False,False
products/tablet/app/components/ui/action-chip.tsx,tablet,,.tsx,False,False,False,False,False
products/tablet/app/components/ui/empty-state.tsx,tablet,,.tsx,False,False,False,False,False
products/tablet/app/components/ui/flow-step.tsx,tablet,,.tsx,False,False,False,False,False
products/tablet/app/components/ui/inline-alert.tsx,tablet,,.tsx,False,False,False,False,False
products/tablet/app/components/ui/mini-progress.tsx,tablet,,.tsx,False,False,False,False,False
products/tablet/app/components/ui/prisma-dark-selector.tsx,tablet,,.tsx,False,False,False,False,False
products/tablet/app/components/ui/prisma-skin-selector.module.css,tablet,,.css,False,True,False,False,True
products/tablet/app/components/ui/section-card.tsx,tablet,,.tsx,False,False,False,False,False
products/tablet/app/components/ui/stat-card.tsx,tablet,,.tsx,False,False,False,False,False
products/tablet/app/components/ui/status-badge.tsx,tablet,,.tsx,False,False,False,False,False
products/tablet/app/components/ui/table-simple.tsx,tablet,,.tsx,False,False,False,False,False
products/tablet/app/components/visual-os/prisma-visual-controls-panel.module.css,tablet,,.css,False,True,False,False,True
products/tablet/app/components/visual-os/prisma-visual-controls-panel.tsx,tablet,,.tsx,False,True,False,False,False
products/tablet/app/app/catalog/page.tsx,tablet,/app/catalog,.tsx,False,False,False,False,False
products/tablet/app/app/checkout/layout.tsx,tablet,/app/checkout,.tsx,True,True,False,False,False
products/tablet/app/app/checkout/page.tsx,tablet,/app/checkout,.tsx,False,False,False,False,False
products/tablet/app/app/checkout/prisma-checkout-light-safe-shell.module.css,tablet,,.css,True,True,True,True,True
products/tablet/app/app/existencias/page.tsx,tablet,/app/existencias,.tsx,False,False,False,False,False
products/tablet/app/app/inventory/page.tsx,tablet,/app/inventory,.tsx,False,False,False,False,False
products/tablet/app/app/offline/page.tsx,tablet,/app/offline,.tsx,False,False,False,False,False
products/tablet/app/app/pos/layout.tsx,tablet,/app/pos,.tsx,True,True,False,False,False
products/tablet/app/app/pos/page.tsx,tablet,/app/pos,.tsx,False,False,False,False,False
products/tablet/app/app/pos/prisma-pos-light-safe-shell.module.css,tablet,,.css,True,True,True,True,True
products/tablet/app/app/prisma-dark-pos-reference/page.tsx,tablet,/app/prisma-dark-pos-reference,.tsx,False,False,False,False,False
products/tablet/app/app/prisma-pulse/page.tsx,tablet,/app/prisma-pulse,.tsx,False,False,False,False,False
products/tablet/app/app/prisma-pulse/prisma-tablet-pulse.module.css,tablet,,.css,False,True,False,False,True
products/tablet/app/app/prisma-pulse/PrismaTabletPulsePanel.tsx,tablet,,.tsx,False,False,False,False,False
products/tablet/app/app/referencia-visual/page.tsx,tablet,/app/referencia-visual,.tsx,False,False,False,False,False
products/tablet/app/app/release-gate/page.tsx,tablet,/app/release-gate,.tsx,False,False,False,False,False
products/tablet/app/app/returns/page.tsx,tablet,/app/returns,.tsx,False,False,False,False,False
products/tablet/app/app/runtime-snapshot-preview/page.tsx,tablet,/app/runtime-snapshot-preview,.tsx,False,False,False,False,False
products/tablet/app/app/sales/page.tsx,tablet,/app/sales,.tsx,False,False,False,False,False
products/tablet/app/app/screen-standard-preview/page.tsx,tablet,/app/screen-standard-preview,.tsx,False,False,False,False,True
products/tablet/app/app/shift/page.tsx,tablet,/app/shift,.tsx,False,False,False,False,False
products/tablet/app/app/stock/page.tsx,tablet,/app/stock,.tsx,False,False,False,False,False
products/tablet/app/app/sync/page.tsx,tablet,/app/sync,.tsx,False,False,False,False,False
products/tablet/app/app/visual-os/page.tsx,tablet,/app/visual-os,.tsx,False,False,False,False,False
products/tablet/app/app/visual-os/prisma-studio-pro-qa.module.css,tablet,,.css,False,True,True,True,True
products/tablet/app/app/visual-os/PrismaStudioProQaClient.tsx,tablet,,.tsx,False,True,False,False,False
products/tablet/app/app/visual-os/PrismaVisualStudioClient.tsx,tablet,,.tsx,False,False,False,False,False
products/tablet/app/app/visual-os/_tablet-gallery-runtime.tsx,tablet,,.tsx,False,True,False,False,True
products/tablet/app/app/visual-os/detached/page.tsx,tablet,/app/visual-os/detached,.tsx,False,False,False,False,False
products/tablet/app/app/visual-os/materiality-catalog/page.tsx,tablet,/app/visual-os/materiality-catalog,.tsx,False,False,False,False,False
products/tablet/app/app/visual-os/pro/page.tsx,tablet,/app/visual-os/pro,.tsx,False,False,False,False,False
products/tablet/app/app/visual-os/realtime/page.tsx,tablet,/app/visual-os/realtime,.tsx,False,False,False,False,False
products/tablet/app/app/visual-os/realtime/PrismaRealtimeBridgeClient.tsx,tablet,,.tsx,False,False,False,False,False
products/tablet/app/app/visual-os/tablet-background-gallery/page.tsx,tablet,/app/visual-os/tablet-background-gallery,.tsx,False,True,False,False,False
products/tablet/app/app/visual-os/tablet-codex-gallery/page.tsx,tablet,/app/visual-os/tablet-codex-gallery,.tsx,False,False,False,False,False
products/tablet/app/app/settings/data/page.tsx,tablet,/app/settings/data,.tsx,False,False,False,False,False
products/tablet/app/app/settings/export/page.tsx,tablet,/app/settings/export,.tsx,False,False,False,False,False
products/tablet/app/app/settings/license/page.tsx,tablet,/app/settings/license,.tsx,False,False,False,False,False
products/tablet/app/app/sales/history/page.tsx,tablet,/app/sales/history,.tsx,False,False,False,False,False
products/tablet/app/app/sales/today/page.tsx,tablet,/app/sales/today,.tsx,False,False,False,False,False
products/tablet/app/app/sales/today/[saleId]/page.tsx,tablet,/app/sales/today/:param,.tsx,False,False,False,False,False
products/tablet/app/app/sales/today/[saleId]/return/page.tsx,tablet,/app/sales/today/:param/return,.tsx,False,False,False,False,False
products/tablet/app/app/sales/history/[saleId]/page.tsx,tablet,/app/sales/history/:param,.tsx,False,False,False,False,False
products/tablet/app/app/prisma-pulse/charts/TabletChartCard.tsx,tablet,,.tsx,False,False,False,False,False
products/tablet/app/app/prisma-pulse/charts/TabletShiftPulseStrip.tsx,tablet,,.tsx,False,False,False,False,False
products/tablet/app/app/prisma-pulse/charts/TabletSyncOutboxStatusMatrix.tsx,tablet,,.tsx,False,False,False,False,False
products/tablet/app/app/inventory/low-stock/page.tsx,tablet,/app/inventory/low-stock,.tsx,False,False,False,False,False
products/tablet/app/app/events/outbox/page.tsx,tablet,/app/events/outbox,.tsx,False,False,False,False,False
products/tablet/app/app/api/health/route.ts,tablet,,.ts,False,False,False,False,False
products/tablet/app/app/api/tablet/runtime/snapshot/route.ts,tablet,,.ts,False,False,False,False,False
products/tablet/app/app/api/pos/release-gate/route.ts,tablet,,.ts,False,False,False,False,False
products/tablet/app/app/api/pos/sync/dispatch/route.ts,tablet,,.ts,False,False,False,False,False
products/tablet/app/app/api/pos/sync/panel/route.ts,tablet,,.ts,False,False,False,False,False
products/tablet/app/app/api/pos/sync/pull/route.ts,tablet,,.ts,False,False,False,False,False
products/tablet/app/app/api/pos/sync/retry/route.ts,tablet,,.ts,False,False,False,False,False
products/tablet/app/app/api/pos/sync/health/pc/route.ts,tablet,,.ts,False,False,False,False,False
products/tablet/app/app/api/pos/suppliers/create/route.ts,tablet,,.ts,False,False,False,False,False
products/tablet/app/app/api/pos/suppliers/disable/route.ts,tablet,,.ts,False,False,False,False,False
products/tablet/app/app/api/pos/suppliers/update/route.ts,tablet,,.ts,False,False,False,False,False
products/tablet/app/app/api/pos/suppliers/product-link/link/route.ts,tablet,,.ts,False,False,False,False,False
products/tablet/app/app/api/pos/suppliers/product-link/unlink/route.ts,tablet,,.ts,False,False,False,False,False
products/tablet/app/app/api/pos/suppliers/product-link/update/route.ts,tablet,,.ts,False,False,False,False,False
products/tablet/app/app/api/pos/shift/close/route.ts,tablet,,.ts,False,False,False,False,False
products/tablet/app/app/api/pos/shift/current/route.ts,tablet,,.ts,False,False,False,False,False
products/tablet/app/app/api/pos/shift/open/route.ts,tablet,,.ts,False,False,False,False,False
products/tablet/app/app/api/pos/sales/complete/route.ts,tablet,,.ts,False,False,False,False,False
products/tablet/app/app/api/pos/sales/detail/route.ts,tablet,,.ts,False,False,False,False,False
products/tablet/app/app/api/pos/sales/history/route.ts,tablet,,.ts,False,False,False,False,False
products/tablet/app/app/api/pos/sales/today/route.ts,tablet,,.ts,False,False,False,False,False
products/tablet/app/app/api/pos/returns/create/route.ts,tablet,,.ts,False,False,False,False,False
products/tablet/app/app/api/pos/reports/operational-today/route.ts,tablet,,.ts,False,False,False,False,False
products/tablet/app/app/api/pos/products/create/route.ts,tablet,,.ts,False,False,False,False,False
products/tablet/app/app/api/pos/products/resolve/route.ts,tablet,,.ts,False,False,False,False,False
products/tablet/app/app/api/pos/products/search/route.ts,tablet,,.ts,False,False,False,False,False
products/tablet/app/app/api/pos/products/update/route.ts,tablet,,.ts,False,False,False,False,False
products/tablet/app/app/api/pos/products/barcodes/validate/route.ts,tablet,,.ts,False,False,False,False,False
products/tablet/app/app/api/pos/offline/audit/route.ts,tablet,,.ts,False,False,False,False,False
products/tablet/app/app/api/pos/inventory/low-stock/route.ts,tablet,,.ts,False,False,False,False,False
products/tablet/app/app/api/pos/inventory/movements/recent/route.ts,tablet,,.ts,False,False,False,False,False
products/tablet/app/app/api/pos/export/contextual/route.ts,tablet,,.ts,False,False,False,False,False
products/tablet/app/app/api/pos/export/events/route.ts,tablet,,.ts,False,False,False,False,False
products/tablet/app/app/api/pos/export/inventory-movements/route.ts,tablet,,.ts,False,False,False,False,False
products/tablet/app/app/api/pos/export/sales-today/route.ts,tablet,,.ts,False,False,False,False,False
products/tablet/app/app/api/pos/events/outbox/route.ts,tablet,,.ts,False,False,False,False,False
products/tablet/app/app/api/pos/events/recent/route.ts,tablet,,.ts,False,False,False,False,False
products/tablet/app/app/api/pos/catalog/import/route.ts,tablet,,.ts,False,False,False,False,False
products/tablet/app/app/api/pos/catalog/products/route.ts,tablet,,.ts,False,False,False,False,False
products/tablet/app/app/api/pos/catalog/resolve/route.ts,tablet,,.ts,False,False,False,False,False
products/tablet/app/app/api/pos/admin/local-users/route.ts,tablet,,.ts,False,False,False,False,False
products/tablet/app/app/api/pos/admin/sales-reset/route.ts,tablet,,.ts,False,False,False,False,False
products/tablet/app/app/api/license/features/route.ts,tablet,,.ts,False,False,False,False,False
products/tablet/app/app/api/license/refresh/route.ts,tablet,,.ts,False,False,False,False,False
products/tablet/app/app/api/license/status/route.ts,tablet,,.ts,False,False,False,False,False
products/tablet/app/app/api/license/refresh/status/route.ts,tablet,,.ts,False,False,False,False,False
products/tablet/app/app/api/license/features/[key]/route.ts,tablet,,.ts,False,False,False,False,False
products/tablet/app/.generated/prisma-client/default.d.ts,tablet,,.ts,False,False,False,False,False
products/tablet/app/.generated/prisma-client/default.js,tablet,,.js,False,False,False,False,False
products/tablet/app/.generated/prisma-client/edge.d.ts,tablet,,.ts,False,False,False,False,False
products/tablet/app/.generated/prisma-client/edge.js,tablet,,.js,False,False,False,True,False
products/tablet/app/.generated/prisma-client/index-browser.js,tablet,,.js,False,False,False,True,False
products/tablet/app/.generated/prisma-client/index.d.ts,tablet,,.ts,False,False,False,True,False
products/tablet/app/.generated/prisma-client/index.js,tablet,,.js,False,False,False,True,False
products/tablet/app/.generated/prisma-client/wasm.d.ts,tablet,,.ts,False,False,False,False,False
products/tablet/app/.generated/prisma-client/wasm.js,tablet,,.js,False,False,False,True,False
products/tablet/app/.generated/prisma-client/runtime/edge-esm.js,tablet,,.js,False,False,False,True,False
products/tablet/app/.generated/prisma-client/runtime/edge.js,tablet,,.js,False,False,False,True,False
products/tablet/app/.generated/prisma-client/runtime/index-browser.d.ts,tablet,,.ts,False,False,False,False,False
products/tablet/app/.generated/prisma-client/runtime/index-browser.js,tablet,,.js,False,False,False,False,False
products/tablet/app/.generated/prisma-client/runtime/library.d.ts,tablet,,.ts,False,False,False,True,False
products/tablet/app/.generated/prisma-client/runtime/library.js,tablet,,.js,False,False,False,True,False
products/tablet/app/.generated/prisma-client/runtime/react-native.js,tablet,,.js,False,False,False,True,False
products/tablet/app/.generated/prisma-client/runtime/wasm.js,tablet,,.js,False,False,False,True,False
products/shared-ui/prisma/components/prisma-components.css,shared,,.css,False,True,True,False,True
products/shared-ui/prisma/effects/prisma-reference-effects.css,shared,,.css,False,True,False,False,True
products/shared-ui/prisma/tokens/prisma-theme.css,shared,,.css,False,True,False,False,False
products/shared-ui/prisma/visual-os/prisma-visual-os.tokens.css,shared,,.css,False,False,False,False,False
products/pc/app/next-env.d.ts,pc,,.ts,False,False,False,False,False
products/pc/app/next.config.mjs,pc,,.mjs,False,False,False,False,False
products/pc/app/app/error.tsx,pc,,.tsx,False,True,False,False,False
products/pc/app/app/globals.css,pc,,.css,False,True,True,True,True
products/pc/app/app/layout.tsx,pc,/app,.tsx,False,True,False,False,False
products/pc/app/app/loading.tsx,pc,,.tsx,False,True,False,False,False
products/pc/app/app/page.tsx,pc,/app,.tsx,False,False,False,False,False
products/pc/app/app/prisma-atmospheric-background.css,pc,,.css,True,True,True,True,False
products/pc/app/app/prisma-dev-issue-badge-cleaner.tsx,pc,,.tsx,False,False,True,False,False
products/pc/app/app/prisma-liquid-glass.module.css,pc,,.css,False,True,True,True,True
products/pc/app/app/prisma-surf-fix6-lifecycle-runtime.tsx,pc,,.tsx,False,False,False,False,False
products/pc/app/app/prisma-visual-os-pc-binding.css,pc,,.css,False,True,True,False,True
products/pc/app/app/suppliers-ux-v08.css,pc,,.css,False,True,True,True,False
products/pc/app/app/suppliers.css,pc,,.css,False,True,False,False,False
products/pc/app/scripts/pc-seed-mass-catalog-04d.mjs,pc,,.mjs,False,False,False,False,False
products/pc/app/scripts/verify-liquid-glass-director-cut.mjs,pc,,.mjs,False,True,False,False,False
products/pc/app/scripts/verify-surface-visual-governor-pilot03.mjs,pc,,.mjs,False,True,False,False,True
products/pc/app/scripts/verify-surface-visual-governor-pilot04.mjs,pc,,.mjs,False,True,False,False,False
products/pc/app/scripts/verify-surface-visual-governor-pilot20-families.mjs,pc,,.mjs,False,True,False,False,True
products/pc/app/scripts/verify-surface-visual-governor-pilot20.mjs,pc,,.mjs,False,False,False,False,True
products/pc/app/tools/run_pc_suppliers_lifecycle_scenarios_02.mjs,pc,,.mjs,False,False,False,False,False
products/pc/app/tools/smoke_pc_i01_routes.mjs,pc,,.mjs,False,False,False,False,False
products/pc/app/tools/suppliers-ux-v08.css,pc,,.css,False,False,False,False,False
products/pc/app/tools/verify_pc_backoffice_core_01.mjs,pc,,.mjs,False,False,False,False,False
products/pc/app/tools/verify_pc_backoffice_sync_dashboard_03.mjs,pc,,.mjs,False,False,False,False,False
products/pc/app/tools/verify_pc_catalog_02.mjs,pc,,.mjs,False,False,False,False,False
products/pc/app/tools/verify_pc_client_background_bg1_0506.mjs,pc,,.mjs,False,True,False,False,False
products/pc/app/tools/verify_pc_client_surface_clean1_0506.mjs,pc,,.mjs,False,False,False,False,False
products/pc/app/tools/verify_pc_client_surface_clean2_0506.mjs,pc,,.mjs,False,False,False,False,False
products/pc/app/tools/verify_pc_client_surface_clean3_0506.mjs,pc,,.mjs,False,False,False,False,False
products/pc/app/tools/verify_pc_dashboard_05.mjs,pc,,.mjs,False,False,False,False,False
products/pc/app/tools/verify_pc_i01_release_gate.mjs,pc,,.mjs,False,False,False,False,False
products/pc/app/tools/verify_pc_ingest_idempotency_01.mjs,pc,,.mjs,False,False,False,False,False
products/pc/app/tools/verify_pc_kpi_dashboard_02.mjs,pc,,.mjs,False,False,False,False,False
products/pc/app/tools/verify_pc_labels_01.mjs,pc,,.mjs,False,False,False,False,False
products/pc/app/tools/verify_pc_mass_catalog_04d.mjs,pc,,.mjs,False,False,False,False,False
products/pc/app/tools/verify_pc_module_registry_sync_import_05.mjs,pc,,.mjs,False,False,False,False,False
products/pc/app/tools/verify_pc_operation_04.mjs,pc,,.mjs,False,False,False,False,False
products/pc/app/tools/verify_pc_procurement_04.mjs,pc,,.mjs,False,False,False,False,False
products/pc/app/tools/verify_pc_release_complete_06.mjs,pc,,.mjs,False,False,False,False,False
products/pc/app/tools/verify_pc_routes_01.mjs,pc,,.mjs,False,False,False,False,False
products/pc/app/tools/verify_pc_runtime_01.mjs,pc,,.mjs,False,False,False,False,False
products/pc/app/tools/verify_pc_shell_zoom_scroll_trace_03.mjs,pc,,.mjs,False,False,False,False,False
products/pc/app/tools/verify_pc_stock_counts_audit_03.mjs,pc,,.mjs,False,False,False,False,False
products/pc/app/tools/verify_pc_suppliers_copy_hygiene_09_1.mjs,pc,,.mjs,False,False,False,False,False
products/pc/app/tools/verify_pc_suppliers_inventory_bridge_11.mjs,pc,,.mjs,False,False,False,False,False
products/pc/app/tools/verify_pc_suppliers_letterfall_fix_14.mjs,pc,,.mjs,False,False,False,False,False
products/pc/app/tools/verify_pc_suppliers_lifecycle_02.mjs,pc,,.mjs,False,False,False,False,False
products/pc/app/tools/verify_pc_suppliers_minimal_persistence_10.mjs,pc,,.mjs,False,False,False,False,False
products/pc/app/tools/verify_pc_suppliers_operator_board_scroll_esmx_06.mjs,pc,,.mjs,False,False,False,False,False
products/pc/app/tools/verify_pc_suppliers_readability_scroll_esmx_04.mjs,pc,,.mjs,False,False,False,False,False
products/pc/app/tools/verify_pc_suppliers_real_actions_09.mjs,pc,,.mjs,False,False,False,False,False
products/pc/app/tools/verify_pc_suppliers_smart_purchase_01.mjs,pc,,.mjs,False,False,False,False,False
products/pc/app/tools/verify_pc_suppliers_ux_css_import_bridge_08.mjs,pc,,.mjs,False,False,False,False,False
products/pc/app/tools/verify_pc_suppliers_ux_legibility_roadmap_07.mjs,pc,,.mjs,False,False,False,False,False
products/pc/app/tools/verify_pc_suppliers_visual_motor_fix_12.mjs,pc,,.mjs,False,False,False,False,False
products/pc/app/tools/verify_pc_sync_ingest_06.mjs,pc,,.mjs,False,False,False,False,False
products/pc/app/tools/verify_pc_sync_release_05.mjs,pc,,.mjs,False,False,False,False,False
products/pc/app/tools/verify_pc_uiux_300_addendum.mjs,pc,,.mjs,False,False,False,False,False
products/pc/app/tools/verify_pc_uiux_ansi_nav_gate.mjs,pc,,.mjs,False,False,False,False,False
products/pc/app/tools/verify_pc_uiux_route_adoption_gate_v02.mjs,pc,,.mjs,False,False,False,False,False
products/pc/app/tools/verify_prisma_glasscaps_client_directive_0306.mjs,pc,,.mjs,False,False,False,False,False
products/pc/app/tools/verify_prisma_glasscaps_dark_contract_0306.mjs,pc,,.mjs,False,True,False,False,True
products/pc/app/tools/verify_prisma_glasscaps_dark_current_0306.mjs,pc,,.mjs,False,True,True,False,True
products/pc/app/tools/verify_prisma_glasscaps_dark_fix7_calibration_0306.mjs,pc,,.mjs,False,False,False,False,False
products/pc/app/tools/verify_prisma_glasscaps_dark_liquid_0306.mjs,pc,,.mjs,False,True,True,False,True
products/pc/app/tools/verify_prisma_glasscaps_fixed_geometry_0306.mjs,pc,,.mjs,False,True,False,False,False
products/pc/app/tools/verify_prisma_glass_capsules_0206.mjs,pc,,.mjs,False,False,False,False,True
products/pc/app/tools/verify_prisma_glass_capsules_clear2_0206.mjs,pc,,.mjs,False,True,False,False,True
products/pc/app/tools/verify_prisma_glass_capsules_clear3_0206.mjs,pc,,.mjs,False,False,False,False,True
products/pc/app/tools/verify_prisma_glass_capsules_clear_neutral_0206.mjs,pc,,.mjs,False,True,False,False,True
products/pc/app/tools/verify_prisma_glass_capsules_optical_bench_0206.mjs,pc,,.mjs,False,False,True,False,True
products/pc/app/tools/verify_prisma_visual_os_pc_binding_00j.mjs,pc,,.mjs,False,False,False,False,False
products/pc/app/tools/verify_supplier_projectors_01.mjs,pc,,.mjs,False,False,False,False,False
products/pc/app/tools/verify_supplier_sync_contract_01.mjs,pc,,.mjs,False,False,False,False,False
products/pc/app/tools/verify_sync_ingest_persistence_01.mjs,pc,,.mjs,False,False,False,False,False
products/pc/app/types/framework-shims.d.ts,pc,,.ts,False,False,False,False,False
products/pc/app/types/prisma-shim.d.ts,pc,,.ts,False,False,False,False,False
products/pc/app/tools/visual/verify_pc_uiux_visual_gate_v03.mjs,pc,,.mjs,False,False,False,False,False
products/pc/app/tools/visual/verify_pc_uiux_visual_gate_v03_static.mjs,pc,,.mjs,False,False,False,False,False
products/pc/app/tests/prisma-surfaces/surf8.all-surfaces.spec.cjs,pc,,.cjs,False,False,False,False,False
products/pc/app/src/composition/module-registry.ts,pc,,.ts,False,False,False,False,False
products/pc/app/src/composition/navigation.ts,pc,,.ts,False,False,False,False,False
products/pc/app/src/composition/twin-capabilities.ts,pc,,.ts,False,False,False,False,False
products/pc/app/src/lib/utils.ts,pc,,.ts,False,False,False,False,False
products/pc/app/src/prisma-surface-governor/surface-runtime-adapter.ts,pc,,.ts,False,False,False,False,False
products/pc/app/src/uiux/catalog-screen-contract.ts,pc,,.ts,False,False,False,False,False
products/pc/app/src/uiux/copy-dictionary.ts,pc,,.ts,False,False,False,False,False
products/pc/app/src/uiux/decision-model.ts,pc,,.ts,False,False,False,False,False
products/pc/app/src/uiux/hoy-screen-contract.ts,pc,,.ts,False,False,False,False,False
products/pc/app/src/uiux/insights-screen-contract.ts,pc,,.ts,False,False,False,False,False
products/pc/app/src/uiux/inventory-screen-contract.ts,pc,,.ts,False,False,False,False,False
products/pc/app/src/uiux/page-contracts.ts,pc,,.ts,False,False,False,False,False
products/pc/app/src/uiux/purchasing-screen-contract.ts,pc,,.ts,False,False,False,False,False
products/pc/app/src/uiux/reports-screen-contract.ts,pc,,.ts,False,False,False,False,False
products/pc/app/src/uiux/route-map.ts,pc,,.ts,False,False,False,False,False
products/pc/app/src/uiux/sales-and-cash-screen-contract.ts,pc,,.ts,False,False,False,False,False
products/pc/app/src/uiux/settings-screen-contract.ts,pc,,.ts,False,False,False,False,False
products/pc/app/src/uiux/status-translator.ts,pc,,.ts,False,False,False,False,False
products/pc/app/src/uiux/suppliers-screen-contract.ts,pc,,.ts,False,False,False,False,False
products/pc/app/src/uiux/sync-screen-contract.ts,pc,,.ts,False,False,False,False,False
products/pc/app/src/uiux/system-screen-contract.ts,pc,,.ts,False,False,False,False,False
products/pc/app/src/uiux/technical-route-map.ts,pc,,.ts,False,False,False,False,False
products/pc/app/src/server/licensing/pc-license-api.ts,pc,,.ts,False,False,False,False,False
products/pc/app/src/server/licensing/pc-license-refresh.ts,pc,,.ts,False,False,False,False,False
products/pc/app/src/server/licensing/pc-license-service.ts,pc,,.ts,False,False,False,False,False
products/pc/app/src/server/prisma/client.ts,pc,,.ts,False,False,False,False,False
products/pc/app/src/server/repositories/audit-repository.prisma.ts,pc,,.ts,False,False,False,False,False
products/pc/app/src/server/repositories/barcode-repository.prisma.ts,pc,,.ts,False,False,False,False,False
products/pc/app/src/server/repositories/catalog.repository.ts,pc,,.ts,False,False,False,False,False
products/pc/app/src/server/repositories/inventory.repository.ts,pc,,.ts,False,False,False,False,False
products/pc/app/src/server/repositories/operation.repository.ts,pc,,.ts,False,False,False,False,False
products/pc/app/src/server/repositories/outbox-repository.prisma.ts,pc,,.ts,False,False,False,False,False
products/pc/app/src/server/repositories/product-repository.prisma.ts,pc,,.ts,False,False,False,False,False
products/pc/app/src/server/repositories/purchase-order-repository.prisma.ts,pc,,.ts,False,False,False,False,False
products/pc/app/src/server/repositories/stock-repository.prisma.ts,pc,,.ts,False,False,False,False,False
products/pc/app/src/server/services/catalog-delta-export.service.ts,pc,,.ts,False,False,False,False,False
products/pc/app/src/server/services/catalog.service.ts,pc,,.ts,False,False,False,False,False
products/pc/app/src/server/services/inventory-ledger.service.ts,pc,,.ts,False,False,False,False,False
products/pc/app/src/server/services/kpi-formulas.ts,pc,,.ts,False,False,False,False,False
products/pc/app/src/server/services/operation-control.service.ts,pc,,.ts,False,False,False,False,False
products/pc/app/src/server/services/pc-command-center.service.ts,pc,,.ts,False,False,False,False,False
products/pc/app/src/server/services/pc-data-mode-contract.service.ts,pc,,.ts,False,False,False,False,False
products/pc/app/src/server/services/pc-sync-chart-data.service.ts,pc,,.ts,False,False,False,False,False
products/pc/app/src/server/services/sync-ingest.service.ts,pc,,.ts,False,False,False,False,False
products/pc/app/src/server/services/sync-observability.service.ts,pc,,.ts,False,False,False,False,False
products/pc/app/src/server/services/sync-projectors.service.ts,pc,,.ts,False,False,False,False,False
products/pc/app/src/server/services/sync-release.service.ts,pc,,.ts,False,False,False,False,False
products/pc/app/src/server/services/tri-db-command.service.ts,pc,,.ts,False,False,False,False,False
products/pc/app/src/server/services/tri-db-status.service.ts,pc,,.ts,False,False,False,False,False
products/pc/app/src/server/sync/events.ts,pc,,.ts,False,False,False,False,False
products/pc/app/src/server/sync/outbox.ts,pc,,.ts,False,False,False,False,False
products/pc/app/src/server/validators/catalog-quality.ts,pc,,.ts,False,False,False,False,False
products/pc/app/src/server/validators/inventory-integrity.ts,pc,,.ts,False,False,False,False,False
products/pc/app/src/server/validators/procurement-integrity.ts,pc,,.ts,False,False,False,False,False
products/pc/app/src/server/validators/sync-event-contract.ts,pc,,.ts,False,False,False,False,False
products/pc/app/src/prisma-visual-os/interface-constitution/ActionableTableShell.tsx,pc,,.tsx,False,False,False,False,False
products/pc/app/src/prisma-visual-os/interface-constitution/DecisionPage.tsx,pc,,.tsx,False,False,False,False,False
products/pc/app/src/prisma-visual-os/interface-constitution/DecisionPanel.tsx,pc,,.tsx,False,False,False,False,False
products/pc/app/src/prisma-visual-os/interface-constitution/EvidenceDrawer.tsx,pc,,.tsx,False,False,False,False,False
products/pc/app/src/prisma-visual-os/interface-constitution/HumanStates.tsx,pc,,.tsx,False,False,False,False,False
products/pc/app/src/prisma-visual-os/interface-constitution/index.ts,pc,,.ts,False,False,False,False,False
products/pc/app/src/prisma-visual-os/interface-constitution/InsightChartFrame.tsx,pc,,.tsx,False,False,False,False,False
products/pc/app/src/prisma-visual-os/interface-constitution/prisma-interface-constitution.css,pc,,.css,False,True,False,False,True
products/pc/app/src/prisma-visual-os/interface-constitution/types.ts,pc,,.ts,False,False,False,False,False
products/pc/app/src/modules/audit/module.manifest.ts,pc,,.ts,False,False,False,False,False
products/pc/app/src/modules/catalog/module.manifest.ts,pc,,.ts,False,False,False,False,False
products/pc/app/src/modules/catalog/types.ts,pc,,.ts,False,False,False,False,False
products/pc/app/src/modules/counts/module.manifest.ts,pc,,.ts,False,False,False,False,False
products/pc/app/src/modules/inventory/types.ts,pc,,.ts,False,False,False,False,False
products/pc/app/src/modules/operations/types.ts,pc,,.ts,False,False,False,False,False
products/pc/app/src/modules/purchasing/module.manifest.ts,pc,,.ts,False,False,False,False,False
products/pc/app/src/modules/receiving/module.manifest.ts,pc,,.ts,False,False,False,False,False
products/pc/app/src/modules/replenishment/module.manifest.ts,pc,,.ts,False,False,False,False,False
products/pc/app/src/modules/stock/module.manifest.ts,pc,,.ts,False,False,False,False,False
products/pc/app/src/modules/suppliers/module.manifest.ts,pc,,.ts,False,False,False,False,False
products/pc/app/src/modules/sync/module.manifest.ts,pc,,.ts,False,False,False,False,False
products/pc/app/src/modules/sync/tri-db-status.types.ts,pc,,.ts,False,False,False,False,False
products/pc/app/src/modules/sync/types.ts,pc,,.ts,False,False,False,False,False
products/pc/app/src/lib/backoffice/api-response.ts,pc,,.ts,False,False,False,False,False
products/pc/app/src/lib/backoffice/conflicts.ts,pc,,.ts,False,False,False,False,False
products/pc/app/src/lib/backoffice/dashboard.ts,pc,,.ts,False,False,False,False,False
products/pc/app/src/lib/backoffice/event-contract.ts,pc,,.ts,False,False,False,False,False
products/pc/app/src/lib/backoffice/overview.ts,pc,,.ts,False,False,False,False,False
products/pc/app/src/lib/backoffice/security-audit.ts,pc,,.ts,False,False,False,False,False
products/pc/app/src/lib/backoffice/sync-ingest-store.ts,pc,,.ts,False,False,False,False,False
products/pc/app/src/lib/core/kpis.ts,pc,,.ts,False,False,False,False,False
products/pc/app/src/lib/core/product-identity.ts,pc,,.ts,False,False,False,False,False
products/pc/app/src/lib/core/route-contracts.ts,pc,,.ts,False,False,False,False,False
products/pc/app/src/lib/core/types.ts,pc,,.ts,False,False,False,False,False
products/pc/app/src/lib/data/demo.ts,pc,,.ts,False,False,False,False,False
products/pc/app/src/lib/i01/governance-data.ts,pc,,.ts,False,False,False,False,False
products/pc/app/src/lib/i02/catalog-stock-data.ts,pc,,.ts,False,False,False,False,False
products/pc/app/src/lib/i02/catalog-stock-helpers.ts,pc,,.ts,False,False,False,False,False
products/pc/app/src/lib/i03/audit-data.ts,pc,,.ts,False,False,False,False,False
products/pc/app/src/lib/i03/project-index.ts,pc,,.ts,False,False,False,False,False
products/pc/app/src/lib/i04/formatters.ts,pc,,.ts,False,False,False,False,False
products/pc/app/src/lib/i04/procurement-data.ts,pc,,.ts,False,False,False,False,False
products/pc/app/src/lib/i05/replenishment-sync-data.ts,pc,,.ts,False,False,False,False,False
products/pc/app/src/lib/i05/replenishment-sync-helpers.ts,pc,,.ts,False,False,False,False,False
products/pc/app/src/lib/i06/dashboard-data.ts,pc,,.ts,False,False,False,False,False
products/pc/app/src/lib/i06/dashboard-helpers.ts,pc,,.ts,False,False,False,False,False
products/pc/app/src/lib/i07/validation-data.ts,pc,,.ts,False,False,False,False,False
products/pc/app/src/lib/i07/validation-helpers.ts,pc,,.ts,False,False,False,False,False
products/pc/app/src/lib/i08/filter-contract.ts,pc,,.ts,False,False,False,False,False
products/pc/app/src/lib/i08/ux-data.ts,pc,,.ts,False,False,False,False,False
products/pc/app/src/lib/i09/detail-data.ts,pc,,.ts,False,False,False,False,False
products/pc/app/src/lib/i10/reporting-data.ts,pc,,.ts,False,False,False,False,False
products/pc/app/src/lib/i11/page-data.ts,pc,,.ts,False,False,False,False,False
products/pc/app/src/lib/services/catalog.ts,pc,,.ts,False,False,False,False,False
products/pc/app/src/lib/services/dashboard.ts,pc,,.ts,False,False,False,False,False
products/pc/app/src/lib/services/inventory.ts,pc,,.ts,False,False,False,False,False
products/pc/app/src/lib/services/procurement.ts,pc,,.ts,False,False,False,False,False
products/pc/app/src/lib/services/sync.ts,pc,,.ts,False,False,False,False,False
products/pc/app/src/lib/suppliers/action-reducer.ts,pc,,.ts,False,False,False,False,False
products/pc/app/src/lib/suppliers/client-persistence.ts,pc,,.ts,False,False,False,False,False
products/pc/app/src/lib/suppliers/data-quality.ts,pc,,.ts,False,False,False,False,False
products/pc/app/src/lib/suppliers/event-catalog.ts,pc,,.ts,False,False,False,False,False
products/pc/app/src/lib/suppliers/export-contracts.ts,pc,,.ts,False,False,False,False,False
products/pc/app/src/lib/suppliers/fixtures.ts,pc,,.ts,False,False,False,False,False
products/pc/app/src/lib/suppliers/in-memory-repository.ts,pc,,.ts,False,False,False,False,False
products/pc/app/src/lib/suppliers/inventory-bridge.ts,pc,,.ts,False,False,False,False,False
products/pc/app/src/lib/suppliers/lifecycle-engine.ts,pc,,.ts,False,False,False,False,False
products/pc/app/src/lib/suppliers/lifecycle-report.ts,pc,,.ts,False,False,False,False,False
products/pc/app/src/lib/suppliers/lifecycle-scenarios.ts,pc,,.ts,False,False,False,False,False
products/pc/app/src/lib/suppliers/lifecycle-validator.ts,pc,,.ts,False,False,False,False,False
products/pc/app/src/lib/suppliers/operations-view-model.ts,pc,,.ts,False,False,False,False,False
products/pc/app/src/lib/suppliers/prisma-mapping.ts,pc,,.ts,False,False,False,False,False
products/pc/app/src/lib/suppliers/repository-contract.ts,pc,,.ts,False,False,False,False,False
products/pc/app/src/lib/suppliers/server.ts,pc,,.ts,False,False,False,False,False
products/pc/app/src/lib/suppliers/smart-purchase-engine.ts,pc,,.ts,False,False,False,False,False
products/pc/app/src/lib/suppliers/transition-policy.ts,pc,,.ts,False,False,False,False,False
products/pc/app/src/lib/suppliers/types.ts,pc,,.ts,False,False,False,False,False
products/pc/app/src/lib/suppliers/visible-labels.ts,pc,,.ts,False,False,False,False,False
products/pc/app/src/lib/i18n/messages/es.ts,pc,,.ts,False,False,False,False,False
products/pc/app/referencia-visual/liquid-glass-capsules/liquid-glass-capsules.module.css,pc,,.css,False,True,True,True,True
products/pc/app/referencia-visual/liquid-glass-capsules/page.tsx,pc,/referencia-visual/liquid-glass-capsules,.tsx,False,False,False,False,False
products/pc/app/public/surface-visual-governor/reference-visual/latest/prisma-pc-reference-visual.css,pc,,.css,True,True,True,True,True
products/pc/app/public/surface-visual-governor/reference-visual/pilot-03/prisma-pc-reference-visual.css,pc,,.css,True,True,True,True,True
products/pc/app/components/backoffice/data-table.tsx,pc,,.tsx,False,False,False,False,False
products/pc/app/components/backoffice/empty-state.tsx,pc,,.tsx,False,False,False,False,False
products/pc/app/components/backoffice/executive-dashboard.tsx,pc,,.tsx,False,False,False,False,False
products/pc/app/components/backoffice/ingest-event-panel.tsx,pc,,.tsx,False,False,False,False,False
products/pc/app/components/backoffice/kpi-card.tsx,pc,,.tsx,False,False,False,False,False
products/pc/app/components/backoffice/module-overview-page.tsx,pc,,.tsx,False,False,False,False,False
products/pc/app/components/backoffice/status-badge.tsx,pc,,.tsx,False,False,False,False,False
products/pc/app/components/catalog/catalog-dashboard.tsx,pc,,.tsx,False,False,False,False,False
products/pc/app/components/control/pc-command-actions.tsx,pc,,.tsx,False,False,False,False,False
products/pc/app/components/control/pc-command-center-page.tsx,pc,,.tsx,False,False,False,False,False
products/pc/app/components/inventory/inventory-workspace.tsx,pc,,.tsx,False,False,False,False,False
products/pc/app/components/landing/prisma-business-overview.tsx,pc,,.tsx,False,False,False,False,False
products/pc/app/components/landing/prisma-pc-interactive-command.tsx,pc,,.tsx,False,False,False,False,False
products/pc/app/components/layout/app-shell.tsx,pc,,.tsx,False,False,False,False,False
products/pc/app/components/layout/nav-link.tsx,pc,,.tsx,False,False,False,False,False
products/pc/app/components/license/feature-list.tsx,pc,,.tsx,False,False,False,False,False
products/pc/app/components/license/license-blocked-card.tsx,pc,,.tsx,False,False,False,False,False
products/pc/app/components/license/license-gate-banner.tsx,pc,,.tsx,False,False,False,False,False
products/pc/app/components/license/license-refresh-panel.tsx,pc,,.tsx,False,False,False,False,False
products/pc/app/components/license/license-status-card.tsx,pc,,.tsx,False,False,False,False,False
products/pc/app/components/license/license-warning-badge.tsx,pc,,.tsx,False,False,False,False,False
products/pc/app/components/operations/operation-workspace.tsx,pc,,.tsx,False,False,False,False,False
products/pc/app/components/prisma-glass-capsule/index.ts,pc,,.ts,False,False,False,False,False
products/pc/app/components/prisma-glass-capsule/prisma-glass-capsule.module.css,pc,,.css,False,True,True,True,True
products/pc/app/components/prisma-glass-capsule/prisma-glass-capsule.tsx,pc,,.tsx,False,False,False,False,False
products/pc/app/components/suppliers/smart-purchase-workbench.tsx,pc,,.tsx,False,False,False,False,False
products/pc/app/components/suppliers/supplier-action-cockpit.tsx,pc,,.tsx,False,False,False,False,False
products/pc/app/components/sync/pc-sync-chart-promotion-panel.module.css,pc,,.css,False,True,False,False,False
products/pc/app/components/sync/pc-sync-chart-promotion-panel.tsx,pc,,.tsx,False,False,False,False,False
products/pc/app/components/sync/sync-release-workspace.tsx,pc,,.tsx,False,True,False,False,False
products/pc/app/components/sync/tri-db-status-card.tsx,pc,,.tsx,False,True,False,False,False
products/pc/app/components/sync/tri-db-sync-action.tsx,pc,,.tsx,False,True,False,False,False
products/pc/app/components/ui/badge.tsx,pc,,.tsx,False,False,False,False,False
products/pc/app/components/ui/bulk-action-card.tsx,pc,,.tsx,False,False,False,False,False
products/pc/app/components/ui/data-state-card.tsx,pc,,.tsx,False,False,False,False,False
products/pc/app/components/ui/date-pill.tsx,pc,,.tsx,False,False,False,False,False
products/pc/app/components/ui/filter-chip.tsx,pc,,.tsx,False,False,False,False,False
products/pc/app/components/ui/i11-pill.tsx,pc,,.tsx,False,False,False,False,False
products/pc/app/components/ui/i11-summary-grid.tsx,pc,,.tsx,False,False,False,False,False
products/pc/app/components/ui/i11-table.tsx,pc,,.tsx,False,False,False,False,False
products/pc/app/components/ui/ops-table.tsx,pc,,.tsx,False,False,False,False,False
products/pc/app/components/ui/prisma-dark-selector.tsx,pc,,.tsx,False,False,False,False,False
products/pc/app/components/ui/report-contract-card.tsx,pc,,.tsx,False,False,False,False,False
products/pc/app/components/ui/section-card.tsx,pc,,.tsx,False,False,False,False,False
products/pc/app/components/ui/stat-card.tsx,pc,,.tsx,False,False,False,False,False
products/pc/app/components/ui/table-simple.tsx,pc,,.tsx,False,False,False,False,False
products/pc/app/components/uiux/actionable-table.tsx,pc,,.tsx,False,False,False,False,False
products/pc/app/components/uiux/attention-summary.tsx,pc,,.tsx,False,False,False,False,False
products/pc/app/components/uiux/chart-insight-card.tsx,pc,,.tsx,False,False,False,False,False
products/pc/app/components/uiux/confirm-real-action-dialog.tsx,pc,,.tsx,False,False,False,False,False
products/pc/app/components/uiux/decision-header.tsx,pc,,.tsx,False,False,False,False,False
products/pc/app/components/uiux/decision-screen.tsx,pc,,.tsx,False,False,False,False,False
products/pc/app/components/uiux/decision-types.ts,pc,,.ts,False,False,False,False,False
products/pc/app/components/uiux/empty-state-human.tsx,pc,,.tsx,False,False,False,False,False
products/pc/app/components/uiux/evidence-drawer.tsx,pc,,.tsx,False,False,False,False,False
products/pc/app/components/uiux/human-error-state.tsx,pc,,.tsx,False,False,False,False,False
products/pc/app/components/uiux/human-status-badge.tsx,pc,,.tsx,False,False,False,False,False
products/pc/app/components/uiux/index.ts,pc,,.ts,False,False,False,False,False
products/pc/app/components/uiux/next-best-action.tsx,pc,,.tsx,False,False,False,False,False
products/pc/app/components/uiux/pc-module-shell.tsx,pc,,.tsx,False,False,False,False,False
products/pc/app/components/uiux/pc-route-contract-provider.tsx,pc,,.tsx,False,False,False,False,False
products/pc/app/components/uiux/pc-subnav.tsx,pc,,.tsx,False,False,False,False,False
products/pc/app/app/acciones-masivas/error.tsx,pc,,.tsx,False,False,False,False,False
products/pc/app/app/acciones-masivas/loading.tsx,pc,,.tsx,False,False,False,False,False
products/pc/app/app/acciones-masivas/page.tsx,pc,/app/acciones-masivas,.tsx,False,False,False,False,False
products/pc/app/app/ajustes-inventario/page.tsx,pc,/app/ajustes-inventario,.tsx,False,False,False,False,False
products/pc/app/app/alertas-ejecutivas/page.tsx,pc,/app/alertas-ejecutivas,.tsx,False,False,False,False,False
products/pc/app/app/alertas-operativas/page.tsx,pc,/app/alertas-operativas,.tsx,False,False,False,False,False
products/pc/app/app/audit/error.tsx,pc,,.tsx,False,False,False,False,False
products/pc/app/app/audit/loading.tsx,pc,,.tsx,False,False,False,False,False
products/pc/app/app/audit/page.tsx,pc,/app/audit,.tsx,False,False,False,False,False
products/pc/app/app/auditoria-inventario/page.tsx,pc,/app/auditoria-inventario,.tsx,False,False,False,False,False
products/pc/app/app/cash-sessions/error.tsx,pc,,.tsx,False,False,False,False,False
products/pc/app/app/cash-sessions/loading.tsx,pc,,.tsx,False,False,False,False,False
products/pc/app/app/cash-sessions/page.tsx,pc,/app/cash-sessions,.tsx,False,False,False,False,False
products/pc/app/app/catalog/error.tsx,pc,,.tsx,False,False,False,False,False
products/pc/app/app/catalog/loading.tsx,pc,,.tsx,False,False,False,False,False
products/pc/app/app/catalog/page.tsx,pc,/app/catalog,.tsx,False,False,False,False,False
products/pc/app/app/catalogo-activo/page.tsx,pc,/app/catalogo-activo,.tsx,False,False,False,False,False
products/pc/app/app/components/PrismaAtmosphericBackground.tsx,pc,,.tsx,True,True,False,False,False
products/pc/app/app/conteos-operativos/page.tsx,pc,/app/conteos-operativos,.tsx,False,False,False,False,False
products/pc/app/app/contratos-reporte/error.tsx,pc,,.tsx,False,False,False,False,False
products/pc/app/app/contratos-reporte/loading.tsx,pc,,.tsx,False,False,False,False,False
products/pc/app/app/contratos-reporte/page.tsx,pc,/app/contratos-reporte,.tsx,False,False,False,False,False
products/pc/app/app/counts/error.tsx,pc,,.tsx,False,False,False,False,False
products/pc/app/app/counts/loading.tsx,pc,,.tsx,False,False,False,False,False
products/pc/app/app/counts/page.tsx,pc,/app/counts,.tsx,False,False,False,False,False
products/pc/app/app/dashboard/error.tsx,pc,,.tsx,False,True,False,False,False
products/pc/app/app/dashboard/hoy-premium.module.css,pc,,.css,True,True,True,True,True
products/pc/app/app/dashboard/loading.tsx,pc,,.tsx,False,False,False,False,False
products/pc/app/app/dashboard/page.tsx,pc,/app/dashboard,.tsx,False,False,False,False,False
products/pc/app/app/dashboard/prisma-surface-dashboard.module.css,pc,,.css,False,True,True,True,True
products/pc/app/app/data-quality/error.tsx,pc,,.tsx,False,False,False,False,False
products/pc/app/app/data-quality/loading.tsx,pc,,.tsx,False,False,False,False,False
products/pc/app/app/data-quality/page.tsx,pc,/app/data-quality,.tsx,False,False,False,False,False
products/pc/app/app/detalle-registros/error.tsx,pc,,.tsx,False,False,False,False,False
products/pc/app/app/detalle-registros/loading.tsx,pc,,.tsx,False,False,False,False,False
products/pc/app/app/detalle-registros/page.tsx,pc,/app/detalle-registros,.tsx,False,False,False,False,False
products/pc/app/app/devices/error.tsx,pc,,.tsx,False,False,False,False,False
products/pc/app/app/devices/loading.tsx,pc,,.tsx,False,False,False,False,False
products/pc/app/app/devices/page.tsx,pc,/app/devices,.tsx,False,False,False,False,False
products/pc/app/app/estados-operativos/error.tsx,pc,,.tsx,False,False,False,False,False
products/pc/app/app/estados-operativos/loading.tsx,pc,,.tsx,False,False,False,False,False
products/pc/app/app/estados-operativos/page.tsx,pc,/app/estados-operativos,.tsx,False,False,False,False,False
products/pc/app/app/existencias-criticas/page.tsx,pc,/app/existencias-criticas,.tsx,False,False,False,False,False
products/pc/app/app/exportables/error.tsx,pc,,.tsx,False,False,False,False,False
products/pc/app/app/exportables/loading.tsx,pc,,.tsx,False,False,False,False,False
products/pc/app/app/exportables/page.tsx,pc,/app/exportables,.tsx,False,False,False,False,False
products/pc/app/app/filtros-avanzados/error.tsx,pc,,.tsx,False,False,False,False,False
products/pc/app/app/filtros-avanzados/loading.tsx,pc,,.tsx,False,False,False,False,False
products/pc/app/app/filtros-avanzados/page.tsx,pc,/app/filtros-avanzados,.tsx,False,False,False,False,False
products/pc/app/app/filtros-fecha/error.tsx,pc,,.tsx,False,False,False,False,False
products/pc/app/app/filtros-fecha/loading.tsx,pc,,.tsx,False,False,False,False,False
products/pc/app/app/filtros-fecha/page.tsx,pc,/app/filtros-fecha,.tsx,False,False,False,False,False
products/pc/app/app/forecast-basico/error.tsx,pc,,.tsx,False,False,False,False,False
products/pc/app/app/forecast-basico/loading.tsx,pc,,.tsx,False,False,False,False,False
products/pc/app/app/forecast-basico/page.tsx,pc,/app/forecast-basico,.tsx,False,False,False,False,False
products/pc/app/app/glosario/error.tsx,pc,,.tsx,False,False,False,False,False
products/pc/app/app/glosario/loading.tsx,pc,,.tsx,False,False,False,False,False
products/pc/app/app/glosario/page.tsx,pc,/app/glosario,.tsx,False,False,False,False,False
products/pc/app/app/gobierno/error.tsx,pc,,.tsx,False,False,False,False,False
products/pc/app/app/gobierno/loading.tsx,pc,,.tsx,False,False,False,False,False
products/pc/app/app/gobierno/page.tsx,pc,/app/gobierno,.tsx,False,False,False,False,False
products/pc/app/app/incidencias-recepcion/error.tsx,pc,,.tsx,False,False,False,False,False
products/pc/app/app/incidencias-recepcion/loading.tsx,pc,,.tsx,False,False,False,False,False
products/pc/app/app/incidencias-recepcion/page.tsx,pc,/app/incidencias-recepcion,.tsx,False,False,False,False,False
products/pc/app/app/integridad-barcodes/page.tsx,pc,/app/integridad-barcodes,.tsx,False,False,False,False,False
products/pc/app/app/laboratorio-pc/error.tsx,pc,,.tsx,False,True,False,False,False
products/pc/app/app/laboratorio-pc/loading.tsx,pc,,.tsx,False,True,False,False,False
products/pc/app/app/laboratorio-pc/page.tsx,pc,/app/laboratorio-pc,.tsx,True,True,False,False,False
products/pc/app/app/license-runtime/error.tsx,pc,,.tsx,False,True,False,False,False
products/pc/app/app/license-runtime/loading.tsx,pc,,.tsx,False,True,False,False,False
products/pc/app/app/license-runtime/page.tsx,pc,/app/license-runtime,.tsx,False,False,False,False,False
products/pc/app/app/metricas-dia/error.tsx,pc,,.tsx,False,True,False,False,False
products/pc/app/app/metricas-dia/loading.tsx,pc,,.tsx,False,True,False,False,False
products/pc/app/app/metricas-dia/page.tsx,pc,/app/metricas-dia,.tsx,False,False,False,False,False
products/pc/app/app/movements/error.tsx,pc,,.tsx,False,True,False,False,False
products/pc/app/app/movements/loading.tsx,pc,,.tsx,False,True,False,False,False
products/pc/app/app/movements/page.tsx,pc,/app/movements,.tsx,False,False,False,False,False
products/pc/app/app/ordenes-compra/error.tsx,pc,,.tsx,False,True,False,False,False
products/pc/app/app/ordenes-compra/loading.tsx,pc,,.tsx,False,True,False,False,False
products/pc/app/app/ordenes-compra/page.tsx,pc,/app/ordenes-compra,.tsx,False,False,False,False,False
products/pc/app/app/outbox-operativo/error.tsx,pc,,.tsx,False,True,False,False,False
products/pc/app/app/outbox-operativo/loading.tsx,pc,,.tsx,False,True,False,False,False
products/pc/app/app/outbox-operativo/page.tsx,pc,/app/outbox-operativo,.tsx,False,False,False,False,False
products/pc/app/app/politica-precios/page.tsx,pc,/app/politica-precios,.tsx,False,False,False,False,False
products/pc/app/app/prisma-insights/error.tsx,pc,,.tsx,False,False,False,False,False
products/pc/app/app/prisma-insights/loading.tsx,pc,,.tsx,False,False,False,False,False
products/pc/app/app/prisma-insights/page.tsx,pc,/app/prisma-insights,.tsx,False,False,False,False,False
products/pc/app/app/prisma-insights/prisma-pc-insights.module.css,pc,,.css,False,True,False,False,True
products/pc/app/app/prisma-insights/PrismaPcInsightsGrid.tsx,pc,,.tsx,False,False,False,False,False
products/pc/app/app/proveedores/error.tsx,pc,,.tsx,False,False,False,False,False
products/pc/app/app/proveedores/loading.tsx,pc,,.tsx,False,False,False,False,False
products/pc/app/app/proveedores/page.tsx,pc,/app/proveedores,.tsx,False,False,False,False,False
products/pc/app/app/pulso/prisma-pulso.module.css,pc,,.css,False,True,True,False,True
products/pc/app/app/purchasing/error.tsx,pc,,.tsx,False,False,False,False,False
products/pc/app/app/purchasing/loading.tsx,pc,,.tsx,False,False,False,False,False
products/pc/app/app/purchasing/page.tsx,pc,/app/purchasing,.tsx,False,False,False,False,False
products/pc/app/app/receiving/error.tsx,pc,,.tsx,False,False,False,False,False
products/pc/app/app/receiving/loading.tsx,pc,,.tsx,False,False,False,False,False
products/pc/app/app/receiving/page.tsx,pc,/app/receiving,.tsx,False,False,False,False,False
products/pc/app/app/recepcion-proveedor/error.tsx,pc,,.tsx,False,False,False,False,False
products/pc/app/app/recepcion-proveedor/loading.tsx,pc,,.tsx,False,False,False,False,False
products/pc/app/app/recepcion-proveedor/page.tsx,pc,/app/recepcion-proveedor,.tsx,False,False,False,False,False
products/pc/app/app/referencia-visual/error.tsx,pc,,.tsx,False,False,False,False,False
products/pc/app/app/referencia-visual/loading.tsx,pc,,.tsx,False,False,False,False,False
products/pc/app/app/referencia-visual/page.tsx,pc,/app/referencia-visual,.tsx,False,False,False,False,False
products/pc/app/app/replenishment/error.tsx,pc,,.tsx,False,False,False,False,False
products/pc/app/app/replenishment/loading.tsx,pc,,.tsx,False,False,False,False,False
products/pc/app/app/replenishment/page.tsx,pc,/app/replenishment,.tsx,False,False,False,False,False
products/pc/app/app/sales-control/error.tsx,pc,,.tsx,False,False,False,False,False
products/pc/app/app/sales-control/loading.tsx,pc,,.tsx,False,False,False,False,False
products/pc/app/app/sales-control/page.tsx,pc,/app/sales-control,.tsx,False,False,False,False,False
products/pc/app/app/salud-barcodes/page.tsx,pc,/app/salud-barcodes,.tsx,False,False,False,False,False
products/pc/app/app/scorecards-negocio/error.tsx,pc,,.tsx,False,False,False,False,False
products/pc/app/app/scorecards-negocio/loading.tsx,pc,,.tsx,False,False,False,False,False
products/pc/app/app/scorecards-negocio/page.tsx,pc,/app/scorecards-negocio,.tsx,False,False,False,False,False
products/pc/app/app/senal-reabasto/error.tsx,pc,,.tsx,False,False,False,False,False
products/pc/app/app/senal-reabasto/loading.tsx,pc,,.tsx,False,False,False,False,False
products/pc/app/app/senal-reabasto/page.tsx,pc,/app/senal-reabasto,.tsx,False,False,False,False,False
products/pc/app/app/settings/error.tsx,pc,,.tsx,False,False,False,False,False
products/pc/app/app/settings/loading.tsx,pc,,.tsx,False,False,False,False,False
products/pc/app/app/settings/page.tsx,pc,/app/settings,.tsx,False,False,False,False,False
products/pc/app/app/stock/error.tsx,pc,,.tsx,False,False,False,False,False
products/pc/app/app/stock/loading.tsx,pc,,.tsx,False,False,False,False,False
products/pc/app/app/stock/page.tsx,pc,/app/stock,.tsx,False,False,False,False,False
products/pc/app/app/sync/error.tsx,pc,,.tsx,False,False,False,False,False
products/pc/app/app/sync/loading.tsx,pc,,.tsx,False,False,False,False,False
products/pc/app/app/sync/page.tsx,pc,/app/sync,.tsx,False,False,False,False,False
products/pc/app/app/sync-operativo/error.tsx,pc,,.tsx,False,False,False,False,False
products/pc/app/app/sync-operativo/loading.tsx,pc,,.tsx,False,False,False,False,False
products/pc/app/app/sync-operativo/page.tsx,pc,/app/sync-operativo,.tsx,False,False,False,False,False
products/pc/app/app/tablas-operativas/error.tsx,pc,,.tsx,False,False,False,False,False
products/pc/app/app/tablas-operativas/loading.tsx,pc,,.tsx,False,False,False,False,False
products/pc/app/app/tablas-operativas/page.tsx,pc,/app/tablas-operativas,.tsx,False,False,False,False,False
products/pc/app/app/tablero-kpi/error.tsx,pc,,.tsx,False,False,False,False,False
products/pc/app/app/tablero-kpi/loading.tsx,pc,,.tsx,False,False,False,False,False
products/pc/app/app/tablero-kpi/page.tsx,pc,/app/tablero-kpi,.tsx,False,False,False,False,False
products/pc/app/app/tablet-communication/error.tsx,pc,,.tsx,False,False,False,False,False
products/pc/app/app/tablet-communication/loading.tsx,pc,,.tsx,False,False,False,False,False
products/pc/app/app/tablet-communication/page.tsx,pc,/app/tablet-communication,.tsx,False,False,False,False,False
products/pc/app/app/validacion-catalogo/page.tsx,pc,/app/validacion-catalogo,.tsx,False,False,False,False,False
products/pc/app/app/vistas-ejecutivas/error.tsx,pc,,.tsx,False,False,False,False,False
products/pc/app/app/vistas-ejecutivas/loading.tsx,pc,,.tsx,False,False,False,False,False
products/pc/app/app/vistas-ejecutivas/page.tsx,pc,/app/vistas-ejecutivas,.tsx,False,False,False,False,False
products/pc/app/app/settings/license/error.tsx,pc,,.tsx,False,False,False,False,False
products/pc/app/app/settings/license/loading.tsx,pc,,.tsx,False,False,False,False,False
products/pc/app/app/settings/license/page.tsx,pc,/app/settings/license,.tsx,False,False,False,False,False
products/pc/app/app/referencia-visual/liquid-glass/liquid-glass-ogl-aura.tsx,pc,,.tsx,False,False,False,False,False
products/pc/app/app/referencia-visual/liquid-glass/page.tsx,pc,/app/referencia-visual/liquid-glass,.tsx,False,False,False,False,False
products/pc/app/app/referencia-visual/liquid-glass-capsules/liquid-glass-capsules.module.css,pc,,.css,False,True,True,True,True
products/pc/app/app/referencia-visual/liquid-glass-capsules/page.tsx,pc,/app/referencia-visual/liquid-glass-capsules,.tsx,False,False,False,False,False
products/pc/app/app/prisma-insights/chart-lab/page.tsx,pc,/app/prisma-insights/chart-lab,.tsx,False,False,False,False,False
products/pc/app/app/prisma-insights/charts/PcCausalFlowRibbon.tsx,pc,,.tsx,False,False,False,False,False
products/pc/app/app/prisma-insights/charts/PcChartCard.tsx,pc,,.tsx,False,False,False,False,False
products/pc/app/app/prisma-insights/charts/PcDecisionLedgerTimeline.tsx,pc,,.tsx,False,False,False,False,False
products/pc/app/app/prisma-insights/charts/PcFinancialOperationalWaterfall.tsx,pc,,.tsx,False,False,False,False,False
products/pc/app/app/prisma-insights/charts/PcInventoryRiskTreemap.tsx,pc,,.tsx,False,False,False,False,False
products/pc/app/app/prisma-insights/charts/PcOperationalDensityField.tsx,pc,,.tsx,False,False,False,False,False
products/pc/app/app/prisma-insights/charts/PcServiceDependencyGraph.tsx,pc,,.tsx,False,False,False,False,False
products/pc/app/app/laboratorio-pc/chart-lab/page.tsx,pc,/app/laboratorio-pc/chart-lab,.tsx,False,False,False,False,False
products/pc/app/app/laboratorio-pc/dashboard-governor/error.tsx,pc,,.tsx,False,True,False,False,False
products/pc/app/app/laboratorio-pc/dashboard-governor/loading.tsx,pc,,.tsx,False,True,False,False,False
products/pc/app/app/laboratorio-pc/dashboard-governor/page.tsx,pc,/app/laboratorio-pc/dashboard-governor,.tsx,False,True,False,False,False
products/pc/app/app/laboratorio-pc/dashboard-governor/prisma-surface-dashboard.module.css,pc,,.css,False,True,True,True,True
products/pc/app/app/laboratorio-pc/referencia-visual/error.tsx,pc,,.tsx,False,False,False,False,False
products/pc/app/app/laboratorio-pc/referencia-visual/loading.tsx,pc,,.tsx,False,False,False,False,False
products/pc/app/app/laboratorio-pc/referencia-visual/page.tsx,pc,/app/laboratorio-pc/referencia-visual,.tsx,True,True,False,False,False
products/pc/app/app/laboratorio-pc/referencia-visual/liquid-glass/liquid-glass-ogl-aura.tsx,pc,,.tsx,False,False,False,False,False
products/pc/app/app/laboratorio-pc/referencia-visual/liquid-glass/page.tsx,pc,/app/laboratorio-pc/referencia-visual/liquid-glass,.tsx,False,True,False,False,False
products/pc/app/app/laboratorio-pc/referencia-visual/liquid-glass-capsules/liquid-glass-capsules.module.css,pc,,.css,False,True,True,True,True
products/pc/app/app/laboratorio-pc/referencia-visual/liquid-glass-capsules/page.tsx,pc,/app/laboratorio-pc/referencia-visual/liquid-glass-capsules,.tsx,False,False,False,False,False
products/pc/app/app/api/sync/ingest/route.ts,pc,,.ts,False,False,False,False,False
products/pc/app/app/api/sync/tri-db/run/route.ts,pc,,.ts,False,False,False,False,False
products/pc/app/app/api/sync/export/catalog-delta/route.ts,pc,,.ts,False,False,False,False,False
products/pc/app/app/api/proveedores/auditoria/route.ts,pc,,.ts,False,False,False,False,False
products/pc/app/app/api/proveedores/calendario/route.ts,pc,,.ts,False,False,False,False,False
products/pc/app/app/api/proveedores/calidad-datos/route.ts,pc,,.ts,False,False,False,False,False
products/pc/app/app/api/proveedores/compra-inteligente/route.ts,pc,,.ts,False,False,False,False,False
products/pc/app/app/api/proveedores/cuentas-pagar/route.ts,pc,,.ts,False,False,False,False,False
products/pc/app/app/api/proveedores/exportables/route.ts,pc,,.ts,False,False,False,False,False
products/pc/app/app/api/proveedores/inventario/route.ts,pc,,.ts,False,False,False,False,False
products/pc/app/app/api/proveedores/operacion/route.ts,pc,,.ts,False,False,False,False,False
products/pc/app/app/api/proveedores/pedidos/route.ts,pc,,.ts,False,False,False,False,False
products/pc/app/app/api/proveedores/recepciones/route.ts,pc,,.ts,False,False,False,False,False
products/pc/app/app/api/proveedores/senales/route.ts,pc,,.ts,False,False,False,False,False
products/pc/app/app/api/proveedores/recepciones/confirmar/route.ts,pc,,.ts,False,False,False,False,False
products/pc/app/app/api/proveedores/qa/escenarios/route.ts,pc,,.ts,False,False,False,False,False
products/pc/app/app/api/proveedores/cuentas-pagar/registrar-pago/route.ts,pc,,.ts,False,False,False,False,False
products/pc/app/app/api/proveedores/compra-inteligente/crear-pedido/route.ts,pc,,.ts,False,False,False,False,False
products/pc/app/app/api/proveedores/compra-inteligente/simular/route.ts,pc,,.ts,False,False,False,False,False
products/pc/app/app/api/license/features/route.ts,pc,,.ts,False,False,False,False,False
products/pc/app/app/api/license/refresh/route.ts,pc,,.ts,False,False,False,False,False
products/pc/app/app/api/license/status/route.ts,pc,,.ts,False,False,False,False,False
products/pc/app/app/api/license/refresh/status/route.ts,pc,,.ts,False,False,False,False,False
products/pc/app/app/api/license/features/[key]/route.ts,pc,,.ts,False,False,False,False,False
products/pc/app/app/api/charts/pc/sync-command-lifecycle-timeline/route.ts,pc,,.ts,False,False,False,False,False
products/pc/app/app/api/charts/pc/tablet-catalog-freshness-grid/route.ts,pc,,.ts,False,False,False,False,False
products/pc/app/app/api/backoffice/audit/route.ts,pc,,.ts,False,False,False,False,False
products/pc/app/app/api/backoffice/cash-sessions/route.ts,pc,,.ts,False,False,False,False,False
products/pc/app/app/api/backoffice/catalog/route.ts,pc,,.ts,False,False,False,False,False
products/pc/app/app/api/backoffice/counts/route.ts,pc,,.ts,False,False,False,False,False
products/pc/app/app/api/backoffice/dashboard/route.ts,pc,,.ts,False,False,False,False,False
products/pc/app/app/api/backoffice/data-quality/route.ts,pc,,.ts,False,False,False,False,False
products/pc/app/app/api/backoffice/db-health/route.ts,pc,,.ts,False,False,False,False,False
products/pc/app/app/api/backoffice/devices/route.ts,pc,,.ts,False,False,False,False,False
products/pc/app/app/api/backoffice/dropdowns/route.ts,pc,,.ts,False,False,False,False,False
products/pc/app/app/api/backoffice/license-runtime/route.ts,pc,,.ts,False,False,False,False,False
products/pc/app/app/api/backoffice/movements/route.ts,pc,,.ts,False,False,False,False,False
products/pc/app/app/api/backoffice/purchasing/route.ts,pc,,.ts,False,False,False,False,False
products/pc/app/app/api/backoffice/receiving/route.ts,pc,,.ts,False,False,False,False,False
products/pc/app/app/api/backoffice/replenishment/route.ts,pc,,.ts,False,False,False,False,False
products/pc/app/app/api/backoffice/sales-control/route.ts,pc,,.ts,False,False,False,False,False
products/pc/app/app/api/backoffice/stock/route.ts,pc,,.ts,False,False,False,False,False
products/pc/app/app/api/backoffice/sync/route.ts,pc,,.ts,False,False,False,False,False
products/pc/app/app/api/backoffice/tablet-communication/route.ts,pc,,.ts,False,False,False,False,False
products/pc/app/app/api/backoffice/tablet-communication/governance-command/route.ts,pc,,.ts,False,False,False,False,False
products/pc/app/app/api/backoffice/sync/conflicts/route.ts,pc,,.ts,False,False,False,False,False
products/pc/app/app/api/backoffice/sync/export-pc-to-tablet/route.ts,pc,,.ts,False,False,False,False,False
products/pc/app/app/api/backoffice/sync/ingest/route.ts,pc,,.ts,False,False,False,False,False
products/pc/app/app/api/backoffice/sync/project-tablet-to-pc/route.ts,pc,,.ts,False,False,False,False,False
products/pc/app/app/api/backoffice/sync/retry/route.ts,pc,,.ts,False,False,False,False,False
products/pc/app/app/api/backoffice/sync/status/route.ts,pc,,.ts,False,False,False,False,False
products/pc/app/app/api/backoffice/sync/conflicts/review/route.ts,pc,,.ts,False,False,False,False,False
products/pc/app/app/api/backoffice/demo/purge/route.ts,pc,,.ts,False,False,False,False,False
products/pc/app/app/api/backoffice/demo/reset/route.ts,pc,,.ts,False,False,False,False,False
products/pc/app/app/api/backoffice/demo/seed/route.ts,pc,,.ts,False,False,False,False,False
products/pc/app/app/api/backoffice/demo/status/route.ts,pc,,.ts,False,False,False,False,False
products/pc/app/app/api/backoffice/client/activate/route.ts,pc,,.ts,False,False,False,False,False
products/pc/app/app/api/backoffice/client/readiness/route.ts,pc,,.ts,False,False,False,False,False
products/pc/app/app/api/backoffice/audit/recent/route.ts,pc,,.ts,False,False,False,False,False
products/pc/app/.generated/prisma-client/default.d.ts,pc,,.ts,False,False,False,False,False
products/pc/app/.generated/prisma-client/default.js,pc,,.js,False,False,False,False,False
products/pc/app/.generated/prisma-client/edge.d.ts,pc,,.ts,False,False,False,False,False
products/pc/app/.generated/prisma-client/edge.js,pc,,.js,False,False,False,True,False
products/pc/app/.generated/prisma-client/index-browser.js,pc,,.js,False,False,False,True,False
products/pc/app/.generated/prisma-client/index.d.ts,pc,,.ts,False,False,False,True,False
products/pc/app/.generated/prisma-client/index.js,pc,,.js,False,False,False,True,False
products/pc/app/.generated/prisma-client/wasm.d.ts,pc,,.ts,False,False,False,False,False
products/pc/app/.generated/prisma-client/wasm.js,pc,,.js,False,False,False,True,False
products/pc/app/.generated/prisma-client/runtime/edge-esm.js,pc,,.js,False,False,False,True,False
products/pc/app/.generated/prisma-client/runtime/edge.js,pc,,.js,False,False,False,True,False
products/pc/app/.generated/prisma-client/runtime/index-browser.d.ts,pc,,.ts,False,False,False,False,False
products/pc/app/.generated/prisma-client/runtime/index-browser.js,pc,,.js,False,False,False,False,False
products/pc/app/.generated/prisma-client/runtime/library.d.ts,pc,,.ts,False,False,False,True,False
products/pc/app/.generated/prisma-client/runtime/library.js,pc,,.js,False,False,False,True,False
products/pc/app/.generated/prisma-client/runtime/react-native.js,pc,,.js,False,False,False,True,False
products/pc/app/.generated/prisma-client/runtime/wasm.js,pc,,.js,False,False,False,True,False
products/mobile/app/next-env.d.ts,mobile,/next-env.d,.ts,False,False,False,False,False
products/mobile/app/next.config.mjs,mobile,,.mjs,False,False,False,False,False
products/mobile/app/app/globals.css,mobile,,.css,False,True,False,False,False
products/mobile/app/app/layout.tsx,mobile,/app,.tsx,False,False,False,False,False
products/mobile/app/app/page.tsx,mobile,/app,.tsx,False,False,False,False,False
products/mobile/app/app/prisma-mobile-pulse-binding.css,mobile,,.css,False,True,True,False,False
products/mobile/app/app/prisma-mobile-thin-mist-shell.module.css,mobile,,.css,False,True,True,True,False
products/mobile/app/public/prisma-mobile-sw.js,mobile,/public/prisma-mobile-sw,.js,False,False,False,False,False
products/mobile/app/scripts/verify-surface-visual-governor-pilot09-mobile-thin-mist.mjs,mobile,,.mjs,False,True,False,False,True
products/mobile/app/tools/configure_prisma_mobile_pwa_domain.mjs,mobile,,.mjs,False,False,False,False,False
products/mobile/app/tools/print_prisma_mobile_10_domain_status.mjs,mobile,,.mjs,False,False,False,False,False
products/mobile/app/tools/print_prisma_mobile_pwa_install_status.mjs,mobile,,.mjs,False,False,False,False,False
products/mobile/app/tools/prisma_mobile_17_data_plane_regression_scenarios.ts,mobile,/tools/prisma_mobile_17_data_plane_regression_scenarios,.ts,False,False,False,False,False
products/mobile/app/tools/reset_prisma_mobile_next_cache_19.mjs,mobile,,.mjs,False,False,False,False,False
products/mobile/app/tools/smoke_prisma_mobile_public_url.mjs,mobile,,.mjs,False,False,False,False,False
products/mobile/app/tools/smoke_prisma_mobile_pwa_url.mjs,mobile,,.mjs,False,False,False,False,False
products/mobile/app/tools/verify_mobile_snapshot_quality.mjs,mobile,,.mjs,False,False,False,False,False
products/mobile/app/tools/verify_mobile_sync_visibility_01.mjs,mobile,,.mjs,False,False,False,False,False
products/mobile/app/tools/verify_prisma_app_mobile_07_api_client_ui_binding.mjs,mobile,,.mjs,False,False,False,False,False
products/mobile/app/tools/verify_prisma_app_mobile_09_pwa_domain_install_ready.mjs,mobile,,.mjs,False,False,False,False,False
products/mobile/app/tools/verify_prisma_app_mobile_10b_cloudflare_live_route_repair.mjs,mobile,,.mjs,False,False,False,False,False
products/mobile/app/tools/verify_prisma_app_mobile_10c_cloudflare_dns_fallback_repair.mjs,mobile,,.mjs,False,False,False,False,False
products/mobile/app/tools/verify_prisma_app_mobile_10_cloudflare_pwa_domain_bridge.mjs,mobile,,.mjs,False,False,False,False,False
products/mobile/app/tools/verify_prisma_app_mobile_11_ios_home_icon_playstore.mjs,mobile,,.mjs,False,False,False,False,False
products/mobile/app/tools/verify_prisma_app_mobile_12_ios_root_touch_icon.mjs,mobile,,.mjs,False,False,False,False,False
products/mobile/app/tools/verify_prisma_app_mobile_13_android_standalone_offline_shell.mjs,mobile,,.mjs,False,False,False,False,False
products/mobile/app/tools/verify_prisma_app_mobile_14_whatsapp_platform_install_selector.mjs,mobile,,.mjs,False,False,False,False,False
products/mobile/app/tools/verify_prisma_app_mobile_15_minimal_platform_install_selector.mjs,mobile,,.mjs,False,False,False,False,True
products/mobile/app/tools/verify_prisma_app_mobile_16_connected_data_bridge.mjs,mobile,,.mjs,False,False,False,False,False
products/mobile/app/tools/verify_prisma_app_mobile_17_data_plane.mjs,mobile,,.mjs,False,False,False,False,False
products/mobile/app/tools/verify_prisma_app_mobile_18_production_data_cleanup.mjs,mobile,,.mjs,False,False,False,False,False
products/mobile/app/tools/verify_prisma_app_mobile_19_hydration_guard.mjs,mobile,,.mjs,False,False,False,False,False
products/mobile/app/tools/verify_prisma_app_mobile_20_command_center.mjs,mobile,,.mjs,False,False,False,False,False
products/mobile/app/tools/verify_prisma_app_mobile_21_owner_action_inbox.mjs,mobile,,.mjs,False,False,False,False,False
products/mobile/app/tools/verify_prisma_app_mobile_22_daily_brief.mjs,mobile,,.mjs,False,False,False,False,False
products/mobile/app/tools/verify_prisma_app_mobile_23_decision_ledger.mjs,mobile,,.mjs,False,False,False,False,False
products/mobile/app/tools/verify_prisma_app_mobile_24_pulse_timeline.mjs,mobile,,.mjs,False,False,False,False,False
products/mobile/app/tools/verify_prisma_app_mobile_25e_data_plane_type_contract.mjs,mobile,,.mjs,False,False,False,False,False
products/mobile/app/tools/verify_prisma_app_mobile_25f_health_radar_verifier_compat.mjs,mobile,,.mjs,False,False,False,False,False
products/mobile/app/tools/verify_prisma_app_mobile_25_health_radar.mjs,mobile,,.mjs,False,False,False,False,False
products/mobile/app/tools/verify_prisma_app_mobile_26_runtime_error_guard.mjs,mobile,,.mjs,False,False,False,False,False
products/mobile/app/tools/verify_prisma_app_mobile_27_premium_navigation.mjs,mobile,,.mjs,False,False,False,False,False
products/mobile/app/tools/verify_prisma_app_mobile_28_data_readiness.mjs,mobile,,.mjs,False,False,False,False,False
products/mobile/app/tools/verify_prisma_app_mobile_29_whatsapp_install_gate.mjs,mobile,,.mjs,False,False,False,False,False
products/mobile/app/tools/verify_prisma_app_mobile_30_install_landing_black.mjs,mobile,,.mjs,False,False,False,False,True
products/mobile/app/tools/verify_prisma_app_mobile_32_source_states.mjs,mobile,,.mjs,False,False,False,False,False
products/mobile/app/tools/verify_prisma_app_mobile_33_mando_contracts.mjs,mobile,,.mjs,False,False,False,False,False
products/mobile/app/tools/verify_prisma_app_mobile_37_release_hardening.mjs,mobile,,.mjs,False,False,False,False,False
products/mobile/app/tools/verify_prisma_app_mobile_38_optional_adder_boundary.mjs,mobile,,.mjs,False,False,False,False,False
products/mobile/app/tools/verify_prisma_app_mobile_39_premium_polish_boundary.mjs,mobile,,.mjs,False,False,False,False,False
products/mobile/app/tools/verify_prisma_app_mobile_40_crystal_intelligence.mjs,mobile,,.mjs,False,False,False,False,False
products/mobile/app/tools/verify_prisma_app_mobile_41_multi_context_switcher.mjs,mobile,,.mjs,False,False,False,False,False
products/mobile/app/tools/verify_prisma_mobile_future_edit_map.mjs,mobile,,.mjs,False,False,False,False,False
products/mobile/app/tools/verify_prisma_mobile_health_radar_keys_01.mjs,mobile,,.mjs,False,False,False,False,False
products/mobile/app/tools/verify_prisma_mobile_playstore_readiness.mjs,mobile,,.mjs,False,False,False,False,False
products/mobile/app/tools/verify_prisma_mobile_pwa_readiness.mjs,mobile,,.mjs,False,False,False,False,False
products/mobile/app/tools/verify_prisma_visual_os_mobile_pulse_00k.mjs,mobile,,.mjs,False,False,False,False,False
products/mobile/app/src/prisma-surface-governor/surface-runtime-adapter.ts,mobile,/src/prisma-surface-governor/surface-runtime-adapter,.ts,False,False,False,False,False
products/mobile/app/src/lib/prisma-app/prisma-app-api-contracts.ts,mobile,/src/lib/prisma-app/prisma-app-api-contracts,.ts,False,False,False,False,False
products/mobile/app/src/lib/prisma-app/prisma-app-section-contracts.ts,mobile,/src/lib/prisma-app/prisma-app-section-contracts,.ts,False,False,False,False,False
products/mobile/app/src/lib/prisma-app/prisma-mobile-action-inbox.ts,mobile,/src/lib/prisma-app/prisma-mobile-action-inbox,.ts,False,False,False,False,False
products/mobile/app/src/lib/prisma-app/prisma-mobile-api-client.ts,mobile,/src/lib/prisma-app/prisma-mobile-api-client,.ts,False,False,False,False,False
products/mobile/app/src/lib/prisma-app/prisma-mobile-cache.ts,mobile,/src/lib/prisma-app/prisma-mobile-cache,.ts,False,False,False,False,False
products/mobile/app/src/lib/prisma-app/prisma-mobile-command-center.ts,mobile,/src/lib/prisma-app/prisma-mobile-command-center,.ts,False,False,False,False,False
products/mobile/app/src/lib/prisma-app/prisma-mobile-daily-brief.ts,mobile,/src/lib/prisma-app/prisma-mobile-daily-brief,.ts,False,False,False,False,False
products/mobile/app/src/lib/prisma-app/prisma-mobile-decision-ledger.ts,mobile,/src/lib/prisma-app/prisma-mobile-decision-ledger,.ts,False,False,False,False,False
products/mobile/app/src/lib/prisma-app/prisma-mobile-error.ts,mobile,/src/lib/prisma-app/prisma-mobile-error,.ts,False,False,False,False,False
products/mobile/app/src/lib/prisma-app/prisma-mobile-formatters.ts,mobile,/src/lib/prisma-app/prisma-mobile-formatters,.ts,False,False,False,False,False
products/mobile/app/src/lib/prisma-app/prisma-mobile-health-radar.ts,mobile,/src/lib/prisma-app/prisma-mobile-health-radar,.ts,False,False,False,False,False
products/mobile/app/src/lib/prisma-app/prisma-mobile-pulse-timeline.ts,mobile,/src/lib/prisma-app/prisma-mobile-pulse-timeline,.ts,False,False,False,False,False
products/mobile/app/src/lib/prisma-app/prisma-mobile-pwa-client.ts,mobile,/src/lib/prisma-app/prisma-mobile-pwa-client,.ts,False,False,False,False,False
products/mobile/app/src/lib/prisma-app/prisma-mobile-pwa-contract.ts,mobile,/src/lib/prisma-app/prisma-mobile-pwa-contract,.ts,False,False,False,False,False
products/mobile/app/src/lib/prisma-app/prisma-mobile-snapshot-contract.ts,mobile,/src/lib/prisma-app/prisma-mobile-snapshot-contract,.ts,False,False,False,False,False
products/mobile/app/src/lib/prisma-app/prisma-mobile-snapshot-source.ts,mobile,/src/lib/prisma-app/prisma-mobile-snapshot-source,.ts,False,False,False,False,False
products/mobile/app/src/lib/prisma-app/prisma-mobile-view-model.ts,mobile,/src/lib/prisma-app/prisma-mobile-view-model,.ts,False,False,False,False,False
products/mobile/app/src/lib/prisma-app/mobile-data-plane/alerts-policy.ts,mobile,/src/lib/prisma-app/mobile-data-plane/alerts-policy,.ts,False,False,False,False,False
products/mobile/app/src/lib/prisma-app/mobile-data-plane/cash-policy.ts,mobile,/src/lib/prisma-app/mobile-data-plane/cash-policy,.ts,False,False,False,False,False
products/mobile/app/src/lib/prisma-app/mobile-data-plane/config.ts,mobile,/src/lib/prisma-app/mobile-data-plane/config,.ts,False,False,False,False,False
products/mobile/app/src/lib/prisma-app/mobile-data-plane/data-readiness.ts,mobile,/src/lib/prisma-app/mobile-data-plane/data-readiness,.ts,False,False,False,False,False
products/mobile/app/src/lib/prisma-app/mobile-data-plane/diagnostics.ts,mobile,/src/lib/prisma-app/mobile-data-plane/diagnostics,.ts,False,False,False,False,False
products/mobile/app/src/lib/prisma-app/mobile-data-plane/endpoint-handlers.ts,mobile,/src/lib/prisma-app/mobile-data-plane/endpoint-handlers,.ts,False,False,False,False,False
products/mobile/app/src/lib/prisma-app/mobile-data-plane/endpoints.ts,mobile,/src/lib/prisma-app/mobile-data-plane/endpoints,.ts,False,False,False,False,False
products/mobile/app/src/lib/prisma-app/mobile-data-plane/extractors.ts,mobile,/src/lib/prisma-app/mobile-data-plane/extractors,.ts,False,False,False,False,False
products/mobile/app/src/lib/prisma-app/mobile-data-plane/http.ts,mobile,/src/lib/prisma-app/mobile-data-plane/http,.ts,False,False,False,False,False
products/mobile/app/src/lib/prisma-app/mobile-data-plane/index.ts,mobile,/src/lib/prisma-app/mobile-data-plane,.ts,False,False,False,False,False
products/mobile/app/src/lib/prisma-app/mobile-data-plane/inventory-adapter.ts,mobile,/src/lib/prisma-app/mobile-data-plane/inventory-adapter,.ts,False,False,False,False,False
products/mobile/app/src/lib/prisma-app/mobile-data-plane/money.ts,mobile,/src/lib/prisma-app/mobile-data-plane/money,.ts,False,False,False,False,False
products/mobile/app/src/lib/prisma-app/mobile-data-plane/outbox-adapter.ts,mobile,/src/lib/prisma-app/mobile-data-plane/outbox-adapter,.ts,False,False,False,False,False
products/mobile/app/src/lib/prisma-app/mobile-data-plane/payload-builders.ts,mobile,/src/lib/prisma-app/mobile-data-plane/payload-builders,.ts,False,False,False,False,False
products/mobile/app/src/lib/prisma-app/mobile-data-plane/pc-adapter.ts,mobile,/src/lib/prisma-app/mobile-data-plane/pc-adapter,.ts,False,False,False,False,False
products/mobile/app/src/lib/prisma-app/mobile-data-plane/runtime-mode.ts,mobile,/src/lib/prisma-app/mobile-data-plane/runtime-mode,.ts,False,False,False,False,False
products/mobile/app/src/lib/prisma-app/mobile-data-plane/sales-adapter.ts,mobile,/src/lib/prisma-app/mobile-data-plane/sales-adapter,.ts,False,False,False,False,False
products/mobile/app/src/lib/prisma-app/mobile-data-plane/state-loader.ts,mobile,/src/lib/prisma-app/mobile-data-plane/state-loader,.ts,False,False,False,False,False
products/mobile/app/src/lib/prisma-app/mobile-data-plane/types.ts,mobile,/src/lib/prisma-app/mobile-data-plane/types,.ts,False,False,False,False,False
products/mobile/app/src/lib/prisma-app/mobile-intelligence/action-inbox-engine.ts,mobile,/src/lib/prisma-app/mobile-intelligence/action-inbox-engine,.ts,False,False,False,False,False
products/mobile/app/src/lib/prisma-app/mobile-intelligence/alert-engine.ts,mobile,/src/lib/prisma-app/mobile-intelligence/alert-engine,.ts,False,False,False,False,False
products/mobile/app/src/lib/prisma-app/mobile-intelligence/chart-series-engine.ts,mobile,/src/lib/prisma-app/mobile-intelligence/chart-series-engine,.ts,False,False,False,False,False
products/mobile/app/src/lib/prisma-app/mobile-intelligence/connectors.ts,mobile,/src/lib/prisma-app/mobile-intelligence/connectors,.ts,False,False,False,False,False
products/mobile/app/src/lib/prisma-app/mobile-intelligence/contracts.ts,mobile,/src/lib/prisma-app/mobile-intelligence/contracts,.ts,False,False,False,False,False
products/mobile/app/src/lib/prisma-app/mobile-intelligence/daily-brief-engine.ts,mobile,/src/lib/prisma-app/mobile-intelligence/daily-brief-engine,.ts,False,False,False,False,False
products/mobile/app/src/lib/prisma-app/mobile-intelligence/data-quality-engine.ts,mobile,/src/lib/prisma-app/mobile-intelligence/data-quality-engine,.ts,False,False,False,False,False
products/mobile/app/src/lib/prisma-app/mobile-intelligence/evidence.ts,mobile,/src/lib/prisma-app/mobile-intelligence/evidence,.ts,False,False,False,False,False
products/mobile/app/src/lib/prisma-app/mobile-intelligence/health-radar-engine.ts,mobile,/src/lib/prisma-app/mobile-intelligence/health-radar-engine,.ts,False,False,False,False,False
products/mobile/app/src/lib/prisma-app/mobile-intelligence/index.ts,mobile,/src/lib/prisma-app/mobile-intelligence,.ts,False,False,False,False,False
products/mobile/app/src/lib/prisma-app/mobile-intelligence/snapshot-engine.ts,mobile,/src/lib/prisma-app/mobile-intelligence/snapshot-engine,.ts,False,False,False,False,False
products/mobile/app/src/lib/prisma-app/mobile-intelligence/source-status.ts,mobile,/src/lib/prisma-app/mobile-intelligence/source-status,.ts,False,False,False,False,False
products/mobile/app/src/lib/prisma-app/mobile-intelligence/timeline-engine.ts,mobile,/src/lib/prisma-app/mobile-intelligence/timeline-engine,.ts,False,False,False,False,False
products/mobile/app/src/lib/prisma-app/mobile-intelligence/view-models.ts,mobile,/src/lib/prisma-app/mobile-intelligence/view-models,.ts,False,False,False,False,False
products/mobile/app/src/components/prisma-app/index.ts,mobile,/src/components/prisma-app,.ts,False,False,False,False,False
products/mobile/app/src/components/prisma-app/prisma-crystal-command.module.css,mobile,,.css,False,True,True,False,False
products/mobile/app/src/components/prisma-app/prisma-mobile-dashboard.module.css,mobile,,.css,False,True,True,True,True
products/mobile/app/src/components/prisma-app/prisma-mobile-multi-context-switcher.module.css,mobile,,.css,False,True,True,True,True
products/mobile/app/src/components/prisma-app/prisma-mobile-pwa.module.css,mobile,,.css,False,True,True,True,True
products/mobile/app/src/components/prisma-app/PrismaMobileActionInbox.tsx,mobile,/src/components/prisma-app/PrismaMobileActionInbox,.tsx,False,False,False,False,False
products/mobile/app/src/components/prisma-app/PrismaMobileCommandCenter.tsx,mobile,/src/components/prisma-app/PrismaMobileCommandCenter,.tsx,False,False,False,False,False
products/mobile/app/src/components/prisma-app/PrismaMobileCrystalCommand.tsx,mobile,/src/components/prisma-app/PrismaMobileCrystalCommand,.tsx,False,False,False,False,False
products/mobile/app/src/components/prisma-app/PrismaMobileDailyBrief.tsx,mobile,/src/components/prisma-app/PrismaMobileDailyBrief,.tsx,False,False,False,False,False
products/mobile/app/src/components/prisma-app/PrismaMobileDashboard.tsx,mobile,/src/components/prisma-app/PrismaMobileDashboard,.tsx,False,True,False,False,False
products/mobile/app/src/components/prisma-app/PrismaMobileDecisionLedger.tsx,mobile,/src/components/prisma-app/PrismaMobileDecisionLedger,.tsx,False,False,False,False,False
products/mobile/app/src/components/prisma-app/PrismaMobileHealthRadar.tsx,mobile,/src/components/prisma-app/PrismaMobileHealthRadar,.tsx,False,False,False,False,False
products/mobile/app/src/components/prisma-app/PrismaMobileMetricCard.tsx,mobile,/src/components/prisma-app/PrismaMobileMetricCard,.tsx,False,False,False,False,False
products/mobile/app/src/components/prisma-app/PrismaMobileMultiContextSwitcher.tsx,mobile,/src/components/prisma-app/PrismaMobileMultiContextSwitcher,.tsx,False,False,False,False,False
products/mobile/app/src/components/prisma-app/PrismaMobilePanels.tsx,mobile,/src/components/prisma-app/PrismaMobilePanels,.tsx,False,False,False,False,False
products/mobile/app/src/components/prisma-app/PrismaMobilePremiumNavigator.tsx,mobile,/src/components/prisma-app/PrismaMobilePremiumNavigator,.tsx,False,False,False,False,False
products/mobile/app/src/components/prisma-app/PrismaMobilePulseTimeline.tsx,mobile,/src/components/prisma-app/PrismaMobilePulseTimeline,.tsx,False,False,False,False,False
products/mobile/app/src/components/prisma-app/PrismaMobilePwaInstallCard.tsx,mobile,/src/components/prisma-app/PrismaMobilePwaInstallCard,.tsx,False,False,False,False,False
products/mobile/app/src/components/prisma-app/PrismaMobilePwaInstallPage.tsx,mobile,/src/components/prisma-app/PrismaMobilePwaInstallPage,.tsx,False,False,False,False,False
products/mobile/app/src/components/prisma-app/PrismaMobilePwaRuntime.tsx,mobile,/src/components/prisma-app/PrismaMobilePwaRuntime,.tsx,False,False,False,False,False
products/mobile/app/app/prisma-app/layout.tsx,mobile,/app/prisma-app,.tsx,False,False,False,False,False
products/mobile/app/app/prisma-app/page.tsx,mobile,/app/prisma-app,.tsx,False,False,False,False,False
products/mobile/app/app/prisma-app/prisma-app.module.css,mobile,,.css,False,True,True,False,True
products/mobile/app/app/prisma-app/prisma-mobile-visual-workbench.css,mobile,,.css,False,True,True,False,True
products/mobile/app/app/prisma-command/layout.tsx,mobile,/app/prisma-command,.tsx,False,False,False,False,False
products/mobile/app/app/prisma-command/page.tsx,mobile,/app/prisma-command,.tsx,False,False,False,False,False
products/mobile/app/app/prisma-command/prisma-mobile-command.module.css,mobile,,.css,False,True,False,False,True
products/mobile/app/app/prisma-command/PrismaMobileCommandDeck.tsx,mobile,/app/prisma-command/PrismaMobileCommandDeck,.tsx,False,False,False,False,False
products/mobile/app/app/prisma-command/charts/MobileActionInboxPriorityStack.tsx,mobile,/app/prisma-command/charts/MobileActionInboxPriorityStack,.tsx,False,False,False,False,False
products/mobile/app/app/prisma-command/charts/MobileChartCard.tsx,mobile,/app/prisma-command/charts/MobileChartCard,.tsx,False,False,False,False,False
products/mobile/app/app/prisma-command/charts/MobileConfidenceMeterBands.tsx,mobile,/app/prisma-command/charts/MobileConfidenceMeterBands,.tsx,False,False,False,False,False
products/mobile/app/app/prisma-command/charts/MobileFreshnessRings.tsx,mobile,/app/prisma-command/charts/MobileFreshnessRings,.tsx,False,False,False,False,False
products/mobile/app/app/prisma-command/charts/MobileHealthRadarCompact.tsx,mobile,/app/prisma-command/charts/MobileHealthRadarCompact,.tsx,False,False,False,False,False
products/mobile/app/app/prisma-command/charts/MobileIncidentSparkCards.tsx,mobile,/app/prisma-command/charts/MobileIncidentSparkCards,.tsx,False,False,False,False,False
products/mobile/app/app/prisma-command/charts/MobileOwnerPulseTimeline.tsx,mobile,/app/prisma-command/charts/MobileOwnerPulseTimeline,.tsx,False,False,False,False,False
products/mobile/app/app/prisma-app/install/page.tsx,mobile,/app/prisma-app/install,.tsx,False,False,False,False,False
products/mobile/app/app/prisma-app/offline/page.tsx,mobile,/app/prisma-app/offline,.tsx,False,False,False,False,False
products/mobile/app/app/api/mobile/action-inbox/route.ts,mobile,/app/api/mobile/action-inbox/route,.ts,False,False,False,False,False
products/mobile/app/app/api/mobile/alerts/route.ts,mobile,/app/api/mobile/alerts/route,.ts,False,False,False,False,False
products/mobile/app/app/api/mobile/branches/route.ts,mobile,/app/api/mobile/branches/route,.ts,False,False,False,False,False
products/mobile/app/app/api/mobile/command-center/route.ts,mobile,/app/api/mobile/command-center/route,.ts,False,False,False,False,False
products/mobile/app/app/api/mobile/daily-brief/route.ts,mobile,/app/api/mobile/daily-brief/route,.ts,False,False,False,False,False
products/mobile/app/app/api/mobile/data-quality/route.ts,mobile,/app/api/mobile/data-quality/route,.ts,False,False,False,False,False
products/mobile/app/app/api/mobile/decision-ledger/route.ts,mobile,/app/api/mobile/decision-ledger/route,.ts,False,False,False,False,False
products/mobile/app/app/api/mobile/health/route.ts,mobile,/app/api/mobile/health/route,.ts,False,False,False,False,False
products/mobile/app/app/api/mobile/health-radar/route.ts,mobile,/app/api/mobile/health-radar/route,.ts,False,False,False,False,False
products/mobile/app/app/api/mobile/pulse-timeline/route.ts,mobile,/app/api/mobile/pulse-timeline/route,.ts,False,False,False,False,False
products/mobile/app/app/api/mobile/snapshot/route.ts,mobile,/app/api/mobile/snapshot/route,.ts,False,False,False,False,False
products/mobile/app/app/api/mobile/summary/route.ts,mobile,/app/api/mobile/summary/route,.ts,False,False,False,False,False
products/mobile/app/app/api/mobile/sales/today/route.ts,mobile,/app/api/mobile/sales/today/route,.ts,False,False,False,False,False
products/mobile/app/app/api/mobile/reports/daily/route.ts,mobile,/app/api/mobile/reports/daily/route,.ts,False,False,False,False,False
products/mobile/app/app/api/mobile/inventory/watchlist/route.ts,mobile,/app/api/mobile/inventory/watchlist/route,.ts,False,False,False,False,False
products/mobile/app/app/api/mobile/cash/current/route.ts,mobile,/app/api/mobile/cash/current/route,.ts,False,False,False,False,False
products/chart-lab/app/next-env.d.ts,unknown,,.ts,False,False,False,False,False
products/chart-lab/app/next.config.mjs,unknown,,.mjs,False,False,False,False,False
products/chart-lab/app/app/globals.css,unknown,,.css,False,True,True,True,True
products/chart-lab/app/app/layout.tsx,unknown,/app,.tsx,False,False,False,False,False
products/chart-lab/app/app/page.tsx,unknown,/app,.tsx,False,False,False,False,False
products/chart-lab/app/scripts/chart-lab-script-utils.mjs,unknown,,.mjs,False,False,False,False,False
products/chart-lab/app/scripts/create-chart-lab-entry.mjs,unknown,,.mjs,False,False,False,False,False
products/chart-lab/app/scripts/deploy-cloudflare-pages.mjs,unknown,,.mjs,False,False,False,False,False
products/chart-lab/app/scripts/export-chart-lab-handoff-pack.mjs,unknown,,.mjs,False,False,False,False,False
products/chart-lab/app/scripts/print-chart-lab-tunnel-config.mjs,unknown,,.mjs,False,False,False,False,False
products/chart-lab/app/scripts/promote-chart.mjs,unknown,,.mjs,False,False,False,False,False
products/chart-lab/app/scripts/run-chart-lab-cf-build.mjs,unknown,,.mjs,False,False,False,False,False
products/chart-lab/app/scripts/run-chart-lab-cf-preview.mjs,unknown,,.mjs,False,False,False,False,False
products/chart-lab/app/scripts/run-chart-lab-public-safe-dev.mjs,unknown,,.mjs,False,False,False,False,False
products/chart-lab/app/scripts/smoke-chart-lab-dev.mjs,unknown,,.mjs,False,False,False,False,False
products/chart-lab/app/scripts/smoke-chart-lab-runtime-playwright.mjs,unknown,,.mjs,False,False,False,False,False
products/chart-lab/app/scripts/verify-chart-lab-advanced-patch.mjs,unknown,,.mjs,False,False,False,False,False
products/chart-lab/app/scripts/verify-chart-lab-all.mjs,unknown,,.mjs,False,False,False,False,False
products/chart-lab/app/scripts/verify-chart-lab-checklist-coverage.mjs,unknown,,.mjs,False,False,False,False,False
products/chart-lab/app/scripts/verify-chart-lab-cloudflare-smoke.mjs,unknown,,.mjs,False,False,False,False,False
products/chart-lab/app/scripts/verify-chart-lab-cloudflare.mjs,unknown,,.mjs,False,False,False,False,False
products/chart-lab/app/scripts/verify-chart-lab-code-drawers-contract.mjs,unknown,,.mjs,False,False,False,False,False
products/chart-lab/app/scripts/verify-chart-lab-control-contracts.mjs,unknown,,.mjs,False,False,False,False,False
products/chart-lab/app/scripts/verify-chart-lab-controls.mjs,unknown,,.mjs,False,False,False,False,False
products/chart-lab/app/scripts/verify-chart-lab-echarts-boundary.mjs,unknown,,.mjs,False,False,False,False,False
products/chart-lab/app/scripts/verify-chart-lab-guided-tour-contract.mjs,unknown,,.mjs,False,False,False,False,False
products/chart-lab/app/scripts/verify-chart-lab-installed-files.mjs,unknown,,.mjs,False,False,False,False,False
products/chart-lab/app/scripts/verify-chart-lab-layout-1080p.mjs,unknown,,.mjs,False,False,False,False,False
products/chart-lab/app/scripts/verify-chart-lab-maps.mjs,unknown,,.mjs,False,False,False,False,False
products/chart-lab/app/scripts/verify-chart-lab-no-ghost-controls.mjs,unknown,,.mjs,False,False,False,False,False
products/chart-lab/app/scripts/verify-chart-lab-no-leaks.mjs,unknown,,.mjs,False,False,False,False,False
products/chart-lab/app/scripts/verify-chart-lab-option-pipeline.mjs,unknown,,.mjs,False,False,False,False,False
products/chart-lab/app/scripts/verify-chart-lab-passports.mjs,unknown,,.mjs,False,False,False,False,False
products/chart-lab/app/scripts/verify-chart-lab-power-studio-v2.mjs,unknown,,.mjs,False,False,False,False,False
products/chart-lab/app/scripts/verify-chart-lab-power-studio.mjs,unknown,,.mjs,False,False,False,False,False
products/chart-lab/app/scripts/verify-chart-lab-promotion.mjs,unknown,,.mjs,False,False,False,False,False
products/chart-lab/app/scripts/verify-chart-lab-recipe-roundtrip.mjs,unknown,,.mjs,False,False,False,False,False
products/chart-lab/app/scripts/verify-chart-lab-resize-contract.mjs,unknown,,.mjs,False,False,False,False,False
products/chart-lab/app/scripts/verify-chart-lab-target-profiles.mjs,unknown,,.mjs,False,False,False,False,False
products/chart-lab/app/scripts/verify-chart-lab-v3-gates.mjs,unknown,,.mjs,False,False,False,False,False
products/chart-lab/app/scripts/verify-chart-lab-v3-helper.mjs,unknown,,.mjs,False,False,False,False,False
products/chart-lab/app/scripts/verify-chart-lab-v31-gates.mjs,unknown,,.mjs,False,False,False,False,False
products/chart-lab/app/scripts/verify-chart-lab-v31-nonblank-chart-contract.mjs,unknown,,.mjs,False,False,False,False,False
products/chart-lab/app/scripts/verify-chart-lab-v31-responsive-contract.mjs,unknown,,.mjs,False,False,True,False,False
products/chart-lab/app/scripts/verify-chart-lab-v31-visual-qa-contract.mjs,unknown,,.mjs,False,False,False,False,False
products/chart-lab/app/scripts/verify-chart-lab.mjs,unknown,,.mjs,False,False,False,False,False
products/chart-lab/app/scripts/verify-chart-source-modes.mjs,unknown,,.mjs,False,False,False,False,False
products/chart-lab/app/scripts/verify-promotion-readiness.mjs,unknown,,.mjs,False,False,False,False,False
products/chart-lab/app/scripts/verify-surface-visual-governor-pilot02.mjs,unknown,,.mjs,False,True,False,False,False
products/chart-lab/app/scripts/verify-surface-visual-governor-pilot16-recipe-studio-v2.mjs,unknown,,.mjs,False,False,False,False,True
products/chart-lab/app/scripts/visual-baseline-readiness.mjs,unknown,,.mjs,False,False,False,False,False
products/chart-lab/app/src/components/ChartControlDeck.tsx,unknown,,.tsx,False,False,False,False,False
products/chart-lab/app/src/components/ExecutiveCommandPalette.tsx,unknown,,.tsx,False,False,False,False,False
products/chart-lab/app/src/components/ExecutiveExperiencePanel.tsx,unknown,,.tsx,False,False,False,False,False
products/chart-lab/app/src/components/ExecutiveReadinessPanel.tsx,unknown,,.tsx,False,False,False,False,False
products/chart-lab/app/src/components/OptionStudioPanel.tsx,unknown,,.tsx,False,False,False,False,False
products/chart-lab/app/src/components/PrismaChartLabShell.tsx,unknown,,.tsx,False,False,False,False,False
products/chart-lab/app/src/prisma-charts/chart-lab-advanced-patch.ts,unknown,,.ts,False,False,False,False,False
products/chart-lab/app/src/prisma-charts/chart-lab-code-drawers.ts,unknown,,.ts,False,False,False,False,False
products/chart-lab/app/src/prisma-charts/chart-lab-control-contracts.ts,unknown,,.ts,False,False,False,False,False
products/chart-lab/app/src/prisma-charts/chart-lab-control-model.ts,unknown,,.ts,False,True,False,False,True
products/chart-lab/app/src/prisma-charts/chart-lab-guided-tour.ts,unknown,,.ts,False,False,False,False,False
products/chart-lab/app/src/prisma-charts/chart-lab-option-pipeline.ts,unknown,,.ts,False,True,False,False,False
products/chart-lab/app/src/prisma-charts/chart-lab-power-presets.ts,unknown,,.ts,False,True,False,False,False
products/chart-lab/app/src/prisma-charts/chart-lab-recipe-model.ts,unknown,,.ts,False,False,False,False,False
products/chart-lab/app/src/prisma-charts/chart-lab-registry.tsx,unknown,,.tsx,False,False,False,False,False
products/chart-lab/app/src/prisma-charts/chart-lab-target-profiles.ts,unknown,,.ts,False,False,False,False,False
products/chart-lab/app/src/prisma-charts/chart-lab-types.ts,unknown,,.ts,False,False,False,False,False
products/chart-lab/app/src/prisma-charts/chart-runtime-data.ts,unknown,,.ts,False,False,False,False,False
products/chart-lab/app/src/prisma-charts/example-future.mock.ts,unknown,,.ts,False,False,False,False,False
products/chart-lab/app/src/prisma-surface-governor/chart-lab-recipe-export.ts,unknown,,.ts,False,True,False,False,False
products/chart-lab/app/src/prisma-charts/components/ExampleFutureChart.tsx,unknown,,.tsx,False,False,False,False,False
products/chart-lab/app/src/prisma-charts/components/LabEChartFrame.tsx,unknown,,.tsx,False,False,False,False,False
products/chart-lab/app/src/prisma-charts/maps/chart-lab-maps.ts,unknown,,.ts,False,False,False,False,False
products/chart-lab/app/out/_next/static/chunks/138-9fdc09f92ed882d2.js,unknown,,.js,False,True,False,False,False
products/chart-lab/app/out/_next/static/chunks/310.332273321f3a7f15.js,unknown,,.js,False,False,False,False,False
products/chart-lab/app/out/_next/static/chunks/341.3cc47570c1734bd2.js,unknown,,.js,False,True,True,False,False
products/chart-lab/app/out/_next/static/chunks/349.dd0188f9c8aa7bfd.js,unknown,,.js,False,False,False,False,False
products/chart-lab/app/out/_next/static/chunks/444.a7deec2fb304dd01.js,unknown,,.js,False,False,False,False,False
products/chart-lab/app/out/_next/static/chunks/551.8b2e0800a99ccac1.js,unknown,,.js,False,True,False,False,False
products/chart-lab/app/out/_next/static/chunks/569.2d22000cfda54c2d.js,unknown,,.js,False,True,False,False,False
products/chart-lab/app/out/_next/static/chunks/580.052a673c712057b5.js,unknown,,.js,False,False,False,False,False
products/chart-lab/app/out/_next/static/chunks/585.994f52a9bbb0443e.js,unknown,,.js,False,False,False,False,False
products/chart-lab/app/out/_next/static/chunks/604.b56ad572c050da52.js,unknown,,.js,False,False,False,False,False
products/chart-lab/app/out/_next/static/chunks/626.e6b1594e75a92029.js,unknown,,.js,False,True,False,False,False
products/chart-lab/app/out/_next/static/chunks/676.5ad4be9fbb63932a.js,unknown,,.js,False,False,False,False,False
products/chart-lab/app/out/_next/static/chunks/717.6f08f6fdb4daa4eb.js,unknown,,.js,False,False,False,False,False
products/chart-lab/app/out/_next/static/chunks/744.797202722a8b53c4.js,unknown,,.js,False,True,False,False,False
products/chart-lab/app/out/_next/static/chunks/771.65f87f069049068b.js,unknown,,.js,False,True,False,False,False
products/chart-lab/app/out/_next/static/chunks/88635566-4744ad887e85463a.js,unknown,,.js,False,True,True,False,False
products/chart-lab/app/out/_next/static/chunks/907.12ae8ec7b70c4f6f.js,unknown,,.js,False,True,False,False,False
products/chart-lab/app/out/_next/static/chunks/framework-81c5b6abdd96c330.js,unknown,,.js,False,True,True,False,False
products/chart-lab/app/out/_next/static/chunks/main-app-eb358d6652f5310e.js,unknown,,.js,False,False,False,False,False
products/chart-lab/app/out/_next/static/chunks/main-d6c993683ce94077.js,unknown,,.js,False,True,False,False,False
products/chart-lab/app/out/_next/static/chunks/polyfills-42372ed130431b0a.js,unknown,,.js,False,False,False,False,False
products/chart-lab/app/out/_next/static/chunks/webpack-08a363df62200d96.js,unknown,,.js,False,False,False,False,False
products/chart-lab/app/out/_next/static/css/a9f3d263fe70264b.css,unknown,,.css,False,True,True,True,True
products/chart-lab/app/out/_next/static/_OWkNuQwOUExQAfHnL5br/_buildManifest.js,unknown,,.js,False,False,False,False,False
products/chart-lab/app/out/_next/static/_OWkNuQwOUExQAfHnL5br/_ssgManifest.js,unknown,,.js,False,False,False,False,False
products/chart-lab/app/out/_next/static/chunks/app/layout-98bfd0f96206c2a5.js,unknown,,.js,False,False,False,False,False
products/chart-lab/app/out/_next/static/chunks/app/page-5a32ca4a153ad6f1.js,unknown,,.js,False,True,False,False,True
products/chart-lab/app/out/_next/static/chunks/app/_global-error/page-c77cd464fc3dbd47.js,unknown,,.js,False,False,False,False,False
products/chart-lab/app/out/_next/static/chunks/app/_not-found/page-28c1df72f88b7418.js,unknown,,.js,False,True,False,False,False
products/chart-lab/app/app/recipe-studio-v2/page.tsx,unknown,/app/recipe-studio-v2,.tsx,False,True,False,False,True
products/chart-lab/app/app/recipe-studio-v2/prisma-recipe-studio-v2.module.css,unknown,,.css,False,True,False,False,False
prisma-control-center/internal/web/app.js,pc,,.js,False,False,False,False,False
prisma-control-center/internal/web/blackbox_command.css,pc,,.css,False,True,False,False,False
prisma-control-center/internal/web/blackbox_command.js,pc,,.js,False,False,False,False,False
prisma-control-center/internal/web/license_ops_console.css,pc,,.css,False,True,True,False,True
prisma-control-center/internal/web/license_ops_console.js,pc,,.js,False,False,False,False,False
prisma-control-center/internal/web/lifecycle_console.css,pc,,.css,False,True,True,False,True
prisma-control-center/internal/web/lifecycle_console.js,pc,,.js,False,False,False,False,False
prisma-control-center/internal/web/ops_command.css,pc,,.css,False,True,False,False,False
prisma-control-center/internal/web/ops_command.js,pc,,.js,False,False,False,False,False
prisma-control-center/internal/web/prisma_cc_atmosphere_v5.css,pc,,.css,False,True,True,True,True
prisma-control-center/internal/web/prisma_cc_atmosphere_v5.js,pc,,.js,False,True,False,False,False
prisma-control-center/internal/web/prisma_cc_atmosphere_v52_layer_fix.css,pc,,.css,False,True,True,True,False
prisma-control-center/internal/web/prisma_cc_atmosphere_v53_probe.css,pc,,.css,False,True,True,True,True
prisma-control-center/internal/web/prisma_cc_atmosphere_v53_probe.js,pc,,.js,False,False,False,False,False
prisma-control-center/internal/web/prisma_cc_atmosphere_v54.css,pc,,.css,False,True,True,True,True
prisma-control-center/internal/web/prisma_cc_atmosphere_v54.js,pc,,.js,False,False,False,False,False
prisma-control-center/internal/web/prisma_cc_atmosphere_v54_true_mist_glacier.css,pc,,.css,False,True,True,True,False
prisma-control-center/internal/web/prisma_cc_atmosphere_v54_true_mist_glacier.js,pc,,.js,False,True,False,False,False
prisma-control-center/internal/web/prisma_cc_seam_killer_v45.css,pc,,.css,False,True,False,False,True
prisma-control-center/internal/web/prisma_cc_v56_prismo_safe_retune.css,pc,,.css,False,True,True,True,True
prisma-control-center/internal/web/prisma_cc_v56_prismo_safe_retune.js,pc,,.js,False,False,False,False,False
prisma-control-center/internal/web/prisma_cc_v57_panel_text_clarity.css,pc,,.css,False,True,True,False,True
prisma-control-center/internal/web/prisma_cc_v59_prismo_selector_safe_frost_evidence.css,pc,,.css,False,True,False,True,True
prisma-control-center/internal/web/prisma_cc_v59_prismo_selector_safe_frost_evidence.js,pc,,.js,False,False,False,False,False
prisma-control-center/internal/web/prisma_cc_v60_prismo_topbar_fix.css,pc,,.css,False,True,False,False,True
prisma-control-center/internal/web/prisma_cc_v60_prismo_topbar_fix.js,pc,,.js,False,False,False,False,False
prisma-control-center/internal/web/prisma_cc_v61_prismo_compact_premium.css,pc,,.css,False,True,False,False,False
prisma-control-center/internal/web/prisma_cc_v62_remove_ghost_rects.css,pc,,.css,False,True,False,False,True
prisma-control-center/internal/web/prisma_cc_v63_all_surfaces_glass_repair.css,pc,,.css,False,True,False,False,True
prisma-control-center/internal/web/prisma_cc_v63_all_surfaces_glass_repair.js,pc,,.js,False,False,False,False,False
prisma-control-center/internal/web/prisma_cc_v64_undo_v63_prismo_glass.css,pc,,.css,False,True,False,False,True
prisma-control-center/internal/web/prisma_cc_v65_clean_visual_stack.css,pc,,.css,False,True,False,False,True
prisma-control-center/internal/web/prisma_cc_v65_clean_visual_stack.js,pc,,.js,False,False,False,False,False
prisma-control-center/internal/web/prisma_cc_v66_prismo_container_only.css,pc,,.css,False,True,False,False,True
prisma-control-center/internal/web/prisma_cc_v67_prismo_edge_logo_fix.css,pc,,.css,False,True,False,False,False
prisma-control-center/internal/web/prisma_cc_v68_floating_status_pills.css,pc,,.css,False,True,False,False,True
prisma-control-center/internal/web/prisma_cc_v69_upload_panel_only.css,pc,,.css,False,True,False,False,True
prisma-control-center/internal/web/prisma_cc_v70_status_backplate_only.css,pc,,.css,False,True,False,False,True
prisma-control-center/internal/web/prisma_cc_v71_float_response_status_only.css,pc,,.css,False,True,False,False,True
prisma-control-center/internal/web/prisma_cc_v72_chip_backplate_only.css,pc,,.css,False,True,False,False,True
prisma-control-center/internal/web/prisma_cc_v73_prompt_text_glow.css,pc,,.css,False,False,False,False,False
prisma-control-center/internal/web/prisma_cc_v75_prompt_glow_only.css,pc,,.css,False,False,False,False,False
prisma-control-center/internal/web/prisma_cc_v76_all_surfaces_neon_contrast.css,pc,,.css,False,True,False,False,True
prisma-control-center/internal/web/prisma_cc_v76_all_surfaces_neon_contrast.js,pc,,.js,False,False,False,False,False
prisma-control-center/internal/web/prisma_cc_v77_origin_state_lock.css,pc,,.css,False,False,True,False,False
prisma-control-center/internal/web/prisma_cc_v77_origin_state_lock.js,pc,,.js,False,False,False,False,False
prisma-control-center/internal/web/prisma_control_center_api_bridge.js,pc,,.js,False,False,False,False,False
prisma-control-center/internal/web/prisma_frost_tactical.css,pc,,.css,False,True,True,True,True
prisma-control-center/internal/web/prisma_frost_tactical.js,pc,,.js,False,True,False,False,False
prisma-control-center/internal/web/prisma_frost_tactical_bright.css,pc,,.css,False,True,True,False,False
prisma-control-center/internal/web/prisma_frost_tactical_repair_v42.css,pc,,.css,False,True,True,True,True
prisma-control-center/internal/web/prisma_frost_tactical_v43.css,pc,,.css,False,True,True,False,True
prisma-control-center/internal/web/prisma_frost_tactical_v44_actual_visual_fix.css,pc,,.css,False,True,False,False,True
prisma-control-center/internal/web/prisma_frost_tactical_v44_hotfix.css,pc,,.css,False,True,True,False,True
prisma-control-center/internal/web/prisma_v40_uiux.css,pc,,.css,False,True,True,True,True
prisma-control-center/internal/web/prisma_v40_uiux.js,pc,,.js,False,False,False,False,False
prisma-control-center/internal/web/prismo_ai_theater.css,pc,,.css,False,True,True,False,True
prisma-control-center/internal/web/prismo_ai_theater.js,pc,,.js,False,False,False,False,False
prisma-control-center/internal/web/prismo_console.css,pc,,.css,False,True,True,True,True
prisma-control-center/internal/web/prismo_console.js,pc,,.js,False,False,False,False,False
prisma-control-center/internal/web/prismo_demo_payloads.js,pc,,.js,False,False,False,False,False
prisma-control-center/internal/web/prismo_renderers.js,pc,,.js,False,False,False,False,False
prisma-control-center/internal/web/prismo_visual_legacy_bridge.css,pc,,.css,False,True,True,True,True
prisma-control-center/internal/web/prismo_visual_legacy_bridge.js,pc,,.js,False,False,False,False,False
prisma-control-center/internal/web/quality_bay.css,pc,,.css,False,True,True,False,True
prisma-control-center/internal/web/quality_bay.js,pc,,.js,False,False,False,False,False
prisma-control-center/internal/web/release_console.js,pc,,.js,False,False,False,False,False
prisma-control-center/internal/web/release_polish.css,pc,,.css,False,True,True,False,True
prisma-control-center/internal/web/styles.css,pc,,.css,False,True,True,True,True
prisma-control-center/internal/web/v24_cockpit.js,pc,,.js,False,True,False,False,False
prisma-control-center/internal/web/vendor/gsap.min.js,pc,,.js,False,False,True,False,False
prisma-control-center/internal/web/vendor/pixi.min.js,pc,,.js,False,True,True,False,False
prisma-control-center/internal/prismo/05_scaffolds/prismo_ui1p_0106_0802_fix2/src-candidates/components/PrismoActionBar.tsx,pc,,.tsx,False,False,False,False,False
prisma-control-center/internal/prismo/05_scaffolds/prismo_ui1p_0106_0802_fix2/src-candidates/components/PrismoAdaptiveTheater.tsx,pc,,.tsx,True,False,False,False,False
prisma-control-center/internal/prismo/05_scaffolds/prismo_ui1p_0106_0802_fix2/src-candidates/components/PrismoAutoRenderEnsemble.tsx,pc,,.tsx,False,False,False,False,False
prisma-control-center/internal/prismo/05_scaffolds/prismo_ui1p_0106_0802_fix2/src-candidates/components/PrismoCrystalCommandPalette.tsx,pc,,.tsx,False,False,False,False,False
prisma-control-center/internal/prismo/05_scaffolds/prismo_ui1p_0106_0802_fix2/src-candidates/components/PrismoDependentSelect.tsx,pc,,.tsx,False,False,False,False,False
prisma-control-center/internal/prismo/05_scaffolds/prismo_ui1p_0106_0802_fix2/src-candidates/components/PrismoEChartsMiniPreview.tsx,pc,,.tsx,False,False,False,False,False
prisma-control-center/internal/prismo/05_scaffolds/prismo_ui1p_0106_0802_fix2/src-candidates/components/PrismoEmptyState.tsx,pc,,.tsx,False,False,False,False,False
prisma-control-center/internal/prismo/05_scaffolds/prismo_ui1p_0106_0802_fix2/src-candidates/components/PrismoErrorScene.tsx,pc,,.tsx,False,False,False,False,False
prisma-control-center/internal/prismo/05_scaffolds/prismo_ui1p_0106_0802_fix2/src-candidates/components/PrismoEvidenceDrawerVaul.tsx,pc,,.tsx,False,False,False,False,False
prisma-control-center/internal/prismo/05_scaffolds/prismo_ui1p_0106_0802_fix2/src-candidates/components/PrismoFeedbackDock.tsx,pc,,.tsx,False,False,False,False,False
prisma-control-center/internal/prismo/05_scaffolds/prismo_ui1p_0106_0802_fix2/src-candidates/components/PrismoFeedbackPanel.tsx,pc,,.tsx,False,False,False,False,False
prisma-control-center/internal/prismo/05_scaffolds/prismo_ui1p_0106_0802_fix2/src-candidates/components/PrismoInteractionShell.tsx,pc,,.tsx,False,False,False,False,False
prisma-control-center/internal/prismo/05_scaffolds/prismo_ui1p_0106_0802_fix2/src-candidates/components/PrismoLiquidSelect.tsx,pc,,.tsx,False,False,False,False,False
prisma-control-center/internal/prismo/05_scaffolds/prismo_ui1p_0106_0802_fix2/src-candidates/components/PrismoLoadingScene.tsx,pc,,.tsx,False,False,False,False,False
prisma-control-center/internal/prismo/05_scaffolds/prismo_ui1p_0106_0802_fix2/src-candidates/components/PrismoMemoryLens.tsx,pc,,.tsx,False,False,False,False,False
prisma-control-center/internal/prismo/05_scaffolds/prismo_ui1p_0106_0802_fix2/src-candidates/components/PrismoMotionSceneOrchestrator.tsx,pc,,.tsx,False,False,False,False,False
prisma-control-center/internal/prismo/05_scaffolds/prismo_ui1p_0106_0802_fix2/src-candidates/components/PrismoQueryComposer.tsx,pc,,.tsx,False,False,False,False,False
prisma-control-center/internal/prismo/05_scaffolds/prismo_ui1p_0106_0802_fix2/src-candidates/components/PrismoQuestionChips.tsx,pc,,.tsx,False,False,False,False,False
prisma-control-center/internal/prismo/05_scaffolds/prismo_ui1p_0106_0802_fix2/src-candidates/components/PrismoRenderBlockHost.tsx,pc,,.tsx,False,False,False,False,False
prisma-control-center/internal/prismo/05_scaffolds/prismo_ui1p_0106_0802_fix2/src-candidates/components/PrismoResizableTheater.tsx,pc,,.tsx,False,False,False,False,False
prisma-control-center/internal/prismo/05_scaffolds/prismo_ui1p_0106_0802_fix2/src-candidates/components/PrismoTechnicalDrawer.tsx,pc,,.tsx,False,False,False,False,False
prisma-control-center/internal/prismo/05_scaffolds/prismo_ui1p_0106_0802_fix2/src-candidates/components/PrismoTheaterQueryClient.ts,pc,,.ts,False,False,False,False,False
prisma-control-center/internal/prismo/05_scaffolds/prismo_ui1p_0106_0802_fix2/src-candidates/components/types.ts,pc,,.ts,False,False,False,False,False
prisma-control-center/internal/prismo/05_scaffolds/prismo_ui1p_0106_0802_fix2/src-candidates/styles/prismo-interaction-fx-pro.css,pc,,.css,False,True,True,True,True
prisma-control-center/internal/prismo/05_scaffolds/prismo_ui1p_0106_0802_fix2/src-candidates/styles/prismo-radix-liquid-select.css,pc,,.css,False,True,False,False,True
prisma-control-center/internal/prismo/05_scaffolds/prismo_ui1p_0106_0802_fix2/src-candidates/styles/prismo-theater-cloudglass-pro.css,pc,,.css,True,True,True,False,True
.prisma_surf_fix6_fix1_rollback/20260602_114439/files/products/pc/app/app/layout.tsx,pc,/app,.tsx,False,True,False,False,False
.prisma_installer_backups/PRISMA_VISUAL_OS_SUITE_DIRECT_00O_00P_00Q_00RS_20260503_v02/00RS/20260503_230501/files/products/tablet/app/app/visual-os/page.tsx,tablet,/app/visual-os,.tsx,False,False,False,False,False
.prisma_installer_backups/PRISMA_THREE_BUNDLES_MASTER_20260504_v01/20260504_222555/files/apps/terminal-de-venta-system/products/tablet/app/tools/verify_tablet_pos_checkout_02.mjs,tablet,,.mjs,False,False,False,False,False
.prisma_installer_backups/PRISMA_THREE_BUNDLES_MASTER_20260504_v01/20260504_222555/files/apps/terminal-de-venta-system/products/tablet/app/src/server/pos-api/validators.ts,tablet,,.ts,False,False,False,False,False
.prisma_installer_backups/PRISMA_THREE_BUNDLES_MASTER_20260504_v01/20260504_222555/files/apps/terminal-de-venta-system/products/tablet/app/src/server/pos-engine/event-factory.ts,tablet,,.ts,False,False,False,False,False
.prisma_installer_backups/PRISMA_THREE_BUNDLES_MASTER_20260504_v01/20260504_222555/files/apps/terminal-de-venta-system/products/tablet/app/src/server/pos-engine/repository.prisma.ts,tablet,,.ts,False,False,False,False,False
.prisma_installer_backups/PRISMA_THREE_BUNDLES_MASTER_20260504_v01/20260504_222555/files/apps/terminal-de-venta-system/products/tablet/app/src/server/pos-engine/types.ts,tablet,,.ts,False,False,False,False,False
.prisma_installer_backups/PRISMA_THREE_BUNDLES_MASTER_20260504_v01/20260504_222555/files/apps/terminal-de-venta-system/products/tablet/app/src/server/pos-sync-panel/index.ts,tablet,,.ts,False,False,False,False,False
.prisma_installer_backups/PRISMA_THREE_BUNDLES_MASTER_20260504_v01/20260504_222555/files/apps/terminal-de-venta-system/products/tablet/app/src/server/prisma/client.ts,tablet,,.ts,False,False,False,False,False
.prisma_installer_backups/PRISMA_THREE_BUNDLES_MASTER_20260504_v01/20260504_222555/files/apps/terminal-de-venta-system/products/tablet/app/components/catalog/catalog-product-table.tsx,tablet,,.tsx,False,False,False,False,False
.prisma_installer_backups/PRISMA_THREE_BUNDLES_MASTER_20260504_v01/20260504_222555/files/apps/terminal-de-venta-system/products/tablet/app/components/catalog/catalog-screen.tsx,tablet,,.tsx,False,False,False,False,False
.prisma_installer_backups/PRISMA_THREE_BUNDLES_MASTER_20260504_v01/20260504_222555/files/apps/terminal-de-venta-system/products/tablet/app/components/catalog/catalog.module.css,tablet,,.css,False,True,False,False,True
.prisma_installer_backups/PRISMA_THREE_BUNDLES_MASTER_20260504_v01/20260504_222555/files/apps/terminal-de-venta-system/products/tablet/app/components/checkout/checkout-screen.tsx,tablet,,.tsx,False,False,False,False,False
.prisma_installer_backups/PRISMA_THREE_BUNDLES_MASTER_20260504_v01/20260504_222555/files/apps/terminal-de-venta-system/products/tablet/app/components/checkout/checkout-summary.tsx,tablet,,.tsx,False,False,False,False,False
.prisma_installer_backups/PRISMA_THREE_BUNDLES_MASTER_20260504_v01/20260504_222555/files/apps/terminal-de-venta-system/products/tablet/app/components/checkout/checkout.module.css,tablet,,.css,False,True,False,True,True
.prisma_installer_backups/PRISMA_THREE_BUNDLES_MASTER_20260504_v01/20260504_222555/files/apps/terminal-de-venta-system/products/tablet/app/components/tablet-pos/touch-pos-ui.tsx,tablet,,.tsx,False,False,False,False,False
.prisma_installer_backups/PRISMA_THREE_BUNDLES_MASTER_20260504_v01/20260504_222555/files/apps/terminal-de-venta-system/products/tablet/app/components/tablet-pos/touch-pos.module.css,tablet,,.css,False,True,False,False,False
.prisma_installer_backups/PRISMA_THREE_BUNDLES_MASTER_20260504_v01/20260504_222555/files/apps/terminal-de-venta-system/products/tablet/app/app/catalog/page.tsx,tablet,/app/catalog,.tsx,False,False,False,False,False
.prisma_installer_backups/PRISMA_THREE_BUNDLES_MASTER_20260504_v01/20260504_222555/files/apps/terminal-de-venta-system/products/tablet/app/app/checkout/page.tsx,tablet,/app/checkout,.tsx,False,False,False,False,False
.prisma_installer_backups/PRISMA_THREE_BUNDLES_MASTER_20260504_v01/20260504_222555/files/apps/terminal-de-venta-system/products/tablet/app/app/pos/page.tsx,tablet,/app/pos,.tsx,False,False,False,False,False
.prisma_installer_backups/PRISMA_THREE_BUNDLES_MASTER_20260504_v01/20260504_222555/files/apps/terminal-de-venta-system/products/tablet/app/app/settings/export/page.tsx,tablet,/app/settings/export,.tsx,False,False,False,False,False
.prisma_installer_backups/PRISMA_THREE_BUNDLES_MASTER_20260504_v01/20260504_222555/files/apps/terminal-de-venta-system/products/tablet/app/app/api/pos/sync/retry/route.ts,tablet,,.ts,False,False,False,False,False
.prisma_installer_backups/PRISMA_THREE_BUNDLES_MASTER_20260504_v01/20260504_222555/files/apps/terminal-de-venta-system/products/tablet/app/app/api/pos/reports/operational-today/route.ts,tablet,,.ts,False,False,False,False,False
.prisma_installer_backups/PRISMA_THREE_BUNDLES_MASTER_20260504_v01/20260504_222555/files/apps/terminal-de-venta-system/products/tablet/app/app/api/pos/export/events/route.ts,tablet,,.ts,False,False,False,False,False
.prisma_installer_backups/PRISMA_THREE_BUNDLES_MASTER_20260504_v01/20260504_222555/files/apps/terminal-de-venta-system/products/tablet/app/app/api/pos/export/inventory-movements/route.ts,tablet,,.ts,False,False,False,False,False
.prisma_installer_backups/PRISMA_THREE_BUNDLES_MASTER_20260504_v01/20260504_222555/files/apps/terminal-de-venta-system/products/tablet/app/app/api/pos/export/sales-today/route.ts,tablet,,.ts,False,False,False,False,False
.prisma_installer_backups/PRISMA_THREE_BUNDLES_MASTER_20260504_v01/20260504_222555/files/apps/terminal-de-venta-system/products/pc/app/app/page.tsx,pc,/app,.tsx,False,False,False,False,False
.prisma_installer_backups/PRISMA_THREE_BUNDLES_MASTER_20260504_v01/20260504_222555/files/apps/terminal-de-venta-system/products/pc/app/src/composition/navigation.ts,pc,,.ts,False,False,False,False,False
.prisma_installer_backups/PRISMA_THREE_BUNDLES_MASTER_20260504_v01/20260504_222555/files/apps/terminal-de-venta-system/products/pc/app/app/audit/page.tsx,pc,/app/audit,.tsx,False,False,False,False,False
.prisma_installer_backups/PRISMA_THREE_BUNDLES_MASTER_20260504_v01/20260504_222555/files/apps/terminal-de-venta-system/products/pc/app/app/catalog/page.tsx,pc,/app/catalog,.tsx,False,False,False,False,False
.prisma_installer_backups/PRISMA_THREE_BUNDLES_MASTER_20260504_v01/20260504_222555/files/apps/terminal-de-venta-system/products/pc/app/app/counts/page.tsx,pc,/app/counts,.tsx,False,False,False,False,False
.prisma_installer_backups/PRISMA_THREE_BUNDLES_MASTER_20260504_v01/20260504_222555/files/apps/terminal-de-venta-system/products/pc/app/app/dashboard/page.tsx,pc,/app/dashboard,.tsx,False,False,False,False,False
.prisma_installer_backups/PRISMA_THREE_BUNDLES_MASTER_20260504_v01/20260504_222555/files/apps/terminal-de-venta-system/products/pc/app/app/purchasing/page.tsx,pc,/app/purchasing,.tsx,False,False,False,False,False
.prisma_installer_backups/PRISMA_THREE_BUNDLES_MASTER_20260504_v01/20260504_222555/files/apps/terminal-de-venta-system/products/pc/app/app/receiving/page.tsx,pc,/app/receiving,.tsx,False,False,False,False,False
.prisma_installer_backups/PRISMA_THREE_BUNDLES_MASTER_20260504_v01/20260504_222555/files/apps/terminal-de-venta-system/products/pc/app/app/replenishment/page.tsx,pc,/app/replenishment,.tsx,False,False,False,False,False
.prisma_installer_backups/PRISMA_THREE_BUNDLES_MASTER_20260504_v01/20260504_222555/files/apps/terminal-de-venta-system/products/pc/app/app/stock/page.tsx,pc,/app/stock,.tsx,False,False,False,False,False
.prisma_installer_backups/PRISMA_THREE_BUNDLES_MASTER_20260504_v01/20260504_222555/files/apps/terminal-de-venta-system/products/pc/app/app/sync/page.tsx,pc,/app/sync,.tsx,False,False,False,False,False
.prisma_installer_backups/PRISMA_THREE_BUNDLES_MASTER_20260504_v01/20260504_222555/files/apps/terminal-de-venta-system/products/mobile/app/public/prisma-mobile-sw.js,mobile,/public/prisma-mobile-sw,.js,False,False,False,False,False
.prisma_installer_backups/PRISMA_THREE_BUNDLES_MASTER_20260504_v01/20260504_222555/files/apps/terminal-de-venta-system/products/mobile/app/tools/verify_prisma_app_mobile_27_premium_navigation.mjs,mobile,,.mjs,False,False,False,False,False
.prisma_installer_backups/PRISMA_THREE_BUNDLES_MASTER_20260504_v01/20260504_222555/files/apps/terminal-de-venta-system/products/mobile/app/tools/verify_prisma_app_mobile_28_data_readiness.mjs,mobile,,.mjs,False,False,False,False,False
.prisma_installer_backups/PRISMA_THREE_BUNDLES_MASTER_20260504_v01/20260504_222555/files/apps/terminal-de-venta-system/products/mobile/app/src/lib/prisma-app/prisma-mobile-view-model.ts,mobile,/src/lib/prisma-app/prisma-mobile-view-model,.ts,False,False,False,False,False
.prisma_installer_backups/PRISMA_THREE_BUNDLES_MASTER_20260504_v01/20260504_222555/files/apps/terminal-de-venta-system/products/mobile/app/src/lib/prisma-app/mobile-data-plane/data-readiness.ts,mobile,/src/lib/prisma-app/mobile-data-plane/data-readiness,.ts,False,False,False,False,False
.prisma_installer_backups/PRISMA_THREE_BUNDLES_MASTER_20260504_v01/20260504_222555/files/apps/terminal-de-venta-system/products/mobile/app/src/components/prisma-app/prisma-mobile-dashboard.module.css,mobile,,.css,False,True,True,False,True
.prisma_installer_backups/PRISMA_TABLET_POS_REFERENCE_MATCH_04J_20260503_v01/20260503_131114/files/products/tablet/app/components/pos/pos-product-search.tsx,tablet,,.tsx,False,False,False,False,False
.prisma_installer_backups/PRISMA_TABLET_POS_REFERENCE_MATCH_04J_20260503_v01/20260503_131114/files/products/tablet/app/components/pos/pos-screen.tsx,tablet,,.tsx,False,False,False,False,False
.prisma_installer_backups/PRISMA_TABLET_POS_REFERENCE_MATCH_04J_20260503_v01/20260503_131114/files/products/tablet/app/components/pos/pos-ticket-panel.tsx,tablet,,.tsx,False,False,False,False,False
.prisma_installer_backups/PRISMA_TABLET_POS_REFERENCE_MATCH_04J_20260503_v01/20260503_131114/files/products/tablet/app/components/pos/pos.module.css,tablet,,.css,False,True,True,True,True
.prisma_installer_backups/PRISMA_TABLET_POS_REFERENCE_MATCH_04J_20260503_v01/20260503_131114/files/products/tablet/app/components/tablet-shell/prisma-tablet-shell.module.css,tablet,,.css,False,True,True,True,True
.prisma_installer_backups/PRISMA_POS_TOUCH_ONLY_04H_FIX_00V_20260504_v01/20260504_122624/apps/terminal-de-venta-system/products/tablet/app/tools/verify_pos_touch_only_actions_04h.mjs,tablet,,.mjs,False,False,False,False,False
.prisma_installer_backups/PRISMA_POS_TOUCH_ONLY_04H_FIX_00V_20260504_v01/20260504_122624/apps/terminal-de-venta-system/products/tablet/app/components/pos/pos-screen.tsx,tablet,,.tsx,False,False,False,False,False
.prisma_installer_backups/prisma_pc_suppliers_inventory_bridge_v11/20260503_000253/products/pc/app/app/suppliers-ux-v08.css,pc,,.css,False,True,True,True,False
.prisma_installer_backups/prisma_pc_suppliers_inventory_bridge_v11/20260503_000253/products/pc/app/src/lib/suppliers/server.ts,pc,,.ts,False,False,False,False,False
.prisma_installer_backups/prisma_pc_suppliers_inventory_bridge_v11/20260503_000253/products/pc/app/src/lib/suppliers/types.ts,pc,,.ts,False,False,False,False,False
.prisma_installer_backups/prisma_pc_suppliers_inventory_bridge_v11/20260503_000253/products/pc/app/components/suppliers/smart-purchase-workbench.tsx,pc,,.tsx,False,False,False,False,False
.prisma_installer_backups/prisma_pc_suppliers_inventory_bridge_v11/20260503_000253/products/pc/app/app/proveedores/page.tsx,pc,/app/proveedores,.tsx,False,False,False,False,False
.prisma_installer_backups/prisma_pc_suppliers_inventory_bridge_v11/20260503_000253/products/pc/app/app/api/proveedores/compra-inteligente/route.ts,pc,,.ts,False,False,False,False,False
.prisma_installer_backups/PRISMA_CROSS_SURFACE_BINDINGS_00J_00K_20260503_v01/20260503_055633/files/products/pc/app/app/layout.tsx,pc,/app,.tsx,False,False,False,False,False
.prisma_installer_backups/PRISMA_CROSS_SURFACE_BINDINGS_00J_00K_20260503_v01/20260503_055633/files/products/pc/app/app/prisma-visual-os-pc-binding.css,pc,,.css,False,True,True,False,False
.prisma_installer_backups/PRISMA_CROSS_SURFACE_BINDINGS_00J_00K_20260503_v01/20260503_055633/files/products/mobile/app/app/layout.tsx,mobile,/app,.tsx,False,False,False,False,False
.prisma_installer_backups/PRISMA_CROSS_SURFACE_BINDINGS_00J_00K_20260503_v01/20260503_055633/files/products/mobile/app/app/prisma-mobile-pulse-binding.css,mobile,,.css,False,True,True,False,False
.prisma_installer_backups/PRISMA_CROSS_SURFACE_BINDINGS_00J_00K_20260503_v01/20260503_055520/files/products/pc/app/app/layout.tsx,pc,/app,.tsx,False,False,False,False,False
.prisma_installer_backups/PRISMA_CROSS_SURFACE_BINDINGS_00J_00K_20260503_v01/20260503_055520/files/products/mobile/app/app/layout.tsx,mobile,/app,.tsx,False,False,False,False,False
.prisma_installer_backups/PRISMA_CHART_LAB_ITER06_R2_KEYSTONE_LUXURY_ADAPTER/20260524_082508/products/chart-lab/app/app/globals.css,unknown,,.css,False,True,True,True,True
.prisma_installer_backups/PRISMA_CHART_LAB_ITER06_R2_KEYSTONE_LUXURY_ADAPTER/20260524_082508/products/chart-lab/app/src/components/PrismaChartLabShell.tsx,unknown,,.tsx,False,False,False,False,False
.prisma_installer_backups/PRISMA_00T_RELEASE_GATE_CLEANUP_00U_20260504_v01/20260504_115933/apps/terminal-de-venta-system/tools/prisma-visual-os/verify_prisma_visual_os_pos_live_binding_00t.mjs,unknown,,.mjs,False,False,False,False,False
.prisma_installer_backups/PRISMA_00T_RELEASE_GATE_CLEANUP_00U_20260504_v01/20260504_115933/apps/terminal-de-venta-system/products/tablet/app/components/pos/pos-live-binding.tsx,tablet,,.tsx,False,True,True,False,True
.prisma_installer_backups/PRISMA_00T_RELEASE_GATE_CLEANUP_00U_20260504_v01/20260504_115933/apps/terminal-de-venta-system/products/tablet/app/components/pos/pos.module.css,tablet,,.css,False,True,True,True,True
