dir_rel,file_count,total_size_bytes,total_size_mb
_attic/docs_dump/_root_archive/20260301_014802/exports/codex_history_20260221_005517,4,30493769,29.08
,82,22120140,21.1
docs/visual-baselines/ui-improvement-scenes,9,20801364,19.84
tools/codex/runs/20260305_092736_F9A0/D_validation,17,15475959,14.76
tools/codex/runs/20260302_001507_20C8/Z_aggregator,21,14831143,14.14
_attic/docs_dump/_root_archive/20260301_014802/exports,2,9616565,9.17
tools/_local/context_exports/Macro,7,9368488,8.93
artifacts/keystone-scene-studio/scenes/pitch-04-valuation-fx-tablet/2026-03-04T05-10-02.654Z,6,7467373,7.12
artifacts/keystone-scene-studio/scenes/pitch-04-valuation-fx-tablet/2026-03-04T18-42-46.159Z,6,7259029,6.92
artifacts/keystone-scene-studio/scenes/pitch-01-double-engine-fx-desktop/2026-03-04T05-10-02.654Z,6,6554041,6.25
docs/knowledge/codex_chats/export_20260304_152713/export/analysis,5,6388487,6.09
artifacts/keystone-scene-studio/scenes/pitch-01-double-engine-fx-desktop/2026-03-04T05-09-23.094Z,6,6371577,6.08
artifacts/keystone-scene-studio/scenes/pitch-01-double-engine-fx-desktop/2026-03-04T18-42-46.159Z,6,6371373,6.08
artifacts/keystone-scene-studio/scenes/pitch-01-double-engine-fx-desktop/2026-03-04T05-15-30.603Z,6,6371356,6.08
artifacts/keystone-scene-studio/scenes/pitch-01-double-engine-fx-desktop/2026-03-04T05-21-22.529Z,6,6371356,6.08
artifacts/ui-improvement-reports/pitch-01-double-engine-default-desktop,6,6069449,5.79
artifacts/keystone-scene-studio/scenes/pitch-02-industrial-flow-layered-desktop/2026-03-04T05-10-02.654Z,6,5900636,5.63
artifacts/ui-improvement-reports/pitch-02-industrial-flow-layered-desktop,6,5899729,5.63
artifacts/keystone-scene-studio/scenes/pitch-02-industrial-flow-layered-desktop/2026-03-04T18-42-46.159Z,6,5771435,5.5
artifacts/keystone-scene-studio/scenes/pitch-02-industrial-flow-layered-desktop/2026-03-04T05-09-23.094Z,6,5771433,5.5
artifacts/keystone-scene-studio/scenes/pitch-02-industrial-flow-layered-desktop/2026-03-04T05-15-30.603Z,6,5771433,5.5
artifacts/keystone-scene-studio/scenes/pitch-02-industrial-flow-layered-desktop/2026-03-04T05-21-22.529Z,6,5771433,5.5
artifacts/keystone-scene-studio/scenes/pitch-03-hitech-os-fx-desktop/2026-03-04T05-10-02.654Z,6,5745910,5.48
artifacts/keystone-scene-studio/scenes/pitch-02-industrial-flow-default-desktop/2026-03-04T05-10-02.654Z,6,5710003,5.45
artifacts/ui-improvement-reports/pitch-02-industrial-flow-default-desktop,6,5708910,5.44
artifacts/keystone-scene-studio/scenes/pitch-02-industrial-flow-default-desktop/2026-03-04T05-15-30.603Z,6,5608551,5.35
artifacts/keystone-scene-studio/scenes/pitch-02-industrial-flow-default-desktop/2026-03-04T05-21-22.529Z,6,5608551,5.35
artifacts/keystone-scene-studio/scenes/pitch-02-industrial-flow-default-desktop/2026-03-04T05-09-23.094Z,6,5608548,5.35
artifacts/keystone-scene-studio/scenes/pitch-02-industrial-flow-default-desktop/2026-03-04T18-42-46.159Z,6,5608548,5.35
artifacts/keystone-scene-studio/scenes/pitch-03-hitech-os-fx-desktop/2026-03-04T18-42-46.159Z,6,5599308,5.34
tools/codex/worktrees/Z_aggregator/tools/codex/runs/20260304_061005_61C9/Z_aggregator,26,5222724,4.98
artifacts/keystone-scene-studio/scenes/pitch-01-double-engine-neutral-desktop/2026-03-04T05-10-02.654Z,6,5186846,4.95
artifacts/keystone-scene-studio/scenes/pitch-01-double-engine-neutral-desktop/2026-03-04T05-09-23.094Z,6,5044072,4.81
artifacts/keystone-scene-studio/scenes/pitch-01-double-engine-neutral-desktop/2026-03-04T05-21-22.529Z,6,5043851,4.81
artifacts/keystone-scene-studio/scenes/pitch-01-double-engine-neutral-desktop/2026-03-04T05-15-30.603Z,6,5043847,4.81
artifacts/keystone-scene-studio/scenes/pitch-01-double-engine-neutral-desktop/2026-03-04T18-42-46.159Z,6,5043842,4.81
tools/_local/context_exports,4,4598703,4.39
artifacts/ui-improvement-reports/pitch-04-valuation-perf-mobile,6,4070314,3.88
artifacts/keystone-scene-studio/scenes/pitch-04-valuation-perf-mobile/2026-03-04T05-10-02.654Z,6,4059823,3.87
artifacts/keystone-scene-studio/scenes/pitch-04-valuation-perf-mobile/2026-03-04T18-42-46.159Z,6,3863188,3.68
tools/codex/runs/20260305_092736_F9A0/D_validation/FILES/tools/codex/dispatch/fixtures/observability,5,3088077,2.95
artifacts/keystone-scene-studio/scenes/pitch-03-hitech-os-perf-mobile/2026-03-04T05-10-02.654Z,6,2711454,2.59
artifacts/keystone-scene-studio/scenes/pitch-03-hitech-os-perf-mobile/2026-03-04T18-42-46.159Z,6,2525836,2.41
tools/codex/runs/20260305_092736_F9A0/B_tooling,14,2413844,2.3
tools/codex/worktrees/B_tooling/tools/codex/runs/20260305_092736_F9A0/B_tooling,14,2413844,2.3
tools/codex/runs/20260305_092736_F9A0/D_validation/FILES/tools/codex/factory,6,2249097,2.14
tools/codex/worktrees/C_features/tools/codex/runs/20260304_061005_61C9/C_features/runtime/pitch-engine,1,1792706,1.71
tools/codex/runs/20260228_183257_093E/D_validation,9,1767323,1.69
tools/codex/runs/20260305_092736_F9A0/B_tooling/FILES/apps/keystone/app/dev/_luxury/registry,7,1758118,1.68
tools/codex/worktrees/B_tooling/tools/codex/runs/20260305_092736_F9A0/B_tooling/FILES/apps/keystone/app/dev/_luxury/registry,7,1758118,1.68
tools/codex/worktrees/D_validation/apps/keystone/tests/utils,3,1692791,1.61
tools/codex/runs/20260305_092736_F9A0/D_validation/FILES/tools/codex/dispatch/observability,7,1572420,1.5
tools/codex/runs/20260305_092736_F9A0/D_validation/FILES/packages/ui-kit/src/data-spine/providers,4,1535147,1.46
tools/codex/worktrees/C_features/tools/codex/runs/20260304_061005_61C9/C_features,14,1379715,1.32
tools/codex/worktrees/C_features/tools/codex/runs/20260304_061005_61C9/C_features/FILES/apps/keystone/components/pitch-engine/program-library,2,1144236,1.09
tools/codex/runs/20260302_001507_20C8/C_features,12,1117399,1.07
tools/codex/worktrees/C_features/apps/keystone/components/pitch-engine/program-library,2,1112900,1.06
tools/codex/runs/manual_20260301_212235/A_core/_git_snapshots/hos_factory-launcher_B_tooling,4,1060166,1.01
tools/codex/runs/20260302_001507_20C8/B_tooling,12,1057929,1.01
tools/codex/worktrees/B_tooling/tools/codex/runs/20260302_001507_20C8/B_tooling,12,1057929,1.01
tools/codex/runs/20260305_092736_F9A0/D_validation/FILES/apps/keystone/dev-datasets/datasets,5,999313,0.95
tools/codex/runs/20260228_183257_093E/A_core,8,996814,0.95
tools/codex/worktrees/Z_aggregator/apps/keystone/tests/guards,6,975922,0.93
tools/codex/worktrees/D_validation/tools/codex/runs/20260304_061005_61C9/D_validation,14,970899,0.93
packages/ui-kit/src/styles,3,955477,0.91
tools/codex/worktrees/A_core/packages/contracts/tests,5,947507,0.9
tools/codex/worktrees/B_tooling/packages/ui-kit/src/styles,2,946700,0.9
tools/codex/runs/20260228_183257_093E/A_core/FILES/packages/contracts/tests,4,936881,0.89
tools/docs_governor/reports,5,936480,0.89
tools/codex/runs/20260305_092736_F9A0/Z_aggregator,17,886935,0.85
tools/codex/worktrees/Z_aggregator/tools/codex/runs/20260305_092736_F9A0/Z_aggregator,14,875052,0.83
tools/codex/runs/{{RUN_ID}}/UNICODEX,11,865285,0.83
tools/codex/worktrees/D_validation/apps/keystone/tests/pitch-engine-validation/fixtures,3,807568,0.77
tools/codex/runs/20260301_011534_EF0A/Z_integrator,5,802261,0.77
tools/codex/worktrees/Z_aggregator/packages/ui-kit/tests/guards,7,791735,0.76
tools/_local/worktree_wash/20260301_022038/Z_aggregator,5,780632,0.74
tools/codex/runs/20260305_092736_F9A0/D_validation/FILES/tools/codex/dispatch/tests/observability,4,767273,0.73
tools/codex/worktrees/B_tooling/tools/codex/runs/20260304_061005_61C9/B_tooling,14,739060,0.7
tools/codex/runs/20260302_001507_20C8/D_validation,12,716641,0.68
tools/codex/worktrees/D_validation/tools/codex/runs/20260302_001507_20C8/D_validation,12,716641,0.68
tools/codex/runs/20260301_011534_EF0A/A_core,11,712539,0.68
tools/codex/runs/20260228_164549_2F73/A_core,6,664558,0.63
tools/codex/worktrees/D_validation/apps/keystone/tests/_utils,3,656588,0.63
tools/codex/runs/20260301_011534_EF0A/B_tooling/FILES/apps/keystone/lib/pitch,2,649425,0.62
tools/codex/runs/20260301_011534_EF0A/C_features/FILES/apps/keystone/lib/pitch,2,649425,0.62
docs/ui-map,5,632422,0.6
apps/keystone/lib/pitch,5,629379,0.6
tools/codex/runs/20260228_164549_2F73/A_core/FILES/packages/contracts/tests,3,614464,0.59
tools/codex/worktrees/B_tooling/apps/keystone/lib/pitch,4,614167,0.59
apps/keystone/components/pitch/run1,13,613846,0.59
tools/codex/runs/factory_smoke_test_20260218_000000_001/Z_integrator/LOGS,3,586241,0.56
tools/codex/runs/factory_smoke_20260304_232534_a09b221c_001/Z_integrator/LOGS,3,584293,0.56
tools/codex/runs/factory_smoke_20260304_232916_a09b221c_001/Z_integrator/LOGS,3,584293,0.56
tools/codex/runs/factory_smoke_20260304_214351_bd91c028_001/Z_integrator/LOGS,3,583011,0.56
tools/codex/runs/factory_smoke_20260304_212807_4d993bdd_001/Z_integrator/LOGS,3,582797,0.56
tools/codex/runs/factory_smoke_20260304_213135_6f06e517_001/Z_integrator/LOGS,3,582651,0.56
tools/codex/worktrees/A_core/tools/codex/runs/20260304_061005_61C9/A_core/FILES/apps/keystone/tests/pitch-engine-core,9,581837,0.55
tools/codex/worktrees/A_core/apps/keystone/tests/pitch-engine-core,9,581829,0.55
tools/codex/runs/manual_20260301_211924/A_core/_git_snapshots,4,576195,0.55
tools/_local/toolchain_reports,4,553497,0.53
tools/codex/runs/20260305_092736_F9A0/D_validation/FILES/packages/ui-kit/src/data-spine/schema,3,545602,0.52
tools/codex/runs/20260305_092736_F9A0/D_validation/FILES/apps/keystone/lib/dev-kpi,3,540045,0.52
tools/codex/runs/20260305_092736_F9A0/D_validation/FILES/tools/codex/factory/tests,2,500133,0.48
_attic/docs_dump/_root_archive/20260301_014802,25,497271,0.47
tools/codex/runs/20260228_183257_093E/C_features,8,492050,0.47
tools/codex/runs/{{RUN_ID}}/UNICODEX/FILES/docs/ui-map,5,491073,0.47
tools/codex/worktrees/B_tooling/tools/codex/runs/20260304_061005_61C9/B_tooling/FILES/apps/keystone/tests/pitch-engine-tooling,10,488760,0.47
tools/codex/worktrees/B_tooling/apps/keystone/tests/pitch-engine-tooling,11,482773,0.46
tools/codex/runs/20260305_092736_F9A0/D_validation/FILES/packages/ui-kit/src/data-spine,2,475721,0.45
tools/hos/data,7,473190,0.45
tools/codex/runs/20260302_001507_20C8/A_core,12,467836,0.45
tools/codex/runs/20260305_092736_F9A0/Z_aggregator/FILES/packages/ui-kit/src/motion/catalogs,5,456587,0.44
tools/codex/worktrees/Z_aggregator/tools/codex/runs/20260305_092736_F9A0/Z_aggregator/FILES/packages/ui-kit/src/motion/catalogs,5,456587,0.44
tools/codex/runs/20260228_164549_2F73/D_validation,7,450354,0.43
tools/codex/runs/20260305_092736_F9A0/D_validation/FILES/packages/ui-kit/src/data-spine/hooks,2,417351,0.4
tools/codex/runs/20260305_092736_F9A0/D_validation/FILES/packages/ui-kit/tests/data-spine,2,413183,0.39
apps/keystone/components/pitch/run2,13,396324,0.38
tools/codex/runs/20260304_174651_DBC8/Z_aggregator,14,393250,0.38
logs/cloudflare,68,390373,0.37
tools/codex/runs/20260228_164549_2F73/B_tooling,8,388198,0.37
tools/codex/worktrees/Z_aggregator/tools/codex/runs/20260304_174651_DBC8/Z_aggregator,13,384816,0.37
tools/codex/runs/20260228_164549_2F73/D_validation/FILES/packages/ui-kit/tests/layers/fixtures,2,381915,0.36
tools/codex/dispatch,13,358268,0.34
tools/codex/runs/20260228_183257_093E/B_tooling,8,355352,0.34
docs/knowledge/codex_chats/export_20260304_152713/export,2,347427,0.33
tools/codex/runs/20260228_183257_093E/Z_integrator,5,342988,0.33
tools/codex/tracking,19,342040,0.33
tools/codex/factory,34,326655,0.31
tools/codex/runs/20260228_164549_2F73/B_tooling/FILES/packages/ui-kit/tests/layers,4,326093,0.31
tools/codex/runs/20260305_092736_F9A0/_context,13,316992,0.3
tools/codex/worktrees/Z_aggregator,23,306703,0.29
tools/codex/worktrees/A_core,24,305872,0.29
tools/codex/worktrees/C_features,22,305125,0.29
tools/codex/worktrees/D_validation,22,305125,0.29
tools/codex/worktrees/B_tooling,23,296109,0.28
tools/codex/runs/20260228_183257_093E/B_tooling/FILES/packages/ui-kit/tests/layers,5,291168,0.28
tools/codex/runs/20260305_092736_F9A0/Z_aggregator/FILES/packages/ui-kit/src/luxury/frames/signatures,3,290550,0.28
tools/codex/worktrees/Z_aggregator/tools/codex/runs/20260305_092736_F9A0/Z_aggregator/FILES/packages/ui-kit/src/luxury/frames/signatures,3,290550,0.28
tools/codex/runs/20260305_092736_F9A0/B_tooling/FILES/apps/keystone/app/dev/_luxury,3,287215,0.27
tools/codex/worktrees/B_tooling/tools/codex/runs/20260305_092736_F9A0/B_tooling/FILES/apps/keystone/app/dev/_luxury,3,287215,0.27
tools/codex/worktrees/B_tooling/packages/ui-kit/tests/layers,6,285835,0.27
apps/keystone/components/pitch/theme,3,285230,0.27
tools/codex/runs/ci_factory_local_fix5,4,284341,0.27
tools/codex/runs/ci_factory_local_fix4,4,283732,0.27
tools/codex/runs/ci_factory_local_fix3,4,283568,0.27
tools/codex/runs/factory_smoke_20260304_232534_a09b221c_001,2,278137,0.27
tools/codex/runs/factory_smoke_20260304_232916_a09b221c_001,2,278137,0.27
tools/codex/runs/factory_smoke_test_20260218_000000_001,2,278125,0.27
tools/codex/runs/integration_invalid_repo_root_debug_20260304,2,277727,0.26
tools/codex/runs/factory_smoke_20260304_214351_bd91c028_001,2,277528,0.26
tools/codex/runs/factory_smoke_20260304_212807_4d993bdd_001,2,277433,0.26
tools/codex/runs/factory_smoke_20260304_213135_6f06e517_001,2,277364,0.26
tools/codex/runs/20260228_164549_2F73/C_features,8,261732,0.25
tools/codex/worktrees/C_features/apps/keystone/lib/pitch,7,244067,0.23
tools/codex/runs/20260305_092736_F9A0/D_validation/FILES/tools/datasets,1,243173,0.23
tools/codex/runs/20260305_092736_F9A0/D_validation/FILES/apps/keystone/app/api/dev/kpi/seed/[seed],1,235877,0.22
tools/codex/runs/20260305_092736_F9A0/B_tooling/FILES/apps/keystone/app/dev/_luxury/tools,6,234918,0.22
tools/codex/worktrees/B_tooling/tools/codex/runs/20260305_092736_F9A0/B_tooling/FILES/apps/keystone/app/dev/_luxury/tools,6,234918,0.22
tools/codex/runs/20260305_092736_F9A0/D_validation/FILES/apps/keystone/app/api/dev/kpi/datasets/[id],1,234875,0.22
tools/codex/worktrees/A_core/apps/keystone,8,219912,0.21
apps/keystone,10,217677,0.21
tools/codex/worktrees/Z_aggregator/tools/codex/factory,26,199081,0.19
tools/codex/runs/20260304_174651_DBC8/Z_aggregator/FILES,1,195822,0.19
tools/codex/worktrees/Z_aggregator/tools/codex/runs/20260304_174651_DBC8/Z_aggregator/FILES,1,195822,0.19
tools/codex/worktrees/A_core/tools/codex/factory,26,194676,0.19
tools/codex/worktrees/B_tooling/tools/codex/factory,26,194676,0.19
tools/codex/worktrees/C_features/tools/codex/factory,26,194676,0.19
tools/codex/worktrees/D_validation/tools/codex/factory,26,194676,0.19
tools/codex/_triage/snapshots/SNAP_20260226_1/BEFORE/tools/codex/factory,26,193051,0.18
tools/codex/runs,6,192892,0.18
tools/codex/worktrees/B_tooling/apps/keystone,8,188093,0.18
tools/codex/worktrees/Z_aggregator/apps/keystone,11,188062,0.18
tools/codex/worktrees/C_features/apps/keystone,8,187157,0.18
tools/codex/runs/20260305_092736_F9A0/D_validation/FILES/packages/ui-kit/src,1,181704,0.17
tools/codex/runs/20260301_011534_EF0A/C_features,23,180599,0.17
tools/codex/runs/20260305_092736_F9A0/D_validation/FILES/apps/keystone/tests,1,179330,0.17
tools/codex/_triage/snapshots/SNAP_20260226_1/BEFORE,15,178761,0.17
tools/codex/runs/20260305_092736_F9A0/D_validation/FILES/docs/factory,1,178443,0.17
tools/codex/runs/20260305_092736_F9A0/D_validation/FILES/apps/keystone/dev-datasets,1,178189,0.17
tools/codex/runs/20260305_092736_F9A0/D_validation/FILES/apps/keystone/app/api/dev/kpi/datasets,1,177259,0.17
docs/knowledge/codex_chats/export_20260304_152713/export/json,283,163857,0.16
tools/_local/data_sims/20260301_095325/normal_seed12345,2,163353,0.16
tools/codex/runs/ci_factory_local_fix2,4,161537,0.15
tools/codex/runs/ci_factory_local_2,4,161496,0.15
tools/codex/runs/ci_factory_local_1,4,161270,0.15
tools/codex/worktrees/C_features/apps/keystone/components/pitch/__tests__,5,157880,0.15
_attic/docs_dump/_root_archive/20260301_014802/factory/01 Mirror/docs,20,152102,0.15
tools/codex/runs/20260305_092736_F9A0/A_core,17,139899,0.13
tools/codex/runs/20260305_092736_F9A0/C_features,17,134712,0.13
tools/codex/worktrees/C_features/tools/codex/runs/20260305_092736_F9A0/C_features,14,123578,0.12
tools/codex/worktrees/A_core/tools/codex/runs/20260305_092736_F9A0/A_core,14,123087,0.12
tools/codex/worktrees/B_tooling/tools/codex/runs/20260304_061005_61C9/B_tooling/FILES/apps/keystone/lib/pitch-engine-tooling,24,118264,0.11
tools/codex/worktrees/B_tooling/apps/keystone/lib/pitch-engine-tooling,24,118241,0.11
tools/codex/factory/tests,23,101063,0.1
tools/codex/contracts/factory,6,98229,0.09
docs,9,98071,0.09
tools/codex/_triage/snapshots/SNAP_20260226_1/BEFORE/tools/codex/contracts/factory,6,97380,0.09
tools/codex/runs/{{RUN_ID}}/UNICODEX/FILES/tools/ui_map,13,97341,0.09
tools/ui_map/_all_py_onebutton,13,97341,0.09
tools/codex/runs/20260228_164549_2F73/C_features/FILES/apps/keystone/components/pitch,39,96125,0.09
tools/codex/worktrees/A_core/tools/codex/contracts/factory,6,95268,0.09
tools/codex/worktrees/B_tooling/tools/codex/contracts/factory,6,95268,0.09
tools/codex/worktrees/C_features/tools/codex/contracts/factory,6,95268,0.09
tools/codex/worktrees/D_validation/tools/codex/contracts/factory,6,95268,0.09
tools/codex/worktrees/Z_aggregator/tools/codex/contracts/factory,6,95268,0.09
tools/codex/prompts/20260305_092736_F9A0,9,92445,0.09
tools/codex/worktrees/Z_aggregator/tools/codex/factory/tests,20,91884,0.09
tools/codex/_triage/snapshots/SNAP_20260226_1/BEFORE/tools/codex/factory/tests,20,91499,0.09
tools/codex/worktrees/A_core/tools/codex/factory/tests,20,91497,0.09
tools/codex/worktrees/B_tooling/tools/codex/factory/tests,20,91497,0.09
tools/codex/worktrees/C_features/tools/codex/factory/tests,20,91497,0.09
tools/codex/worktrees/D_validation/tools/codex/factory/tests,20,91497,0.09
tools/_local/data_sims/20260301_095653/degraded_seed77,2,89903,0.09
tools/infra/cloudflare,11,88930,0.08
tools/codex/Z_aggregator/RUN_20260223_191411,5,87800,0.08
tools/codex/Z_aggregator/RUN_20260223_191403,5,87035,0.08
tools/codex/runs/20260228_164549_2F73/C_features/FILES/apps/keystone/components/pitch/__tests__,21,86820,0.08
_attic/docs_dump/_root_archive/20260301_014802/_hitech_commit_backup/phase1_20260218_224436,4,86219,0.08
tools/hos/launcher,6,82337,0.08
tools/codex/worktrees/B_tooling/tools/hos/launcher,9,80916,0.08
tools/_local/data_sims/20260301_095840/spike_seed999,2,79470,0.08
tools/_local/data_sims/20260301_095325/normal_seed12345/api_mock,3,79260,0.08
tools/codex/worktrees/A_core/tools/hos/launcher,5,78838,0.08
tools/codex/worktrees/C_features/tools/hos/launcher,5,78838,0.08
tools/codex/worktrees/D_validation/tools/hos/launcher,5,78838,0.08
tools/codex/worktrees/Z_aggregator/tools/hos/launcher,5,78838,0.08
tools/codex/worktrees/B_tooling/apps/keystone/components/pitch,30,78005,0.07
apps/keystone/components/pitch,27,75918,0.07
services/core-api/src/__tests__/fixtures,1,71581,0.07
tools/codex/worktrees/A_core/services/core-api/src/__tests__/fixtures,1,71581,0.07
tools/codex/worktrees/B_tooling/services/core-api/src/__tests__/fixtures,1,71581,0.07
tools/codex/worktrees/C_features/services/core-api/src/__tests__/fixtures,1,71581,0.07
tools/codex/worktrees/D_validation/services/core-api/src/__tests__/fixtures,1,71581,0.07
tools/codex/worktrees/Z_aggregator/services/core-api/src/__tests__/fixtures,1,71581,0.07
tools/codex/_triage/snapshots/SNAP_20260226_1/BEFORE/services/core-api/src/__tests__/fixtures,1,71581,0.07
packages/contracts/src/domain/pitch,7,69940,0.07
tools/codex/prompts/20260304_174651_DBC8,9,66904,0.06
tools/_local/data_sims/20260301_095840/spike_seed999/api_mock,3,66163,0.06
tools/codex/worktrees/B_tooling/packages/contracts/src/domain/pitch,7,65869,0.06
tools/codex/runs/20260301_001517_5EE0/A_core/FILES/packages/contracts/src/domain/pitch,6,65559,0.06
tools/codex/runs/20260301_010535_E0B1/A_core/FILES/packages/contracts/src/domain/pitch,6,65559,0.06
tools/codex/runs/20260301_011534_EF0A/C_features/FILES/packages/contracts/src/domain/pitch,6,65559,0.06
tools/codex/runs/20260304_174343_8C66/_context,13,65329,0.06
tools/codex/runs/20260304_174651_DBC8/_context,13,64711,0.06
tools/codex/runs/20260304_131500_RR01/_context,11,62626,0.06
tools/codex/runs/20260304_130900_QA11/_context,11,62582,0.06
tools/codex/Z_aggregator/RUN_20260223_191144_bfbb7c,6,61263,0.06
tools/codex/_triage/snapshots/SNAP_20260226_1/meta,1,60815,0.06
apps/keystone/components/scene-studio,10,59258,0.06
docs/factory,33,58889,0.06
tools/codex/_debug,12,58345,0.06
tools/codex/worktrees/C_features/apps/keystone/components/pitch,40,57459,0.05
packages/ui-kit,5,57414,0.05
tools/repo_template/reports,12,56382,0.05
tools/codex/runs/20260301_001517_5EE0/A_core,6,56018,0.05
tools/codex/runs/20260301_010535_E0B1/A_core,6,55199,0.05
tools/codex/worktrees/Z_aggregator/packages/ui-kit,5,54045,0.05
tools/codex/worktrees/B_tooling/packages/ui-kit,5,53929,0.05
tools/codex/worktrees/D_validation/packages/ui-kit,5,53625,0.05
artifacts/keystone-pitch-engine/programs/hitech-pitch/20260304_080740_YFGZ,6,52624,0.05
tools/codex/runs/20260305_092736_F9A0/_debug,3,52472,0.05
tools/codex/worktrees/A_core/tools/scripts,12,52261,0.05
docs/system,13,51872,0.05
tools/codex/worktrees/A_core/tools/ops,5,51562,0.05
tools/codex/worktrees/B_tooling/tools/ops,5,51562,0.05
tools/codex/worktrees/C_features/tools/ops,5,51562,0.05
tools/codex/worktrees/D_validation/tools/ops,5,51562,0.05
tools/codex/worktrees/Z_aggregator/tools/ops,5,51562,0.05
tools/codex/_triage/snapshots/SNAP_20260226_1/BEFORE/tools/ops,5,51562,0.05
tools/ops,5,51562,0.05
tools/codex/runs/20260301_011534_EF0A/C_features/FILES/apps/keystone/components/pitch,10,51502,0.05
tools/hos/guardrails,2,50827,0.05
tools/codex/prompts/20260304_174343_8C66,9,50282,0.05
tools/codex/prompts/20260304_174343_8C66__stale_20260304_174447,9,50282,0.05
tools/codex/runs/20260305_092736_F9A0/C_features/FILES/packages/ui-kit/src/kpi/charts,6,50267,0.05
tools/codex/worktrees/C_features/tools/codex/runs/20260305_092736_F9A0/C_features/FILES/packages/ui-kit/src/kpi/charts,6,50267,0.05
tools/codex/worktrees/A_core/packages/contracts/src/domain/pitch,8,48953,0.05
tools/scripts,13,48529,0.05
apps/keystone/lib/scene-studio,14,48259,0.05
tools/codex/runs/conflicts/A_core/20260228_1/A_core,5,48214,0.05
tools/codex/worktrees/Z_aggregator/packages/contracts,4,47528,0.05
tools/codex/worktrees/D_validation/packages/contracts,4,47313,0.05
packages/contracts,4,47311,0.05
tools/codex/worktrees/B_tooling/packages/contracts,4,47307,0.05
tools/logs/keystone,30,46880,0.04
tools/codex/worktrees/D_validation/apps/keystone/tests,14,44996,0.04
tools/codex/worktrees/C_features/packages/contracts/src/domain/pitch,7,43323,0.04
tools/codex/worktrees/D_validation/packages/contracts/src/domain/pitch,7,43323,0.04
tools/codex/worktrees/Z_aggregator/packages/contracts/src/domain/pitch,7,43323,0.04
tools/codex/bridge/KEYSTONE_PITCH_2SCREENS_BRIDGE,8,42755,0.04
tools/codex/worktrees/A_core/docs,8,42124,0.04
tools/codex/worktrees/C_features/docs,8,42124,0.04
tools/codex/worktrees/D_validation/docs,8,42124,0.04
tools/codex/worktrees/Z_aggregator/docs,8,42124,0.04
tools/codex/_triage/snapshots/SNAP_20260226_1/BEFORE/docs,8,42124,0.04
tools/codex/worktrees/B_tooling/docs,8,42097,0.04
docs/ui-map/screens,6,41733,0.04
tools/codex/worktrees/A_core/docs/factory,28,41706,0.04
tools/codex/worktrees/B_tooling/docs/factory,28,41706,0.04
tools/codex/worktrees/C_features/docs/factory,28,41706,0.04
tools/codex/worktrees/D_validation/docs/factory,28,41706,0.04
tools/codex/worktrees/Z_aggregator/docs/factory,28,41706,0.04
artifacts/keystone-pitch-engine/programs/hitech-pitch/20260304_081458_TNLR,1,41684,0.04
tools/codex/worktrees/C_features/tools/scripts,11,40817,0.04
tools/codex/worktrees/D_validation/tools/scripts,11,40817,0.04
tools/codex/worktrees/Z_aggregator/tools/scripts,11,40817,0.04
tools/codex/_triage/snapshots/SNAP_20260226_1/BEFORE/tools/scripts,11,40817,0.04
tools/codex/worktrees/B_tooling/tools/scripts,11,40790,0.04
tools/codex/runs/{{RUN_ID}}/UNICODEX/FILES/docs/ui-map/screens,6,40588,0.04
apps/keystone/components/pitch/visuals,8,40549,0.04
apps/keystone/app/dev/scene-studio/window-manager,9,40212,0.04
packages/ui-kit/src/layers,7,40171,0.04
tools/codex/prompt_zips,6,38483,0.04
tools/codex/_triage/snapshots/SNAP_20260226_1/meta/BEFORE,8,38143,0.04
tools/codex/worktrees/A_core/tools/meta,12,37931,0.04
tools/codex/worktrees/B_tooling/tools/meta,12,37931,0.04
tools/codex/worktrees/C_features/tools/meta,12,37931,0.04
tools/codex/worktrees/D_validation/tools/meta,12,37931,0.04
tools/codex/worktrees/Z_aggregator/tools/meta,12,37931,0.04
tools/codex/_triage/snapshots/SNAP_20260226_1/BEFORE/tools/meta,12,37931,0.04
tools/meta,12,37931,0.04
tools/codex/Z_aggregator/RUN_20260226_180543/FILES/tools/meta,12,37922,0.04
tools/codex/Z_aggregator/RUN_20260226_180629/FILES/tools/meta,12,37922,0.04
tools/codex/Z_aggregator/RUN_20260226_180800/FILES/tools/meta,12,37911,0.04
tools/codex/worktrees/A_core/tools/scripts/lib,4,37273,0.04
tools/codex/worktrees/B_tooling/tools/scripts/lib,4,37273,0.04
tools/codex/worktrees/C_features/tools/scripts/lib,4,37273,0.04
tools/codex/worktrees/D_validation/tools/scripts/lib,4,37273,0.04
tools/codex/worktrees/Z_aggregator/tools/scripts/lib,4,37273,0.04
tools/codex/_triage/snapshots/SNAP_20260226_1/BEFORE/tools/scripts/lib,4,37273,0.04
tools/scripts/lib,4,37273,0.04
tools/codex/Z_aggregator/RUN_20260226_180152/FILES/tools/meta,12,36735,0.04
tools/codex/Z_aggregator/RUN_20260226_180339/FILES/tools/meta,12,36735,0.04
artifacts/keystone-pitch-engine,4,36155,0.03
tools/codex/worktrees/Z_aggregator/packages/contracts/src/fixtures,8,35442,0.03
packages/contracts/src/fixtures,8,35369,0.03
tools/codex/worktrees/B_tooling/packages/contracts/src/fixtures,8,35369,0.03
tools/codex/runs/20260305_092736_F9A0/A_core/FILES/packages/ui-kit/src/luxury,8,35352,0.03
tools/codex/worktrees/A_core/tools/codex/runs/20260305_092736_F9A0/A_core/FILES/packages/ui-kit/src/luxury,8,35352,0.03
tools/codex/worktrees/A_core/packages/contracts/src/fixtures,8,35278,0.03
tools/codex/worktrees/C_features/packages/contracts/src/fixtures,8,35278,0.03
tools/codex/worktrees/D_validation/packages/contracts/src/fixtures,8,35278,0.03
tools/codex/runs/20260304_131500_RR01/_context/WORKER_INPUTS,5,34980,0.03
tools/codex/runs/20260228_183257_093E/A_core/FILES/packages/contracts/src/domain/pitch,8,33925,0.03
tools/codex/prompts/20260304_131500_RR01,5,33813,0.03
artifacts/keystone-pitch-engine/programs/hitech-pitch/20260304_101046_A08H,5,33538,0.03
artifacts/keystone-pitch-engine/programs/hitech-pitch/20260304_101451_QFH3,5,33538,0.03
artifacts/keystone-pitch-engine/programs/hitech-pitch/20260304_101617_O1C9,5,33538,0.03
tools/codex/prompts/20260301_011534_EF0A,5,33499,0.03
tools/codex/runs/20260305_092736_F9A0/B_tooling/FILES/apps/keystone/app/dev/style-lab,2,33477,0.03
tools/codex/worktrees/B_tooling/tools/codex/runs/20260305_092736_F9A0/B_tooling/FILES/apps/keystone/app/dev/style-lab,2,33477,0.03
tools/codex/_triage/snapshots/SNAP_20260226_1/BEFORE/docs/factory,25,33431,0.03
tools/codex/prompts/20260304_235959_AAAA,5,32963,0.03
tools/codex/Z_aggregator/RUN_20260224_094425,2,32933,0.03
docs/codex-kernel/docs,13,32751,0.03
tools/codex/Z_aggregator/RUN_20260224_094341,2,32521,0.03
tools/codex/worktrees/C_features/tools/codex/runs/20260304_061005_61C9/C_features/FILES/apps/keystone/components/pitch-engine/state,1,32313,0.03
tools/codex/worktrees/C_features/apps/keystone/components/pitch-engine/state,1,32308,0.03
tools/codex/runs/20260304_174651_DBC8/A_core,15,32235,0.03
tools/codex/prompts/20260304_061005_61C9,5,32119,0.03
tools/codex/worktrees/C_features/tools/codex/runs/20260304_061005_61C9/C_features/FILES/apps/keystone/components/pitch-engine,6,32114,0.03
tools/hos/visual,7,32114,0.03
tools/codex/worktrees/C_features/apps/keystone/components/pitch-engine,6,32108,0.03
tools/codex/_triage/snapshots/SNAP_20260226_1/BEFORE/docs/codex-kernel/docs,13,32088,0.03
tools/codex/worktrees/B_tooling/docs/codex-kernel/docs,13,32083,0.03
tools/codex/worktrees/A_core/docs/codex-kernel/docs,13,32078,0.03
tools/codex/worktrees/C_features/docs/codex-kernel/docs,13,32078,0.03
tools/codex/worktrees/D_validation/docs/codex-kernel/docs,13,32078,0.03
tools/codex/worktrees/Z_aggregator/docs/codex-kernel/docs,13,32078,0.03
tools/codex/runs/20260228_164549_2F73/D_validation/FILES/packages/ui-kit/tests/layers,7,31485,0.03
tools/codex/runs/20260305_092736_F9A0/B_tooling/FILES/apps/keystone/app/dev/kpi-supermarket,2,31460,0.03
tools/codex/worktrees/B_tooling/tools/codex/runs/20260305_092736_F9A0/B_tooling/FILES/apps/keystone/app/dev/kpi-supermarket,2,31460,0.03
tools/codex/runs/20260305_092736_F9A0/_context/WORKER_INPUTS,5,31453,0.03
apps/keystone/app/dev/scene-studio,8,31394,0.03
docs/ui-map/meta,4,30849,0.03
tools/codex/runs/{{RUN_ID}}/UNICODEX/FILES/docs/ui-map/meta,4,30798,0.03
packages/contracts/src/mission-control,9,30764,0.03
tools/codex/worktrees/A_core/packages/contracts/src/mission-control,9,30764,0.03
tools/codex/worktrees/B_tooling/packages/contracts/src/mission-control,9,30764,0.03
tools/codex/worktrees/C_features/packages/contracts/src/mission-control,9,30764,0.03
tools/codex/worktrees/D_validation/packages/contracts/src/mission-control,9,30764,0.03
tools/codex/worktrees/Z_aggregator/packages/contracts/src/mission-control,9,30764,0.03
artifacts/keystone-pitch-engine/programs/hitech-pitch/20260304_101016_MHER,5,30128,0.03
tools/codex/prompts/20260228_2/logs,3,30001,0.03
tools/codex/runs/20260228_1/B_tooling,8,29760,0.03
apps/keystone/visual-tests/helpers,7,29626,0.03
tools/codex/runs/20260304_174651_DBC8/B_tooling,15,29556,0.03
tools/codex/prompts/20260302_001507_20C8,5,29473,0.03
apps/keystone/src/studio,2,29376,0.03
tools/codex/runs/20260228_2/B_tooling,8,29349,0.03
tools/codex/prompts/20260228_1/logs,3,29053,0.03
tools/codex/prompts/20260227_2/logs,3,28913,0.03
tools/codex/runs/conflicts/D_validation/20260228_1/D_validation,5,28898,0.03
tools/codex/worktrees/C_features/tools/codex/runs/20260304_061005_61C9/C_features/FILES/apps/keystone/components/pitch-engine/timeline,5,28857,0.03
tools/codex/worktrees/C_features/apps/keystone/components/pitch-engine/timeline,5,28852,0.03
services/core-api/src/__tests__,8,28726,0.03
tools/codex/worktrees/A_core/services/core-api/src/__tests__,8,28726,0.03
tools/codex/worktrees/B_tooling/services/core-api/src/__tests__,8,28726,0.03
tools/codex/worktrees/C_features/services/core-api/src/__tests__,8,28726,0.03
tools/codex/worktrees/D_validation/services/core-api/src/__tests__,8,28726,0.03
tools/codex/worktrees/Z_aggregator/services/core-api/src/__tests__,8,28726,0.03
tools/codex/_triage/snapshots/SNAP_20260226_1/BEFORE/services/core-api/src/__tests__,8,28726,0.03
tools/codex/B_tooling/RUN_20260226_180543/FILES/tools/meta,9,28488,0.03
tools/codex/B_tooling/RUN_20260226_180629/FILES/tools/meta,9,28488,0.03
tools/codex/B_tooling/RUN_20260226_180800/FILES/tools/meta,9,28477,0.03
packages/ui-kit/src/brand,5,27914,0.03
tools/codex/worktrees/A_core/tools/codex/runs/20260304_061005_61C9/A_core/FILES/apps/keystone/lib/pitch-engine/sequence,9,27910,0.03
tools/codex/worktrees/A_core/apps/keystone/lib/pitch-engine/sequence,9,27901,0.03
tools/codex/worktrees/B_tooling/tools/codex/runs/20260304_061005_61C9/B_tooling/FILES/tools/hos/quality/dod,4,27583,0.03
tools/codex/worktrees/B_tooling/tools/hos/quality/dod,4,27580,0.03
tools/codex/runs/20260301_010535_E0B1/C_features,6,27486,0.03
tools/codex/tracking/tests,8,27448,0.03
tools/codex/B_tooling/RUN_20260226_180152/FILES/tools/meta,9,27301,0.03
tools/codex/B_tooling/RUN_20260226_180339/FILES/tools/meta,9,27301,0.03
apps/keystone/tests,16,26839,0.03
tools/hos/discovery,1,26693,0.03
tools/codex/runs/20260228_164549_2F73/A_core/FILES/packages/contracts/src/domain/pitch,7,26658,0.03
tools/codex/prompts/20260301_001517_5EE0,5,26278,0.03
tools/codex/prompts/20260301_010535_E0B1,5,26278,0.03
tools/codex/Z_aggregator/RUN_20260224_094425/FILES/tools/scripts/lib,2,26137,0.02
docs/meta-gov,7,26096,0.02
tools/codex/worktrees/A_core/docs/meta-gov,7,26096,0.02
tools/codex/worktrees/B_tooling/docs/meta-gov,7,26096,0.02
tools/codex/worktrees/C_features/docs/meta-gov,7,26096,0.02
tools/codex/worktrees/D_validation/docs/meta-gov,7,26096,0.02
tools/codex/worktrees/Z_aggregator/docs/meta-gov,7,26096,0.02
tools/codex/_triage/snapshots/SNAP_20260226_1/BEFORE/docs/meta-gov,7,26096,0.02
tools/codex/Z_aggregator/RUN_20260224_094341/FILES/tools/scripts/lib,2,25897,0.02
tools/codex/runs/conflicts/C_features/20260228_1/C_features,5,25823,0.02
tools/codex/prompts/20260305_092736_F9A0/logs,2,25737,0.02
apps/keystone/components/pitch/screens,5,25733,0.02
tools/codex/Z_aggregator/RUN_20260223_191411/FILES/tools/scripts/lib,3,25727,0.02
tools/codex/runs/20260301_011534_EF0A/B_tooling,8,25428,0.02
services/ai-agent/app,7,25128,0.02
tools/codex/_triage/snapshots/SNAP_20260226_1/BEFORE/services/ai-agent/app,7,25128,0.02
tools/codex/worktrees/A_core/services/ai-agent/app,7,25121,0.02
tools/codex/worktrees/B_tooling/services/ai-agent/app,7,25121,0.02
tools/codex/worktrees/C_features/services/ai-agent/app,7,25121,0.02
tools/codex/worktrees/D_validation/services/ai-agent/app,7,25121,0.02
tools/codex/worktrees/Z_aggregator/services/ai-agent/app,7,25121,0.02
tools/codex/runs/20260305_092736_F9A0/_queue/rework/inbox,5,24996,0.02
tools/codex/worktrees/Z_aggregator/apps/keystone/components/pitch,19,24949,0.02
tools/codex/worktrees/Z_aggregator/tools/codex/runs,2,24913,0.02
tools/codex/runs/20260304_174651_DBC8/_context/WORKER_INPUTS,5,24907,0.02
tools/docs_governor,2,24728,0.02
tools/codex/worktrees/A_core/tools/codex/runs/20260304_174651_DBC8/A_core,12,24692,0.02
tools/codex/worktrees/A_core/apps/keystone/components/pitch,19,24674,0.02
tools/codex/worktrees/D_validation/apps/keystone/components/pitch,19,24674,0.02
tools/codex/worktrees/B_tooling/apps/keystone/src/studio,2,24421,0.02
tools/codex/runs/20260301_010535_E0B1/B_tooling,6,23003,0.02
tools/codex/prompts/20260219_1,5,22971,0.02
tools/codex/Z_aggregator/RUN_20260226_180543,5,22869,0.02
tools/codex/Z_aggregator/RUN_20260226_180629,5,22869,0.02
tools/codex/Z_aggregator/RUN_20260226_180800,5,22869,0.02
tools/codex/worktrees/B_tooling/tools/codex/runs/20260304_174651_DBC8/B_tooling,12,22788,0.02
tools/codex/Z_aggregator/RUN_20260226_180339,5,22693,0.02
tools/codex/Z_aggregator/RUN_20260226_180152,5,22688,0.02
artifacts/keystone-pitch-engine/programs/hitech-pitch/20260304_095416_N92S,1,22366,0.02
tools/codex/worktrees/B_tooling/packages/ui-kit/src/layers,6,22114,0.02
tools/codex/Z_aggregator/RUN_20260226_180339/FILES/docs/meta-gov,6,22085,0.02
tools/codex/Z_aggregator/RUN_20260226_180543/FILES/docs/meta-gov,6,22085,0.02
tools/codex/Z_aggregator/RUN_20260226_180629/FILES/docs/meta-gov,6,22085,0.02
tools/codex/Z_aggregator/RUN_20260226_180800/FILES/docs/meta-gov,6,22085,0.02
tools/codex/Z_aggregator/RUN_20260226_180152/FILES/docs/meta-gov,6,22080,0.02
tools/codex/runs/20260304_174651_DBC8/_debug,1,21894,0.02
tools/codex/worktrees/Z_aggregator/packages/ui-kit/src/layers,6,21222,0.02
tools/codex/runs/20260228_1/B_tooling/FILES/tooling_specs,5,21089,0.02
tools/codex/runs/20260305_092736_F9A0/Z_aggregator/FILES/packages/ui-kit/src/motion/__tests__,1,21074,0.02
tools/codex/worktrees/Z_aggregator/tools/codex/runs/20260305_092736_F9A0/Z_aggregator/FILES/packages/ui-kit/src/motion/__tests__,1,21074,0.02
tools/codex/runs/20260305_092736_F9A0/Z_aggregator/FILES/packages/ui-kit/src/luxury/frames/__tests__,1,20969,0.02
tools/codex/worktrees/Z_aggregator/tools/codex/runs/20260305_092736_F9A0/Z_aggregator/FILES/packages/ui-kit/src/luxury/frames/__tests__,1,20969,0.02
tools/hos/_core,11,20965,0.02
docs/knowledge/codex_chats/export_20260304_152713/export/md,283,20942,0.02
tools/codex/worktrees/A_core/packages/ui-kit/src/layers,5,20824,0.02
tools/codex/worktrees/C_features/packages/ui-kit/src/layers,5,20824,0.02
tools/codex/worktrees/D_validation/packages/ui-kit/src/layers,5,20824,0.02
tools/codex/schemas,11,20726,0.02
tools/codex/worktrees/A_core/factory/contracts,5,20682,0.02
tools/codex/worktrees/B_tooling/factory/contracts,5,20682,0.02
tools/codex/worktrees/C_features/factory/contracts,5,20682,0.02
tools/codex/worktrees/D_validation/factory/contracts,5,20682,0.02
tools/codex/worktrees/Z_aggregator/factory/contracts,5,20682,0.02
tools/codex/_triage/snapshots/SNAP_20260226_1/BEFORE/factory/contracts,5,20682,0.02
_attic/docs_dump/_root_archive/20260301_014802/factory/contracts,5,20682,0.02
tools/codex/runs/20260228_2/B_tooling/FILES/layer_guard_specs,5,20559,0.02
tools/codex/worktrees/A_core/tools/codex/runs/20260304_061005_61C9/A_core/FILES/apps/keystone/lib/pitch-engine/contracts,6,20522,0.02
tools/codex/worktrees/A_core/apps/keystone/lib/pitch-engine/contracts,6,20516,0.02
tools/codex/runs/20260301_010535_E0B1/D_validation,6,20455,0.02
tools/codex/worktrees/B_tooling/packages/ui-kit/src/brand,2,20402,0.02
tools/codex/worktrees/A_core/tools/snapshot,2,20282,0.02
tools/codex/worktrees/B_tooling/tools/snapshot,2,20282,0.02
tools/codex/worktrees/C_features/tools/snapshot,2,20282,0.02
tools/codex/worktrees/D_validation/tools/snapshot,2,20282,0.02
tools/codex/worktrees/Z_aggregator/tools/snapshot,2,20282,0.02
tools/codex/_triage/snapshots/SNAP_20260226_1/BEFORE/tools/snapshot,2,20282,0.02
tools/snapshot,2,20282,0.02
tools/codex/runs/20260304_174651_DBC8/D_validation,13,20115,0.02
tools/codex/worktrees/B_tooling/apps/keystone/app/dev/scene-studio,4,19986,0.02
tools/codex/worktrees/D_validation/packages/contracts/tests,3,19877,0.02
tools/codex/runs/20260228_1/D_validation/FILES/validation_specs,5,19806,0.02
tools/codex/_triage/snapshots/SNAP_20260226_1/BEFORE/tools/codex/schemas,11,19752,0.02
tools/codex/runs/20260305_092736_F9A0/B_tooling/LOGS,4,19733,0.02
tools/codex/worktrees/B_tooling/tools/codex/runs/20260305_092736_F9A0/B_tooling/LOGS,4,19733,0.02
apps/keystone/components/mission,6,19663,0.02
tools/codex/worktrees/A_core/tools/codex/schemas,11,19592,0.02
tools/codex/worktrees/B_tooling/tools/codex/schemas,11,19592,0.02
tools/codex/worktrees/C_features/tools/codex/schemas,11,19592,0.02
tools/codex/worktrees/D_validation/tools/codex/schemas,11,19592,0.02
tools/codex/worktrees/Z_aggregator/tools/codex/schemas,11,19592,0.02
tools/codex/worktrees/B_tooling/apps/keystone/components/mission,6,19545,0.02
tools/codex/runs/20260228_183257_093E/B_tooling/FILES/packages/ui-kit/src/layers,5,19488,0.02
tools/codex/worktrees/A_core/apps/keystone/components/mission,6,19307,0.02
tools/codex/worktrees/C_features/apps/keystone/components/mission,6,19307,0.02
tools/codex/worktrees/D_validation/apps/keystone/components/mission,6,19307,0.02
tools/codex/worktrees/Z_aggregator/apps/keystone/components/mission,6,19307,0.02
tools/codex/runs/20260304_174343_8C66/_context/WORKER_INPUTS,5,19290,0.02
tools/codex/runs/20260228_183257_093E/Z_aggregator,8,19232,0.02
packages/ui-kit/src,2,18976,0.02
packages/contracts/tools,2,18706,0.02
tools/codex/runs/ci_factory_local_fix5/C_worker,13,18647,0.02
tools/codex/runs/ci_factory_local_fix2/D_worker,13,18644,0.02
tools/codex/runs/ci_factory_local_fix4/A_worker,13,18643,0.02
tools/codex/runs/ci_factory_local_fix4/D_worker,13,18641,0.02
tools/codex/runs/ci_factory_local_fix5/A_worker,13,18641,0.02
tools/codex/runs/ci_factory_local_fix2/B_worker,13,18638,0.02
tools/codex/runs/ci_factory_local_fix3/A_worker,13,18638,0.02
tools/codex/runs/ci_factory_local_fix3/C_worker,13,18638,0.02
tools/codex/runs/ci_factory_local_fix3/D_worker,13,18635,0.02
tools/codex/runs/ci_factory_local_fix4/B_worker,13,18635,0.02
services/core-api/src,3,18632,0.02
tools/codex/runs/ci_factory_local_fix2/C_worker,13,18632,0.02
tools/codex/_triage/snapshots/SNAP_20260226_1/BEFORE/services/core-api/src,3,18632,0.02
tools/codex/worktrees/A_core/services/core-api/src,3,18631,0.02
tools/codex/worktrees/B_tooling/services/core-api/src,3,18631,0.02
tools/codex/worktrees/C_features/services/core-api/src,3,18631,0.02
tools/codex/worktrees/D_validation/services/core-api/src,3,18631,0.02
tools/codex/worktrees/Z_aggregator/services/core-api/src,3,18631,0.02
tools/codex/runs/ci_factory_local_fix2/A_worker,13,18629,0.02
tools/codex/runs/ci_factory_local_fix4/C_worker,13,18629,0.02
tools/codex/runs/ci_factory_local_fix5/B_worker,13,18629,0.02
tools/codex/runs/ci_factory_local_fix5/D_worker,13,18626,0.02
tools/codex/runs/ci_factory_local_fix3/B_worker,13,18623,0.02
tools/repo_template,3,18613,0.02
tools/codex/runs/ci_factory_local_1/D_worker,13,18575,0.02
tools/codex/runs/ci_factory_local_1/B_worker,13,18572,0.02
tools/codex/runs/ci_factory_local_1/C_worker,13,18569,0.02
tools/codex/runs/ci_factory_local_2/A_worker,13,18569,0.02
tools/codex/runs/ci_factory_local_1/A_worker,13,18566,0.02
tools/codex/runs/ci_factory_local_2/C_worker,13,18566,0.02
tools/codex/runs/ci_factory_local_2/D_worker,13,18566,0.02
tools/codex/runs/20260228_164549_2F73/B_tooling/FILES/packages/ui-kit/src/layers,5,18563,0.02
tools/codex/runs/ci_factory_local_2/B_worker,13,18563,0.02
tools/codex/worktrees/B_tooling/tools/codex/runs/20260304_061005_61C9/B_tooling/FILES/apps/keystone/scripts/pitch-engine,15,18373,0.02
tools/codex/worktrees/Z_aggregator/packages/contracts/src,10,18369,0.02
tools/codex/worktrees/B_tooling/apps/keystone/scripts/pitch-engine,15,18358,0.02
tools/codex/worktrees/D_validation/tools/codex/runs/20260304_174651_DBC8/D_validation,12,18324,0.02
tools/codex/_triage/snapshots/SNAP_20260226_1/BEFORE/packages/contracts/tools,2,18307,0.02
tools/codex/worktrees/A_core/packages/contracts/tools,2,18305,0.02
tools/codex/worktrees/B_tooling/packages/contracts/tools,2,18305,0.02
tools/codex/worktrees/C_features/packages/contracts/tools,2,18305,0.02
tools/codex/worktrees/D_validation/packages/contracts/tools,2,18305,0.02
tools/codex/worktrees/Z_aggregator/packages/contracts/tools,2,18305,0.02
tools/hos/turbo,6,17897,0.02
packages/contracts/src,10,17786,0.02
tools/codex/worktrees/A_core/factory/D_validation,4,17736,0.02
tools/codex/worktrees/B_tooling/factory/D_validation,4,17736,0.02
tools/codex/worktrees/C_features/factory/D_validation,4,17736,0.02
tools/codex/worktrees/D_validation/factory/D_validation,4,17736,0.02
tools/codex/worktrees/Z_aggregator/factory/D_validation,4,17736,0.02
tools/codex/_triage/snapshots/SNAP_20260226_1/BEFORE/factory/D_validation,4,17736,0.02
_attic/docs_dump/_root_archive/20260301_014802/factory/D_validation,4,17736,0.02
tools/codex/runs/20260228_1/A_core/FILES/contracts_specs,5,17592,0.02
tools/codex/runs/20260228_1/A_core/FILES/contracts_specs_snapshot,5,17592,0.02
tools/codex/worktrees/A_core/packages/contracts/src,10,17568,0.02
tools/codex/worktrees/B_tooling/packages/contracts/src,10,17568,0.02
tools/codex/worktrees/C_features/packages/contracts/src,10,17568,0.02
tools/codex/worktrees/D_validation/packages/contracts/src,10,17568,0.02
tools/codex/worktrees/D_validation/docs/quality,4,17511,0.02
tools,5,17447,0.02
tools/codex/worktrees/B_tooling/packages/ui-kit/src/components/premium/controls,6,17338,0.02
tools/codex/prompts/RUN_PHASE1_EXTRACT_017,5,17316,0.02
tools/codex/prompts/RUN_PHASE1_EXTRACT_020,5,17316,0.02
packages/ui-kit/src/components/premium/controls,6,17299,0.02
packages/contracts/tests,2,17105,0.02
tools/codex/worktrees/B_tooling/packages/contracts/tests,2,17036,0.02
tools/codex/runs/20260228_1/C_features/FILES/features_specs,5,16605,0.02
docs/ui-map/queries,2,16226,0.02
tools/codex/runs/20260305_092736_F9A0/A_core/FILES/packages/ui-kit/src/luxury/materials,2,16194,0.02
tools/codex/worktrees/A_core/tools/codex/runs/20260305_092736_F9A0/A_core/FILES/packages/ui-kit/src/luxury/materials,2,16194,0.02
tools/codex/worktrees/C_features/packages/contracts/tests,2,16171,0.02
tools/codex/worktrees/Z_aggregator/packages/contracts/tests,2,16171,0.02
apps/keystone/scripts,7,16142,0.02
services/core-api/src/lib,8,15893,0.02
tools/codex/_triage/snapshots/SNAP_20260226_1/BEFORE/services/core-api/src/lib,8,15893,0.02
tools/codex/worktrees/A_core/services/core-api/src/lib,8,15891,0.02
tools/codex/worktrees/B_tooling/services/core-api/src/lib,8,15891,0.02
tools/codex/worktrees/C_features/services/core-api/src/lib,8,15891,0.02
tools/codex/worktrees/D_validation/services/core-api/src/lib,8,15891,0.02
tools/codex/worktrees/Z_aggregator/services/core-api/src/lib,8,15891,0.02
tools/codex/runs/{{RUN_ID}}/UNICODEX/FILES/docs/ui-map/queries,2,15787,0.02
tools/codex/worktrees/D_validation/apps/keystone/tests/pitch-engine-validation,4,15478,0.01
tools/codex/runs/20260301_010535_E0B1/B_tooling/FILES/apps/keystone/components/pitch,4,15218,0.01
tools/codex/worktrees/A_core/factory/A_core,5,15212,0.01
tools/codex/worktrees/B_tooling/factory/A_core,5,15212,0.01
tools/codex/worktrees/C_features/factory/A_core,5,15212,0.01
tools/codex/worktrees/D_validation/factory/A_core,5,15212,0.01
tools/codex/worktrees/Z_aggregator/factory/A_core,5,15212,0.01
tools/codex/_triage/snapshots/SNAP_20260226_1/BEFORE/factory/A_core,5,15212,0.01
_attic/docs_dump/_root_archive/20260301_014802/factory/A_core,5,15212,0.01
tools/codex/verify,1,15189,0.01
apps/keystone/components/pitch/shell,11,15161,0.01
tools/codex/worktrees/B_tooling/packages/ui-kit/src/theme,1,14976,0.01
tools/codex/worktrees/A_core/tools/scripts/safe-swap,1,14958,0.01
tools/codex/worktrees/B_tooling/tools/scripts/safe-swap,1,14958,0.01
tools/codex/worktrees/C_features/tools/scripts/safe-swap,1,14958,0.01
tools/codex/worktrees/D_validation/tools/scripts/safe-swap,1,14958,0.01
tools/codex/worktrees/Z_aggregator/tools/scripts/safe-swap,1,14958,0.01
tools/codex/Z_aggregator/RUN_20260223_191411/FILES/tools/scripts/safe-swap,1,14958,0.01
tools/codex/_triage/snapshots/SNAP_20260226_1/BEFORE/tools/scripts/safe-swap,1,14958,0.01
tools/scripts/safe-swap,1,14958,0.01
tools/codex/A_core/RUN_20260226_180152/FILES/docs/meta-gov,3,14716,0.01
tools/codex/A_core/RUN_20260226_180339/FILES/docs/meta-gov,3,14716,0.01
tools/codex/A_core/RUN_20260226_180543/FILES/docs/meta-gov,3,14716,0.01
tools/codex/A_core/RUN_20260226_180629/FILES/docs/meta-gov,3,14716,0.01
tools/codex/A_core/RUN_20260226_180800/FILES/docs/meta-gov,3,14716,0.01
tools/codex/worktrees/A_core/packages/ui-kit/src,2,14604,0.01
tools/codex/worktrees/B_tooling/packages/ui-kit/src,2,14604,0.01
tools/codex/worktrees/C_features/packages/ui-kit/src,2,14604,0.01
tools/codex/worktrees/D_validation/packages/ui-kit/src,2,14604,0.01
tools/codex/runs/20260305_092736_F9A0/A_core/FILES/packages/ui-kit/src/luxury/tokens,6,14596,0.01
tools/codex/worktrees/A_core/tools/codex/runs/20260305_092736_F9A0/A_core/FILES/packages/ui-kit/src/luxury/tokens,6,14596,0.01
tools/codex/worktrees/C_features/tools/codex/runs/20260304_061005_61C9/C_features/FILES/apps/keystone/tests/pitch-engine-ui,9,14416,0.01
tools/codex/worktrees/C_features/apps/keystone/tests/pitch-engine-ui,9,14407,0.01
services/core-api/src/adapters,2,14053,0.01
tools/codex/worktrees/A_core/services/core-api/src/adapters,2,14053,0.01
tools/codex/worktrees/B_tooling/services/core-api/src/adapters,2,14053,0.01
tools/codex/worktrees/C_features/services/core-api/src/adapters,2,14053,0.01
tools/codex/worktrees/D_validation/services/core-api/src/adapters,2,14053,0.01
tools/codex/worktrees/Z_aggregator/services/core-api/src/adapters,2,14053,0.01
tools/codex/_triage/snapshots/SNAP_20260226_1/BEFORE/services/core-api/src/adapters,2,14053,0.01
tools/codex/worktrees/A_core/tools/codex/runs/20260304_061005_61C9/A_core,14,13974,0.01
tools/codex/tooling,2,13943,0.01
_attic/docs_dump/_root_archive/20260301_014802/qa/runs/20260219_1/Z_aggregator,6,13912,0.01
tools/codex/runs/20260305_092736_F9A0/Z_aggregator/FILES/packages/ui-kit/src/motion,5,13719,0.01
tools/codex/worktrees/Z_aggregator/tools/codex/runs/20260305_092736_F9A0/Z_aggregator/FILES/packages/ui-kit/src/motion,5,13719,0.01
tools/codex/Z_aggregator/RUN_20260224_094425/FILES/tools/scripts,1,13689,0.01
tools/codex/runs/20260304_174651_DBC8/C_features,15,13627,0.01
tools/codex/runs/20260305_092736_F9A0/Z_aggregator/FILES/packages/ui-kit/src/luxury/frames,3,13620,0.01
tools/codex/worktrees/Z_aggregator/tools/codex/runs/20260305_092736_F9A0/Z_aggregator/FILES/packages/ui-kit/src/luxury/frames,3,13620,0.01
tools/codex/Z_aggregator/RUN_20260224_094341/FILES/tools/scripts,1,13528,0.01
tools/codex/_cache,2,13471,0.01
scripts,10,13458,0.01
tools/codex/Z_aggregator/RUN_20260223_191411/FILES/docs,2,13441,0.01
tools/_local/context_exporter,1,13432,0.01
tools/codex/runs/20260301_001517_5EE0/D_validation,6,13292,0.01
tools/codex/prompts/20260304_120000_ABCD,5,13211,0.01
tools/codex/worktrees/A_core/tools/tests/dispatch-hardening,3,12975,0.01
tools/codex/worktrees/B_tooling/tools/tests/dispatch-hardening,3,12975,0.01
tools/codex/worktrees/C_features/tools/tests/dispatch-hardening,3,12975,0.01
tools/codex/worktrees/D_validation/tools/tests/dispatch-hardening,3,12975,0.01
tools/codex/worktrees/Z_aggregator/tools/tests/dispatch-hardening,3,12975,0.01
tools/tests/dispatch-hardening,3,12975,0.01
tools/codex/runs/BAD/_debug,4,12810,0.01
tools/codex/runs/20260228_003038_2D42/_debug,4,12640,0.01
tools/codex/runs/20260228_003207_406E/_debug,4,12640,0.01
tools/codex/runs/20260228_003543_7CC1/_debug,4,12640,0.01
tools/hos/constitution,5,12617,0.01
tools/codex/Z_aggregator/RUN_20260223_191411/FILES/tools/scripts,1,12476,0.01
tools/codex/worktrees/A_core/apps/keystone/lib/pitch,3,12403,0.01
docs/knowledge/codex_chats/export_20260304_152713/_tools,2,12329,0.01
tools/codex/worktrees/C_features/apps/keystone/components/pitch/run1,1,12213,0.01
tools/codex/worktrees/C_features/tools/codex/runs/20260304_061005_61C9/C_features/FILES/apps/keystone/app/api/pitch-engine/_lib,3,12158,0.01
tools/codex/worktrees/C_features/apps/keystone/app/api/pitch-engine/_lib,3,12156,0.01
packages/ui-kit/src/components/layout,7,12095,0.01
tools/codex/worktrees/A_core/packages/ui-kit/src/components/layout,7,12095,0.01
tools/codex/worktrees/B_tooling/packages/ui-kit/src/components/layout,7,12095,0.01
tools/codex/worktrees/C_features/packages/ui-kit/src/components/layout,7,12095,0.01
tools/codex/worktrees/D_validation/packages/ui-kit/src/components/layout,7,12095,0.01
tools/codex/worktrees/Z_aggregator/packages/ui-kit/src/components/layout,7,12095,0.01
tools/codex/runs/20260301_010535_E0B1/Z_aggregator,7,12078,0.01
packages/ui-kit/tests/layers,3,12038,0.01
tools/codex/runs/20260301_011534_EF0A/attestations,3,12011,0.01
tools/codex/prompts/20260228_164549_2F73,5,11992,0.01
tools/codex/runs/20260228_183257_093E/B_tooling/FILES/packages/ui-kit/src/styles,1,11957,0.01
tools/codex/factory/tests/integration,3,11622,0.01
tools/codex,5,11450,0.01
tools/codex/_triage/snapshots/SNAP_20260226_1/BEFORE/tools/codex,5,11450,0.01
tools/codex/worktrees/A_core/tools/codex,5,11448,0.01
tools/codex/worktrees/B_tooling/tools/codex,5,11448,0.01
tools/codex/worktrees/C_features/tools/codex,5,11448,0.01
tools/codex/worktrees/D_validation/tools/codex,5,11448,0.01
tools/codex/worktrees/Z_aggregator/tools/codex,5,11448,0.01
tools/codex/worktrees/B_tooling/tools/codex/runs/20260304_061005_61C9/B_tooling/FILES/docs/quality,2,11332,0.01
tools/codex/worktrees/B_tooling/docs/quality,2,11330,0.01
docs/meta-gov/LATEST,3,11251,0.01
docs/meta-gov/_runs/RUN_20260226_182007,3,11251,0.01
docs/meta-gov/_runs/RUN_20260226_182402,3,11251,0.01
tools/codex/worktrees/A_core/docs/meta-gov/LATEST,3,11251,0.01
tools/codex/worktrees/A_core/docs/meta-gov/_runs/RUN_20260226_182007,3,11251,0.01
tools/codex/worktrees/A_core/docs/meta-gov/_runs/RUN_20260226_182402,3,11251,0.01
tools/codex/worktrees/B_tooling/docs/meta-gov/LATEST,3,11251,0.01
tools/codex/worktrees/B_tooling/docs/meta-gov/_runs/RUN_20260226_182007,3,11251,0.01
tools/codex/worktrees/B_tooling/docs/meta-gov/_runs/RUN_20260226_182402,3,11251,0.01
tools/codex/worktrees/C_features/docs/meta-gov/LATEST,3,11251,0.01
tools/codex/worktrees/C_features/docs/meta-gov/_runs/RUN_20260226_182007,3,11251,0.01
tools/codex/worktrees/C_features/docs/meta-gov/_runs/RUN_20260226_182402,3,11251,0.01
tools/codex/worktrees/D_validation/docs/meta-gov/LATEST,3,11251,0.01
tools/codex/worktrees/D_validation/docs/meta-gov/_runs/RUN_20260226_182007,3,11251,0.01
tools/codex/worktrees/D_validation/docs/meta-gov/_runs/RUN_20260226_182402,3,11251,0.01
tools/codex/worktrees/Z_aggregator/docs/meta-gov/LATEST,3,11251,0.01
tools/codex/worktrees/Z_aggregator/docs/meta-gov/_runs/RUN_20260226_182007,3,11251,0.01
tools/codex/worktrees/Z_aggregator/docs/meta-gov/_runs/RUN_20260226_182402,3,11251,0.01
tools/codex/_triage/snapshots/SNAP_20260226_1/BEFORE/docs/meta-gov/LATEST,3,11251,0.01
tools/codex/_triage/snapshots/SNAP_20260226_1/BEFORE/docs/meta-gov/_runs/RUN_20260226_182007,3,11251,0.01
tools/codex/_triage/snapshots/SNAP_20260226_1/BEFORE/docs/meta-gov/_runs/RUN_20260226_182402,3,11251,0.01
tools/codex/worktrees/C_features/tools/codex/runs/20260304_174651_DBC8/C_features,14,11248,0.01
tools/hos/hygiene,6,11175,0.01
tools/codex/runs/factory_smoke_test_debug_20260301_000003/Z_integrator/LOGS,3,11095,0.01
tools/codex/runs/factory_smoke_test_debug_20260301_000001/Z_integrator/LOGS,3,11015,0.01
tools/codex/runs/factory_smoke_test_debug_20260301_000002/Z_integrator/LOGS,3,11015,0.01
tools/codex/runs/20260301_001517_5EE0/A_core/FILES/packages/contracts/tests,1,10877,0.01
tools/codex/runs/20260301_001517_5EE0/D_validation/FILES/packages/contracts/tests,1,10877,0.01
tools/codex/runs/20260301_010535_E0B1/A_core/FILES/packages/contracts/tests,1,10877,0.01
tools/codex/runs/20260301_010535_E0B1/D_validation/FILES/packages/contracts/tests,1,10877,0.01
tools/codex/runs/20260301_011534_EF0A/C_features/FILES/packages/contracts/tests,1,10877,0.01
tools/codex/runs/manual_20260301_212235/A_core,4,10850,0.01
packages/ui-kit/src/components/forms,5,10684,0.01
tools/codex/worktrees/A_core/packages/ui-kit/src/components/forms,5,10593,0.01
tools/codex/worktrees/B_tooling/packages/ui-kit/src/components/forms,5,10593,0.01
tools/codex/worktrees/C_features/packages/ui-kit/src/components/forms,5,10593,0.01
tools/codex/worktrees/D_validation/packages/ui-kit/src/components/forms,5,10593,0.01
tools/codex/worktrees/Z_aggregator/packages/ui-kit/src/components/forms,5,10593,0.01
tools/codex/runs/20260228_164549_2F73/C_features/FILES/apps/keystone/lib/pitch,6,10587,0.01
apps/keystone/components/pitch/layout,7,10443,0.01
tools/codex/worktrees/A_core/tools/codex/factory/tests/integration,3,10369,0.01
tools/codex/worktrees/B_tooling/tools/codex/factory/tests/integration,3,10369,0.01
tools/codex/worktrees/C_features/tools/codex/factory/tests/integration,3,10369,0.01
tools/codex/worktrees/D_validation/tools/codex/factory/tests/integration,3,10369,0.01
tools/codex/worktrees/Z_aggregator/tools/codex/factory/tests/integration,3,10369,0.01
tools/codex/_triage/snapshots/SNAP_20260226_1/BEFORE/tools/codex/factory/tests/integration,3,10369,0.01
tools/codex/runs/20260304_174651_DBC8/Z_aggregator/FILES/apps/keystone/visual-tests,2,10274,0.01
tools/codex/worktrees/Z_aggregator/tools/codex/runs/20260304_174651_DBC8/Z_aggregator/FILES/apps/keystone/visual-tests,2,10274,0.01
tools/codex/worktrees/C_features/tools/codex/runs/20260304_061005_61C9/C_features/FILES/apps/keystone/components/pitch-engine/utils,4,10169,0.01
tools/codex/worktrees/C_features/apps/keystone/components/pitch-engine/utils,4,10165,0.01
tools/codex/runs/20260304_174651_DBC8/B_tooling/LOGS,5,10143,0.01
tools/codex/worktrees/Z_aggregator/apps/keystone/visual-tests,2,10126,0.01
tools/codex/worktrees/C_features/tools/codex/runs/20260304_061005_61C9/C_features/FILES/apps/keystone/components/pitch-engine/triage,2,10122,0.01
tools/codex/worktrees/C_features/apps/keystone/components/pitch-engine/triage,2,10120,0.01
tools/codex/worktrees/A_core/tools,1,10059,0.01
tools/codex/worktrees/B_tooling/tools,1,10059,0.01
tools/codex/worktrees/C_features/tools,1,10059,0.01
tools/codex/worktrees/D_validation/tools,1,10059,0.01
tools/codex/worktrees/Z_aggregator/tools,1,10059,0.01
tools/codex/_triage/snapshots/SNAP_20260226_1/BEFORE/tools,1,10059,0.01
tools/codex/runs/20260228_164549_2F73/B_tooling/FILES/packages/ui-kit/src/styles,1,10056,0.01
services/core-api/src/contracts,1,9984,0.01
tools/codex/worktrees/A_core/services/core-api/src/contracts,1,9984,0.01
tools/codex/worktrees/B_tooling/services/core-api/src/contracts,1,9984,0.01
tools/codex/worktrees/C_features/services/core-api/src/contracts,1,9984,0.01
tools/codex/worktrees/D_validation/services/core-api/src/contracts,1,9984,0.01
tools/codex/worktrees/Z_aggregator/services/core-api/src/contracts,1,9984,0.01
tools/codex/_triage/snapshots/SNAP_20260226_1/BEFORE/services/core-api/src/contracts,1,9984,0.01
tools/codex/prompts/20260226_1,5,9786,0.01
tools/codex/prompts/20260226_3,5,9786,0.01
tools/codex/prompts/20260226_4,5,9786,0.01
tools/codex/worktrees/A_core/factory/shared,5,9733,0.01
tools/codex/worktrees/B_tooling/factory/shared,5,9733,0.01
tools/codex/worktrees/C_features/factory/shared,5,9733,0.01
tools/codex/worktrees/D_validation/factory/shared,5,9733,0.01
tools/codex/worktrees/Z_aggregator/factory/shared,5,9733,0.01
tools/codex/_triage/snapshots/SNAP_20260226_1/BEFORE/factory/shared,5,9733,0.01
_attic/docs_dump/_root_archive/20260301_014802/factory/shared,5,9733,0.01
tools/codex/prompts/20260228_022339_6C65,5,9653,0.01
tools/codex/prompts/20260226_5,5,9652,0.01
tools/codex/prompts/20260226_6,5,9642,0.01
apps/keystone/components/pitch/debug,4,9626,0.01
tools/codex/runs/integration_invalid_repo_root_debug_20260304/Z_integrator,8,9560,0.01
tools/codex/worktrees/B_tooling/packages/ui-kit/src/components/premium/dataviz,6,9482,0.01
tools/codex/prompts/20260301_164355_39A3,5,9458,0.01
tools/codex/C_features/RUN_20260226_180152/FILES/tools/meta,3,9434,0.01
tools/codex/C_features/RUN_20260226_180339/FILES/tools/meta,3,9434,0.01
tools/codex/C_features/RUN_20260226_180543/FILES/tools/meta,3,9434,0.01
tools/codex/C_features/RUN_20260226_180629/FILES/tools/meta,3,9434,0.01
tools/codex/C_features/RUN_20260226_180800/FILES/tools/meta,3,9434,0.01
tools/codex/_triage/snapshots/SNAP_20260226_1/BEFORE/tools/health/src,1,9431,0.01
tools/health/src,1,9431,0.01
tools/codex/worktrees/A_core/tools/health/src,1,9430,0.01
tools/codex/worktrees/B_tooling/tools/health/src,1,9430,0.01
tools/codex/worktrees/C_features/tools/health/src,1,9430,0.01
tools/codex/worktrees/D_validation/tools/health/src,1,9430,0.01
tools/codex/worktrees/Z_aggregator/tools/health/src,1,9430,0.01
tools/codex/runs/20260228_183257_093E/Z_aggregator/LOGS,5,9357,0.01
tools/codex/prompts/20260227_1,5,9353,0.01
tools/codex/prompts/20260227_2,5,9353,0.01
tools/codex/prompts/20260227_7,5,9353,0.01
tools/hos/ui,3,9307,0.01
tools/codex/prompts/20260226_5/logs,3,9267,0.01
docs/quality,2,9193,0.01
tools/codex/worktrees/A_core/factory/Z_aggregator,3,9141,0.01
tools/codex/worktrees/B_tooling/factory/Z_aggregator,3,9141,0.01
tools/codex/worktrees/C_features/factory/Z_aggregator,3,9141,0.01
tools/codex/worktrees/D_validation/factory/Z_aggregator,3,9141,0.01
tools/codex/worktrees/Z_aggregator/factory/Z_aggregator,3,9141,0.01
tools/codex/_triage/snapshots/SNAP_20260226_1/BEFORE/factory/Z_aggregator,3,9141,0.01
_attic/docs_dump/_root_archive/20260301_014802/factory/Z_aggregator,3,9141,0.01
docs/snapshots,2,9069,0.01
tools/codex/worktrees/A_core/docs/snapshots,2,9069,0.01
tools/codex/worktrees/B_tooling/docs/snapshots,2,9069,0.01
tools/codex/worktrees/C_features/docs/snapshots,2,9069,0.01
tools/codex/worktrees/D_validation/docs/snapshots,2,9069,0.01
tools/codex/worktrees/Z_aggregator/docs/snapshots,2,9069,0.01
tools/codex/_triage/snapshots/SNAP_20260226_1/BEFORE/docs/snapshots,2,9069,0.01
tools/codex/runs/20260228_183257_093E/attestations,3,9050,0.01
packages/ui-kit/src/components/navigation,3,9033,0.01
tools/codex/worktrees/A_core/packages/ui-kit/src/components/navigation,3,9033,0.01
tools/codex/worktrees/B_tooling/packages/ui-kit/src/components/navigation,3,9033,0.01
tools/codex/worktrees/C_features/packages/ui-kit/src/components/navigation,3,9033,0.01
tools/codex/worktrees/D_validation/packages/ui-kit/src/components/navigation,3,9033,0.01
tools/codex/worktrees/Z_aggregator/packages/ui-kit/src/components/navigation,3,9033,0.01
tools/codex/worktrees/A_core/tools/codex/runs/20260304_061005_61C9/A_core/FILES/apps/keystone/lib/pitch-engine/resolver,3,8953,0.01
tools/codex/worktrees/A_core/apps/keystone/lib/pitch-engine/resolver,3,8950,0.01
tools/codex/worktrees/B_tooling/apps/keystone/tests,6,8899,0.01
docs/constitution,5,8871,0.01
tools/codex/worktrees/B_tooling/tools/codex/runs/20260304_174651_DBC8/B_tooling/LOGS,4,8856,0.01
tools/codex/runs/20260301_011534_EF0A/Z_aggregator,9,8845,0.01
tools/codex/runs/20260304_174651_DBC8/B_tooling/FILES/apps/keystone/scripts/pitch-engine,2,8792,0.01
tools/codex/worktrees/B_tooling/tools/codex/runs/20260304_174651_DBC8/B_tooling/FILES/apps/keystone/scripts/pitch-engine,2,8792,0.01
tools/codex/runs/20260301_011534_EF0A/D_validation,8,8734,0.01
tools/codex/worktrees/A_core/tools/codex/runs/20260304_061005_61C9/A_core/FILES/apps/keystone/lib/pitch-engine/playback,4,8546,0.01
tools/codex/worktrees/A_core/apps/keystone/lib/pitch-engine/playback,4,8542,0.01
tools/codex/worktrees/Z_aggregator/apps/keystone/scripts,3,8504,0.01
tools/codex/prompts/20260226_6/logs,3,8481,0.01
tools/codex/worktrees/C_features/tools/codex/runs/20260304_061005_61C9/C_features/FILES/docs/quality,3,8360,0.01
tools/codex/worktrees/C_features/docs/quality,3,8357,0.01
apps/web/src,3,8350,0.01
tools/codex/worktrees/D_validation/apps/keystone/visual-tests/pitch-engine,2,8331,0.01
tools/codex/runs/20260301_011534_EF0A/A_core/FILES/apps/keystone/components/pitch,2,8309,0.01
artifacts/keystone-scene-studio,6,8220,0.01
tools/codex/runs/20260305_092736_F9A0/C_features/FILES/packages/ui-kit/src/kpi,3,8209,0.01
tools/codex/worktrees/C_features/tools/codex/runs/20260305_092736_F9A0/C_features/FILES/packages/ui-kit/src/kpi,3,8209,0.01
tools/codex/runs/20260228_2,2,8188,0.01
tools/codex/runs/20260305_092736_F9A0/D_validation/LOGS,3,8142,0.01
tools/codex/worktrees/B_tooling/tools/codex/runs/20260304_061005_61C9/B_tooling/FILES/apps/keystone/scripts/scene-studio,10,8085,0.01
tools/codex/worktrees/B_tooling/apps/keystone/scripts/scene-studio,10,8075,0.01
tools/codex/runs/20260301_011534_EF0A/A_core/FILES/apps/keystone/lib/pitch,1,8059,0.01
tools/codex/worktrees/B_tooling/packages/ui-kit/src/components/premium/overlays,3,7921,0.01
docs/meta-gov/_runs/RUN_20260226_180339,3,7896,0.01
docs/meta-gov/_runs/RUN_20260226_180543,3,7896,0.01
docs/meta-gov/_runs/RUN_20260226_180629,3,7896,0.01
docs/meta-gov/_runs/RUN_20260226_180800,3,7896,0.01
tools/codex/worktrees/A_core/docs/meta-gov/_runs/RUN_20260226_180339,3,7896,0.01
tools/codex/worktrees/A_core/docs/meta-gov/_runs/RUN_20260226_180543,3,7896,0.01
tools/codex/worktrees/A_core/docs/meta-gov/_runs/RUN_20260226_180629,3,7896,0.01
tools/codex/worktrees/A_core/docs/meta-gov/_runs/RUN_20260226_180800,3,7896,0.01
tools/codex/worktrees/B_tooling/docs/meta-gov/_runs/RUN_20260226_180339,3,7896,0.01
tools/codex/worktrees/B_tooling/docs/meta-gov/_runs/RUN_20260226_180543,3,7896,0.01
tools/codex/worktrees/B_tooling/docs/meta-gov/_runs/RUN_20260226_180629,3,7896,0.01
tools/codex/worktrees/B_tooling/docs/meta-gov/_runs/RUN_20260226_180800,3,7896,0.01
tools/codex/worktrees/C_features/docs/meta-gov/_runs/RUN_20260226_180339,3,7896,0.01
tools/codex/worktrees/C_features/docs/meta-gov/_runs/RUN_20260226_180543,3,7896,0.01
tools/codex/worktrees/C_features/docs/meta-gov/_runs/RUN_20260226_180629,3,7896,0.01
tools/codex/worktrees/C_features/docs/meta-gov/_runs/RUN_20260226_180800,3,7896,0.01
tools/codex/worktrees/D_validation/docs/meta-gov/_runs/RUN_20260226_180339,3,7896,0.01
tools/codex/worktrees/D_validation/docs/meta-gov/_runs/RUN_20260226_180543,3,7896,0.01
tools/codex/worktrees/D_validation/docs/meta-gov/_runs/RUN_20260226_180629,3,7896,0.01
tools/codex/worktrees/D_validation/docs/meta-gov/_runs/RUN_20260226_180800,3,7896,0.01
tools/codex/worktrees/Z_aggregator/docs/meta-gov/_runs/RUN_20260226_180339,3,7896,0.01
tools/codex/worktrees/Z_aggregator/docs/meta-gov/_runs/RUN_20260226_180543,3,7896,0.01
tools/codex/worktrees/Z_aggregator/docs/meta-gov/_runs/RUN_20260226_180629,3,7896,0.01
tools/codex/worktrees/Z_aggregator/docs/meta-gov/_runs/RUN_20260226_180800,3,7896,0.01
tools/codex/_triage/snapshots/SNAP_20260226_1/BEFORE/docs/meta-gov/_runs/RUN_20260226_180339,3,7896,0.01
tools/codex/_triage/snapshots/SNAP_20260226_1/BEFORE/docs/meta-gov/_runs/RUN_20260226_180543,3,7896,0.01
tools/codex/_triage/snapshots/SNAP_20260226_1/BEFORE/docs/meta-gov/_runs/RUN_20260226_180629,3,7896,0.01
tools/codex/_triage/snapshots/SNAP_20260226_1/BEFORE/docs/meta-gov/_runs/RUN_20260226_180800,3,7896,0.01
docs/meta-gov/_runs/RUN_20260226_180145,3,7891,0.01
docs/meta-gov/_runs/RUN_20260226_180152,3,7891,0.01
tools/codex/worktrees/A_core/docs/meta-gov/_runs/RUN_20260226_180145,3,7891,0.01
tools/codex/worktrees/A_core/docs/meta-gov/_runs/RUN_20260226_180152,3,7891,0.01
tools/codex/worktrees/B_tooling/docs/meta-gov/_runs/RUN_20260226_180145,3,7891,0.01
tools/codex/worktrees/B_tooling/docs/meta-gov/_runs/RUN_20260226_180152,3,7891,0.01
tools/codex/worktrees/C_features/docs/meta-gov/_runs/RUN_20260226_180145,3,7891,0.01
tools/codex/worktrees/C_features/docs/meta-gov/_runs/RUN_20260226_180152,3,7891,0.01
tools/codex/worktrees/D_validation/docs/meta-gov/_runs/RUN_20260226_180145,3,7891,0.01
tools/codex/worktrees/D_validation/docs/meta-gov/_runs/RUN_20260226_180152,3,7891,0.01
tools/codex/worktrees/Z_aggregator/docs/meta-gov/_runs/RUN_20260226_180145,3,7891,0.01
tools/codex/worktrees/Z_aggregator/docs/meta-gov/_runs/RUN_20260226_180152,3,7891,0.01
tools/codex/_triage/snapshots/SNAP_20260226_1/BEFORE/docs/meta-gov/_runs/RUN_20260226_180145,3,7891,0.01
tools/codex/_triage/snapshots/SNAP_20260226_1/BEFORE/docs/meta-gov/_runs/RUN_20260226_180152,3,7891,0.01
docs/archives,1,7867,0.01
tools/codex/worktrees/A_core/docs/archives,1,7867,0.01
tools/codex/worktrees/B_tooling/docs/archives,1,7867,0.01
tools/codex/worktrees/C_features/docs/archives,1,7867,0.01
tools/codex/worktrees/D_validation/docs/archives,1,7867,0.01
tools/codex/worktrees/Z_aggregator/docs/archives,1,7867,0.01
tools/codex/_triage/snapshots/SNAP_20260226_1/BEFORE/docs/archives,1,7867,0.01
docs/govos/_reports,3,7804,0.01
tools/codex/worktrees/A_core/docs/govos/_reports,3,7804,0.01
tools/codex/worktrees/B_tooling/docs/govos/_reports,3,7804,0.01
tools/codex/worktrees/C_features/docs/govos/_reports,3,7804,0.01
tools/codex/worktrees/D_validation/docs/govos/_reports,3,7804,0.01
tools/codex/worktrees/Z_aggregator/docs/govos/_reports,3,7804,0.01
tools/codex/_triage/snapshots/SNAP_20260226_1/BEFORE/docs/govos/_reports,3,7804,0.01
tools/codex/runs/manual_20260301_212235/_debug,2,7786,0.01
_backup_constitution_20260301_070024/constitution/constitution,3,7756,0.01
tools/codex/worktrees/C_features/tools/codex/runs/20260304_061005_61C9/C_features/FILES/apps/keystone/components/pitch-engine/recorder,1,7726,0.01
tools/codex/worktrees/C_features/apps/keystone/components/pitch-engine/recorder,1,7725,0.01
tools/codex/runs/ci_factory_local_1/attestations,3,7650,0.01
tools/codex/runs/ci_factory_local_2/attestations,3,7650,0.01
tools/codex/runs/ci_factory_local_fix2/attestations,3,7650,0.01
tools/codex/runs/ci_factory_local_fix3/attestations,3,7650,0.01
tools/codex/runs/ci_factory_local_fix4/attestations,3,7650,0.01
tools/codex/runs/ci_factory_local_fix5/attestations,3,7650,0.01
tools/codex/worktrees/A_core/tools/codex/runs/20260304_061005_61C9/A_core/FILES/apps/keystone/lib/pitch-engine/capabilities,3,7578,0.01
tools/codex/worktrees/A_core/apps/keystone/lib/pitch-engine/capabilities,3,7574,0.01
tools/codex/runs/20260228_011228_ML2K,3,7441,0.01
tools/codex/runs/20260304_174651_DBC8/D_validation/FILES/apps/keystone/visual-tests,1,7407,0.01
tools/codex/worktrees/D_validation/tools/codex/runs/20260304_174651_DBC8/D_validation/FILES/apps/keystone/visual-tests,1,7407,0.01
tools/codex/runs/20260228_183257_093E/Z_aggregator/FILES,2,7388,0.01
tools/codex/C_features/RUN_20260226_180339/FILES/docs/meta-gov,3,7369,0.01
tools/codex/C_features/RUN_20260226_180543/FILES/docs/meta-gov,3,7369,0.01
tools/codex/C_features/RUN_20260226_180629/FILES/docs/meta-gov,3,7369,0.01
tools/codex/C_features/RUN_20260226_180800/FILES/docs/meta-gov,3,7369,0.01
tools/codex/C_features/RUN_20260226_180152/FILES/docs/meta-gov,3,7364,0.01
tools/codex/runs/20260305_092736_F9A0/C_features/FILES/packages/ui-kit/src/kpi/theme,1,7285,0.01
tools/codex/worktrees/C_features/tools/codex/runs/20260305_092736_F9A0/C_features/FILES/packages/ui-kit/src/kpi/theme,1,7285,0.01
tools/codex/runs/20260302_001507_20C8/Z_aggregator/LOGS,7,7196,0.01
tools/codex/runs/20260301_011534_EF0A,3,7165,0.01
tools/codex/runs/ci_factory_local_fix2/Z_integrator,8,7160,0.01
tools/codex/runs/ci_factory_local_fix3/Z_integrator,8,7160,0.01
tools/codex/runs/ci_factory_local_fix4/Z_integrator,8,7160,0.01
tools/codex/runs/ci_factory_local_fix5/Z_integrator,8,7160,0.01
tools/codex/runs/ci_factory_local_1/Z_integrator,8,7118,0.01
tools/codex/runs/ci_factory_local_2/Z_integrator,8,7118,0.01
docs/integration,3,7069,0.01
tools/codex/worktrees/A_core/docs/integration,3,7069,0.01
tools/codex/worktrees/B_tooling/docs/integration,3,7069,0.01
tools/codex/worktrees/C_features/docs/integration,3,7069,0.01
tools/codex/worktrees/D_validation/docs/integration,3,7069,0.01
tools/codex/worktrees/Z_aggregator/docs/integration,3,7069,0.01
tools/codex/_triage/snapshots/SNAP_20260226_1/BEFORE/docs/integration,3,7069,0.01
tools/codex/runs/20260305_092736_F9A0/C_features/FILES/packages/ui-kit/src/kpi/frame,3,7066,0.01
tools/codex/worktrees/C_features/tools/codex/runs/20260305_092736_F9A0/C_features/FILES/packages/ui-kit/src/kpi/frame,3,7066,0.01
tools/codex/runs/manual_20260301_212235/A_core/files-changed,5,7030,0.01
tools/codex/runs/20260301_011534_EF0A/B_tooling/FILES/apps/keystone/components/pitch,3,6988,0.01
tools/codex/worktrees/Z_aggregator/tools/codex/runs/ci_factory_local_001,4,6960,0.01
services/core-api/src/routes,5,6958,0.01
tools/codex/worktrees/A_core/services/core-api/src/routes,5,6958,0.01
tools/codex/worktrees/B_tooling/services/core-api/src/routes,5,6958,0.01
tools/codex/worktrees/C_features/services/core-api/src/routes,5,6958,0.01
tools/codex/worktrees/D_validation/services/core-api/src/routes,5,6958,0.01
tools/codex/worktrees/Z_aggregator/services/core-api/src/routes,5,6958,0.01
tools/codex/_triage/snapshots/SNAP_20260226_1/BEFORE/services/core-api/src/routes,5,6958,0.01
tools/codex/runs/manual_20260301_212235/A_core/_git_snapshots/hos_factory-launcher_D_validation,4,6916,0.01
tools/codex/guards,2,6869,0.01
tools/codex/worktrees/A_core/tools/codex/guards,2,6869,0.01
tools/codex/worktrees/B_tooling/tools/codex/guards,2,6869,0.01
tools/codex/worktrees/C_features/tools/codex/guards,2,6869,0.01
tools/codex/worktrees/D_validation/tools/codex/guards,2,6869,0.01
tools/codex/worktrees/Z_aggregator/tools/codex/guards,2,6869,0.01
tools/codex/_triage/snapshots/SNAP_20260226_1/BEFORE/tools/codex/guards,2,6869,0.01
tools/codex/_triage/snapshots/SNAP_20260226_1/BEFORE/packages/contracts/src,6,6855,0.01
tools/codex/prompts/RUN_PHASE1_EXTRACT_001,7,6749,0.01
tools/codex/worktrees/Z_aggregator/packages/ui-kit/src,2,6611,0.01
tools/codex/runs/20260304_174651_DBC8/Z_aggregator/FILES/packages/ui-kit/src,2,6601,0.01
tools/codex/worktrees/Z_aggregator/tools/codex/runs/20260304_174651_DBC8/Z_aggregator/FILES/packages/ui-kit/src,2,6601,0.01
tools/codex/runs/20260301_011534_EF0A/C_features/FILES/apps/keystone/tests,2,6481,0.01
tools/codex/runs/factory_smoke_20260304_212807_4d993bdd_001/Z_integrator,8,6346,0.01
tools/codex/runs/factory_smoke_20260304_213135_6f06e517_001/Z_integrator,8,6346,0.01
tools/codex/runs/factory_smoke_20260304_214351_bd91c028_001/Z_integrator,8,6346,0.01
tools/codex/runs/factory_smoke_20260304_232534_a09b221c_001/Z_integrator,8,6346,0.01
tools/codex/runs/factory_smoke_20260304_232916_a09b221c_001/Z_integrator,8,6346,0.01
tools/codex/runs/factory_smoke_test_20260218_000000_001/Z_integrator,8,6306,0.01
tools/codex/worktrees/A_core/scripts,3,6283,0.01
tools/codex/worktrees/B_tooling/scripts,3,6283,0.01
tools/codex/worktrees/C_features/scripts,3,6283,0.01
tools/codex/worktrees/D_validation/scripts,3,6283,0.01
tools/codex/worktrees/Z_aggregator/scripts,3,6283,0.01
_attic/docs_dump/_root_archive/20260301_014802/scripts,3,6283,0.01
tools/codex/runs/factory_smoke_test_20260218_000000_001/attestations,3,6281,0.01
tools/codex/D_validation/RUN_20260226_180800/FILES/tools/meta/tests,2,6250,0.01
tools/codex/worktrees/A_core/tools/meta/tests,2,6250,0.01
tools/codex/worktrees/B_tooling/tools/meta/tests,2,6250,0.01
tools/codex/worktrees/C_features/tools/meta/tests,2,6250,0.01
tools/codex/worktrees/D_validation/tools/meta/tests,2,6250,0.01
tools/codex/worktrees/Z_aggregator/tools/meta/tests,2,6250,0.01
tools/codex/Z_aggregator/RUN_20260226_180800/FILES/tools/meta/tests,2,6250,0.01
tools/codex/_triage/snapshots/SNAP_20260226_1/BEFORE/tools/meta/tests,2,6250,0.01
tools/meta/tests,2,6250,0.01
tools/codex/D_validation/RUN_20260226_180152/FILES/tools/meta/tests,2,6216,0.01
tools/codex/D_validation/RUN_20260226_180339/FILES/tools/meta/tests,2,6216,0.01
tools/codex/D_validation/RUN_20260226_180543/FILES/tools/meta/tests,2,6216,0.01
tools/codex/D_validation/RUN_20260226_180629/FILES/tools/meta/tests,2,6216,0.01
tools/codex/Z_aggregator/RUN_20260226_180152/FILES/tools/meta/tests,2,6216,0.01
tools/codex/Z_aggregator/RUN_20260226_180339/FILES/tools/meta/tests,2,6216,0.01
tools/codex/Z_aggregator/RUN_20260226_180543/FILES/tools/meta/tests,2,6216,0.01
tools/codex/Z_aggregator/RUN_20260226_180629/FILES/tools/meta/tests,2,6216,0.01
tools/codex/runs/factory_smoke_20260304_212807_4d993bdd_001/attestations,3,6171,0.01
tools/codex/runs/factory_smoke_20260304_213135_6f06e517_001/attestations,3,6171,0.01
tools/codex/runs/factory_smoke_20260304_214351_bd91c028_001/attestations,3,6171,0.01
tools/codex/runs/factory_smoke_20260304_232534_a09b221c_001/attestations,3,6171,0.01
tools/codex/runs/factory_smoke_20260304_232916_a09b221c_001/attestations,3,6171,0.01
apps/keystone/app,3,6153,0.01
tools/codex/worktrees/D_validation/tools/codex/runs/20260304_061005_61C9/D_validation/self_dod,1,6096,0.01
apps/keystone/visual-tests,2,6012,0.01
tools/codex/worktrees/Z_aggregator/apps/keystone/docs,2,6012,0.01
tools/codex/worktrees/Z_aggregator/tools/codex/runs/factory_smoke_test_20260218_000000_001/Z_integrator/LOGS,3,6009,0.01
tools/codex/prompts/factory_20260218_185136_b6cb2ef5_001,5,6003,0.01
tools/codex/worktrees/A_core/packages/ui-kit/tests/layers,1,6000,0.01
tools/codex/worktrees/C_features/packages/ui-kit/tests/layers,1,6000,0.01
tools/codex/worktrees/D_validation/packages/ui-kit/tests/layers,1,6000,0.01
tools/codex/worktrees/Z_aggregator/packages/ui-kit/tests/layers,1,6000,0.01
tools/codex/worktrees/A_core/tests/smoke,1,5998,0.01
tools/codex/worktrees/B_tooling/tests/smoke,1,5998,0.01
tools/codex/worktrees/C_features/tests/smoke,1,5998,0.01
tools/codex/worktrees/D_validation/tests/smoke,1,5998,0.01
tools/codex/worktrees/Z_aggregator/tests/smoke,1,5998,0.01
tools/codex/_triage/snapshots/SNAP_20260226_1/BEFORE/tests/smoke,1,5998,0.01
_attic/docs_dump/_root_archive/20260301_014802/tests/smoke,1,5998,0.01
tools/codex/worktrees/D_validation/docs/design/pitch-engine,5,5996,0.01
tools/codex/worktrees/D_validation/tools/hos/quality/verification-pass,3,5985,0.01
tools/codex/runs/20260305_092736_F9A0/C_features/FILES/packages/ui-kit/src/kpi/registry,1,5980,0.01
tools/codex/worktrees/C_features/tools/codex/runs/20260305_092736_F9A0/C_features/FILES/packages/ui-kit/src/kpi/registry,1,5980,0.01
tools/codex/runs/20260305_092736_F9A0/A_core/FILES/docs/design,2,5975,0.01
tools/codex/worktrees/A_core/tools/codex/runs/20260305_092736_F9A0/A_core/FILES/docs/design,2,5975,0.01
apps/keystone/src/_codex,1,5938,0.01
artifacts/keystone-pitch-engine/programs/hitech-pitch/20260304_101046_A08H/sequences/02-industrial-flow,4,5938,0.01
artifacts/keystone-pitch-engine/programs/hitech-pitch/20260304_101451_QFH3/sequences/02-industrial-flow,4,5938,0.01
artifacts/keystone-pitch-engine/programs/hitech-pitch/20260304_101617_O1C9/sequences/02-industrial-flow,4,5938,0.01
artifacts/keystone-pitch-engine/programs/hitech-pitch/20260304_101046_A08H/sequences/01-double-engine,4,5914,0.01
artifacts/keystone-pitch-engine/programs/hitech-pitch/20260304_101451_QFH3/sequences/01-double-engine,4,5914,0.01
artifacts/keystone-pitch-engine/programs/hitech-pitch/20260304_101617_O1C9/sequences/01-double-engine,4,5914,0.01
tools/codex/runs/20260305_092736_F9A0/A_core/LOGS,3,5908,0.01
artifacts/keystone-pitch-engine/programs/hitech-pitch/20260304_101046_A08H/sequences/03-hitech-os,4,5888,0.01
artifacts/keystone-pitch-engine/programs/hitech-pitch/20260304_101451_QFH3/sequences/03-hitech-os,4,5888,0.01
artifacts/keystone-pitch-engine/programs/hitech-pitch/20260304_101617_O1C9/sequences/03-hitech-os,4,5888,0.01
artifacts/keystone-pitch-engine/programs/hitech-pitch/20260304_101046_A08H/sequences/04-valuation,4,5862,0.01
artifacts/keystone-pitch-engine/programs/hitech-pitch/20260304_101451_QFH3/sequences/04-valuation,4,5862,0.01
artifacts/keystone-pitch-engine/programs/hitech-pitch/20260304_101617_O1C9/sequences/04-valuation,4,5862,0.01
tools/codex/runs/20260305_092736_F9A0/Z_aggregator/LOGS,6,5855,0.01
tools/codex/worktrees/A_core/factory/shared/01 Prompt_Packs/01 En_bruto,1,5813,0.01
tools/codex/worktrees/B_tooling/factory/shared/01 Prompt_Packs/01 En_bruto,1,5813,0.01
tools/codex/worktrees/C_features/factory/shared/01 Prompt_Packs/01 En_bruto,1,5813,0.01
tools/codex/worktrees/D_validation/factory/shared/01 Prompt_Packs/01 En_bruto,1,5813,0.01
tools/codex/worktrees/Z_aggregator/factory/shared/01 Prompt_Packs/01 En_bruto,1,5813,0.01
_attic/docs_dump/_root_archive/20260301_014802/factory/shared/01 Prompt_Packs/01 En_bruto,1,5813,0.01
tools/codex/worktrees/A_core/packages/ui-kit/src/styles,1,5812,0.01
tools/codex/worktrees/C_features/packages/ui-kit/src/styles,1,5812,0.01
tools/codex/worktrees/D_validation/packages/ui-kit/src/styles,1,5812,0.01
tools/codex/worktrees/Z_aggregator/packages/ui-kit/src/styles,1,5812,0.01
tools/codex/runs/20260305_092736_F9A0/C_features/LOGS,3,5804,0.01
tools/codex/prompts/RUN_PHASE1_EXTRACT_005,5,5709,0.01
tools/codex/prompts/RUN_PHASE1_EXTRACT_006,5,5709,0.01
tools/codex/prompts/RUN_PHASE1_EXTRACT_007,5,5709,0.01
tools/codex/runs/{{RUN_ID}}/UNICODEX/FILES/tools/ui_map/_logs/local_run4,1,5708,0.01
tools/ui_map/_logs/local_run4,1,5708,0.01
tools/codex/runs/20260228_1,2,5678,0.01
tools/codex/prompts/20260228_1,5,5677,0.01
tools/codex/prompts/20260228_2,5,5677,0.01
docs/govos,3,5666,0.01
tools/codex/worktrees/A_core/docs/govos,3,5666,0.01
tools/codex/worktrees/B_tooling/docs/govos,3,5666,0.01
tools/codex/worktrees/C_features/docs/govos,3,5666,0.01
tools/codex/worktrees/D_validation/docs/govos,3,5666,0.01
tools/codex/worktrees/Z_aggregator/docs/govos,3,5666,0.01
tools/codex/_triage/snapshots/SNAP_20260226_1/BEFORE/docs/govos,3,5666,0.01
packages/ui-kit/src/components/premium/overlays,1,5629,0.01
docs/knowledge/codex_chats/export_20260304_152156/_tools,1,5605,0.01
tools/codex/runs/20260228_183257_093E/B_tooling/FILES/packages/ui-kit/src/components/layout,3,5569,0.01
tools/codex/worktrees/D_validation/tools/hos/quality/governance,2,5561,0.01
tools/ui_map/_logs/20260304_135834,1,5412,0.01
tools/ui_map/_logs/20260304_140028,1,5412,0.01
tools/ui_map/_logs/20260304_140158,1,5412,0.01
tools/ui_map/_logs/20260304_193248,1,5412,0.01
docs/constitution/tables,5,5372,0.01
tools/codex/runs/{{RUN_ID}}/UNICODEX/FILES/tools/ui_map/_logs/20260302_140400,1,5364,0.01
tools/ui_map/_logs/20260302_140400,1,5364,0.01
tools/ui_map/_logs/20260302_151314,1,5364,0.01
tools/codex/worktrees/Z_aggregator/packages/contracts/tests/guards,3,5362,0.01
docs/dispatcher,2,5312,0.01
tools/codex/worktrees/A_core/docs/dispatcher,2,5312,0.01
tools/codex/worktrees/B_tooling/docs/dispatcher,2,5312,0.01
tools/codex/worktrees/C_features/docs/dispatcher,2,5312,0.01
tools/codex/worktrees/D_validation/docs/dispatcher,2,5312,0.01
tools/codex/worktrees/Z_aggregator/docs/dispatcher,2,5312,0.01
tools/codex/worktrees/C_features/tools/codex/runs/20260304_061005_61C9/C_features/FILES/apps/keystone/components/pitch-engine/director,1,5269,0.01
tools/codex/worktrees/C_features/apps/keystone/components/pitch-engine/director,1,5268,0.01
docs/infra/cloudflare,3,5221,0.0
tools/codex/worktrees/Z_aggregator/apps/keystone/tests,5,5194,0.0
tools/codex/runs/20260228_164549_2F73/B_tooling/FILES/packages/ui-kit/src/components/layout,3,5183,0.0
tools/codex/runs/{{RUN_ID}}/UNICODEX/FILES/tools/ui_map/_logs/local_run,1,5146,0.0
tools/ui_map/_logs/local_run,1,5146,0.0
packages/contracts/schemas/generated,8,5129,0.0
tools/codex/worktrees/A_core/packages/contracts/schemas/generated,8,5129,0.0
tools/codex/worktrees/B_tooling/packages/contracts/schemas/generated,8,5129,0.0
tools/codex/worktrees/C_features/packages/contracts/schemas/generated,8,5129,0.0
tools/codex/worktrees/D_validation/packages/contracts/schemas/generated,8,5129,0.0
tools/codex/worktrees/Z_aggregator/packages/contracts/schemas/generated,8,5129,0.0
tools/codex/_triage/snapshots/SNAP_20260226_1/BEFORE/packages/contracts/schemas/generated,8,5129,0.0
tools/codex/runs/20260301_011534_EF0A/C_features/FILES/packages/contracts/src/fixtures,1,5120,0.0
apps/keystone/components/pitch/route-index,3,5112,0.0
tools/codex/runs/factory_smoke_test_debug_20260301_000001/Z_integrator,5,5109,0.0
tools/codex/runs/factory_smoke_test_debug_20260301_000002/Z_integrator,5,5109,0.0
tools/codex/worktrees/Z_aggregator/tools/codex/runs/ci_factory_local_001/Z_integrator,5,4945,0.0
tools/codex/worktrees/A_core/apps/keystone/tests,5,4934,0.0
tools/codex/worktrees/C_features/apps/keystone/tests,5,4934,0.0
tools/codex/runs/factory_smoke_test_debug_20260301_000003/Z_integrator,5,4929,0.0
tools/codex/runs/20260301_011534_EF0A/Z_aggregator/FILES,2,4928,0.0
tools/codex/worktrees/B_tooling/tools/codex/runs/20260304_061005_61C9/B_tooling/FILES,1,4908,0.0
tools/codex/runs/factory_smoke_diff_20260301_000001/Z_integrator,5,4881,0.0
tools/hos/_core/tests,5,4874,0.0
tools/codex/worktrees/Z_aggregator/tools/codex/runs/factory_smoke_test_20260218_000000_001/Z_integrator,5,4817,0.0
tools/codex/worktrees/B_tooling/tools/codex/runs/20260304_061005_61C9/B_tooling/self_dod,1,4781,0.0
tools/codex/runs/factory_smoke_diff_20260301_000001/attestations,3,4696,0.0
tools/codex/runs/factory_smoke_test_debug_20260301_000001/attestations,3,4696,0.0
tools/codex/runs/factory_smoke_test_debug_20260301_000002/attestations,3,4696,0.0
tools/codex/runs/factory_smoke_test_debug_20260301_000003/attestations,3,4696,0.0
tools/codex/worktrees/C_features/tools/codex/runs/20260304_061005_61C9/C_features/FILES/apps/keystone/components/pitch-engine/hooks,3,4687,0.0
tools/codex/worktrees/C_features/apps/keystone/components/pitch-engine/hooks,3,4684,0.0
tools/codex/runs/20260304_174651_DBC8/Z_aggregator/LOGS,5,4626,0.0
artifacts/keystone-pitch-engine/programs/hitech-pitch/20260304_080740_YFGZ/player,4,4568,0.0
artifacts/keystone-pitch-engine/programs/hitech-pitch/20260304_101016_MHER/player,4,4568,0.0
artifacts/keystone-pitch-engine/programs/hitech-pitch/20260304_101046_A08H/player,4,4568,0.0
artifacts/keystone-pitch-engine/programs/hitech-pitch/20260304_101451_QFH3/player,4,4568,0.0
artifacts/keystone-pitch-engine/programs/hitech-pitch/20260304_101617_O1C9/player,4,4568,0.0
artifacts/keystone-pitch-engine/programs/player-test/20260304_030303_CCCC/player,4,4507,0.0
tools/codex/worktrees/Z_aggregator/tools/codex/runs/factory_smoke_test_20260218_000000_001/attestations,3,4438,0.0
tools/hos/ui/controls/templates/toggle,5,4404,0.0
tools/codex/runs/factory_smoke_test_debug_20260301_000003,2,4402,0.0
tools/codex/runs/factory_smoke_diff_20260301_000001,2,4384,0.0
tools/codex/_triage/diag/DIAG_20260227_003337/meta,8,4371,0.0
tools/codex/runs/factory_smoke_test_debug_20260301_000001,2,4364,0.0
tools/codex/runs/factory_smoke_test_debug_20260301_000002,2,4364,0.0
_backup_closeout_20260301_071103/docs_constitution/tables,4,4290,0.0
_backup_constitution_20260301_070024/constitution/tables,4,4290,0.0
artifacts/keystone-pitch-engine/programs/hitech-pitch/20260304_080740_YFGZ/sequences/02-industrial-flow,4,4271,0.0
tools/codex/runs/manual_20260301_212235/_queue/rework/inbox,1,4252,0.0
artifacts/keystone-pitch-engine/programs/hitech-pitch/20260304_080740_YFGZ/sequences/01-double-engine,4,4247,0.0
artifacts/keystone-pitch-engine/programs/hitech-pitch/20260304_101016_MHER/sequences/02-industrial-flow,4,4225,0.0
artifacts/keystone-pitch-engine/programs/hitech-pitch/20260304_080740_YFGZ/sequences/03-hitech-os,4,4221,0.0
artifacts/keystone-pitch-engine/programs/hitech-pitch/20260304_101016_MHER/sequences/01-double-engine,4,4201,0.0
artifacts/keystone-pitch-engine/programs/hitech-pitch/20260304_080740_YFGZ/sequences/04-valuation,4,4195,0.0
packages/ui-kit/src/components/overlays,2,4181,0.0
tools/codex/worktrees/A_core/packages/ui-kit/src/components/overlays,2,4181,0.0
tools/codex/worktrees/B_tooling/packages/ui-kit/src/components/overlays,2,4181,0.0
tools/codex/worktrees/C_features/packages/ui-kit/src/components/overlays,2,4181,0.0
tools/codex/worktrees/D_validation/packages/ui-kit/src/components/overlays,2,4181,0.0
tools/codex/worktrees/Z_aggregator/packages/ui-kit/src/components/overlays,2,4181,0.0
tools/codex/worktrees/B_tooling/tools/codex/runs/20260304_061005_61C9/B_tooling/FILES/tools/hos/quality/dod/autofix,4,4180,0.0
tools/codex/worktrees/B_tooling/tools/hos/quality/dod/autofix,4,4176,0.0
artifacts/keystone-pitch-engine/programs/hitech-pitch/20260304_101016_MHER/sequences/03-hitech-os,4,4175,0.0
tools/codex/worktrees/Z_aggregator/tools/codex/runs/ci_factory_local_001/attestations,3,4171,0.0
artifacts/keystone-pitch-engine/programs/hitech-pitch/20260304_101016_MHER/sequences/04-valuation,4,4149,0.0
tools/codex/worktrees/C_features/tools/codex/runs/20260304_061005_61C9/C_features/FILES/apps/keystone/lib/scene-studio,1,4145,0.0
tools/codex/worktrees/C_features/apps/keystone/lib/scene-studio,1,4144,0.0
tools/_local/ui_scaffold/controls/DemoToggle,5,4064,0.0
tools/codex/worktrees/C_features/tools/codex/runs/20260304_061005_61C9/C_features/self_dod,1,4053,0.0
packages/ui-kit/src/lib,5,4042,0.0
tools/codex/worktrees/A_core/packages/ui-kit/src/lib,5,4042,0.0
tools/codex/worktrees/B_tooling/packages/ui-kit/src/lib,5,4042,0.0
tools/codex/worktrees/C_features/packages/ui-kit/src/lib,5,4042,0.0
tools/codex/worktrees/D_validation/packages/ui-kit/src/lib,5,4042,0.0
tools/codex/worktrees/Z_aggregator/packages/ui-kit/src/lib,5,4042,0.0
tools/codex/runs/20260228_164549_2F73/D_validation/FILES/packages/contracts/tests/layers,1,3985,0.0
tools/codex/worktrees/A_core/tools/codex/runs/20260304_061005_61C9/A_core/FILES/apps/keystone/lib/pitch-engine/presets,7,3983,0.0
tools/codex/worktrees/A_core/apps/keystone/lib/pitch-engine/presets,7,3976,0.0
tools/codex/worktrees/A_core/tools/codex/runs/20260304_061005_61C9/A_core/FILES/apps/keystone/lib/pitch-engine/shared,2,3913,0.0
tools/codex/worktrees/A_core/apps/keystone/lib/pitch-engine/shared,2,3911,0.0
services/core-api/scripts,1,3866,0.0
tools/codex/worktrees/A_core/services/core-api/scripts,1,3866,0.0
tools/codex/worktrees/B_tooling/services/core-api/scripts,1,3866,0.0
tools/codex/worktrees/C_features/services/core-api/scripts,1,3866,0.0
tools/codex/worktrees/D_validation/services/core-api/scripts,1,3866,0.0
tools/codex/worktrees/Z_aggregator/services/core-api/scripts,1,3866,0.0
tools/codex/_triage/snapshots/SNAP_20260226_1/BEFORE/services/core-api/scripts,1,3866,0.0
tools/codex/worktrees/A_worker,11,3781,0.0
tools/codex/runs/20260228_022339_6C65,2,3764,0.0
tools/codex/worktrees/B_worker,11,3761,0.0
apps/keystone/components/pitch/view-model,2,3758,0.0
apps/keystone/components/pitch/nav,3,3754,0.0
services/ai-agent/tests,3,3728,0.0
tools/codex/_triage/snapshots/SNAP_20260226_1/BEFORE/services/ai-agent/tests,3,3728,0.0
tools/codex/worktrees/A_core/services/ai-agent/tests,3,3725,0.0
tools/codex/worktrees/B_tooling/services/ai-agent/tests,3,3725,0.0
tools/codex/worktrees/C_features/services/ai-agent/tests,3,3725,0.0
tools/codex/worktrees/D_validation/services/ai-agent/tests,3,3725,0.0
tools/codex/worktrees/Z_aggregator/services/ai-agent/tests,3,3725,0.0
tools/codex/worktrees/A_core/tools/codex/runs/20260304_061005_61C9/A_core/self_dod,1,3702,0.0
tools/codex/runs/20260304_174651_DBC8/Z_aggregator/FILES/apps/keystone/tests,2,3693,0.0
tools/codex/worktrees/Z_aggregator/tools/codex/runs/20260304_174651_DBC8/Z_aggregator/FILES/apps/keystone/tests,2,3693,0.0
tools/codex/worktrees/C_features/tools/codex/runs/20260304_061005_61C9/C_features/FILES/apps/keystone/components/scene-studio,3,3658,0.0
tools/codex/worktrees/C_features/apps/keystone/components/scene-studio,3,3655,0.0
tools/codex/worktrees/A_core/tools/ops/tests,1,3637,0.0
tools/codex/worktrees/B_tooling/tools/ops/tests,1,3637,0.0
tools/codex/worktrees/C_features/tools/ops/tests,1,3637,0.0
tools/codex/worktrees/D_validation/tools/ops/tests,1,3637,0.0
tools/codex/worktrees/Z_aggregator/tools/ops/tests,1,3637,0.0
tools/codex/_triage/snapshots/SNAP_20260226_1/BEFORE/tools/ops/tests,1,3637,0.0
tools/ops/tests,1,3637,0.0
tools/codex/runs/20260228_1/_debug,4,3619,0.0
tools/codex/B_tooling/RUN_20260226_180152,7,3543,0.0
tools/codex/B_tooling/RUN_20260226_180339,7,3543,0.0
tools/codex/B_tooling/RUN_20260226_180543,7,3543,0.0
tools/codex/B_tooling/RUN_20260226_180629,7,3543,0.0
tools/codex/B_tooling/RUN_20260226_180800,7,3543,0.0
tools/codex/runs/{{RUN_ID}}/UNICODEX/FILES/tools/hos/launcher,1,3499,0.0
tools/hos/ui/controls/templates/dropdown,5,3478,0.0
docs/constitution/tables/_schema,2,3440,0.0
tools/hos/data/scenarios,6,3421,0.0
tools/codex/worktrees/C_worker,10,3416,0.0
tools/codex/worktrees/D_worker,10,3416,0.0
tools/codex/_triage/snapshots/SNAP_20260226_1/BEFORE/apps/web/src,3,3403,0.0
tools/codex/worktrees/A_core/apps/web/src,3,3400,0.0
tools/codex/worktrees/C_features/apps/web/src,3,3400,0.0
tools/codex/worktrees/D_validation/apps/web/src,3,3400,0.0
tools/codex/worktrees/Z_aggregator/apps/web/src,3,3400,0.0
tools/codex/runs/manual_20260301_212235/A_core/LOGS,1,3396,0.0
tools/codex/runs/20260301_001517_5EE0/D_validation/FILES/apps/keystone/tests,1,3392,0.0
tools/codex/runs/20260301_010535_E0B1/D_validation/FILES/apps/keystone/tests,1,3392,0.0
_install,1,3385,0.0
tools/_local/ui_scaffold/components/DemoGlassCard,5,3325,0.0
tools/codex/worktrees/D_validation/apps/keystone,7,3318,0.0
tools/codex/worktrees/A_core/tools/codex/runs/20260304_061005_61C9/A_core/FILES/docs/quality,1,3313,0.0
tools/codex/worktrees/A_core/docs/quality,1,3312,0.0
tools/codex/runs/ci_factory_local_fix2/logs,1,3220,0.0
tools/codex/runs/ci_factory_local_fix3/logs,1,3220,0.0
tools/codex/runs/ci_factory_local_fix4/logs,1,3220,0.0
tools/codex/runs/ci_factory_local_fix5/logs,1,3220,0.0
tools/codex/runs/ci_factory_local_2/logs,1,3217,0.0
tools/codex/runs/ci_factory_local_1/logs,1,3216,0.0
tools/codex/runs/{{RUN_ID}}/UNICODEX/FILES/tools/ui_map/_logs/local_run3,1,3197,0.0
tools/hos/ui/controls,2,3197,0.0
tools/ui_map/_logs/local_run3,1,3197,0.0
artifacts/keystone-pitch-engine/programs/triage-test/20260304_020202_BBBB/sequences/01-double-engine,2,3163,0.0
tools/hos/ui/controls/templates/slider,5,3153,0.0
tools/codex/worktrees/Z_aggregator/tools/codex/runs/ci_factory_local_001/logs,1,3143,0.0
tools/hos/doctor,2,3131,0.0
tools/codex/worktrees/A_core/tools/codex/runs/20260304_061005_61C9/A_core/FILES/docs/design/pitch-engine/contracts,2,3116,0.0
tools/codex/worktrees/A_core/docs/design/pitch-engine/contracts,2,3114,0.0
tools/codex/worktrees/D_validation/artifacts/keystone-pitch-engine,1,3096,0.0
tools/codex/runs/20260305_092736_F9A0/_queue/rework/state,1,3077,0.0
tools/codex/runs/20260301_011534_EF0A/_debug,1,3036,0.0
tools/codex/runs/20260228_2/_debug,3,2964,0.0
_backup_closeout_20260301_071103/docs_constitution/tables/_schema,1,2961,0.0
_backup_constitution_20260301_070024/constitution/tables/_schema,1,2961,0.0
tools/codex/guards/tests,1,2959,0.0
tools/codex/worktrees/A_core/tools/codex/guards/tests,1,2959,0.0
tools/codex/worktrees/B_tooling/tools/codex/guards/tests,1,2959,0.0
tools/codex/worktrees/C_features/tools/codex/guards/tests,1,2959,0.0
tools/codex/worktrees/D_validation/tools/codex/guards/tests,1,2959,0.0
tools/codex/worktrees/Z_aggregator/tools/codex/guards/tests,1,2959,0.0
tools/codex/_triage/snapshots/SNAP_20260226_1/BEFORE/tools/codex/guards/tests,1,2959,0.0
docs/design/layers,1,2949,0.0
apps/keystone/app/pitch/02-industrial-flow,1,2925,0.0
tools/codex/runs/20260228_022339_6C65/logs,1,2863,0.0
tools/codex/worktrees/C_features/tools/codex/runs/20260304_061005_61C9/C_features/FILES/apps/keystone/app/api/pitch-engine/programs,1,2861,0.0
tools/codex/worktrees/C_features/apps/keystone/app/api/pitch-engine/programs,1,2860,0.0
tools/codex/runs/20260305_092736_F9A0/C_features/FILES/packages/ui-kit/src/kpi/scoring,1,2859,0.0
tools/codex/worktrees/C_features/tools/codex/runs/20260305_092736_F9A0/C_features/FILES/packages/ui-kit/src/kpi/scoring,1,2859,0.0
tools/codex/runs/20260228_1/logs,1,2853,0.0
tools/codex/runs/20260228_2/logs,1,2853,0.0
docs/ui,1,2832,0.0
tools/codex/runs/20260304_174651_DBC8/B_tooling/FILES/apps/keystone,1,2820,0.0
tools/codex/worktrees/B_tooling/tools/codex/runs/20260304_174651_DBC8/B_tooling/FILES/apps/keystone,1,2820,0.0
tools/codex/runs/20260305_092736_F9A0/A_core/FILES/packages/ui-kit/src/luxury/semantics,1,2815,0.0
tools/codex/worktrees/A_core/tools/codex/runs/20260305_092736_F9A0/A_core/FILES/packages/ui-kit/src/luxury/semantics,1,2815,0.0
docs/codex-kernel/templates,5,2786,0.0
tools/codex/worktrees/A_core/docs/codex-kernel/templates,5,2786,0.0
tools/codex/worktrees/B_tooling/docs/codex-kernel/templates,5,2786,0.0
tools/codex/worktrees/C_features/docs/codex-kernel/templates,5,2786,0.0
tools/codex/worktrees/D_validation/docs/codex-kernel/templates,5,2786,0.0
tools/codex/worktrees/Z_aggregator/docs/codex-kernel/templates,5,2786,0.0
tools/codex/_triage/snapshots/SNAP_20260226_1/BEFORE/docs/codex-kernel/templates,5,2786,0.0
tools/codex/templates/factory,12,2766,0.0
tools/codex/runs/preflight_contract_check_20260301/logs,1,2747,0.0
tools/codex/runs/20260305_092736_F9A0/C_features/FILES/packages/ui-kit/src/kpi/a11y,1,2739,0.0
tools/codex/worktrees/C_features/tools/codex/runs/20260305_092736_F9A0/C_features/FILES/packages/ui-kit/src/kpi/a11y,1,2739,0.0
tools/codex/worktrees/C_features/tools/codex/runs/20260304_061005_61C9/C_features/FILES/apps/keystone/components/pitch-engine/support,1,2738,0.0
tools/codex/worktrees/C_features/apps/keystone/components/pitch-engine/support,1,2737,0.0
packages/ui-kit/src/components/feedback,4,2718,0.0
tools/codex/worktrees/A_core/packages/ui-kit/src/components/feedback,4,2718,0.0
tools/codex/worktrees/B_tooling/packages/ui-kit/src/components/feedback,4,2718,0.0
tools/codex/worktrees/C_features/packages/ui-kit/src/components/feedback,4,2718,0.0
tools/codex/worktrees/D_validation/packages/ui-kit/src/components/feedback,4,2718,0.0
tools/codex/worktrees/Z_aggregator/packages/ui-kit/src/components/feedback,4,2718,0.0
tools/_local/visual/_capture_tmp,2,2718,0.0
tools/codex/worktrees/B_tooling/tools/codex/runs/20260304_061005_61C9/B_tooling/FILES/apps/keystone,1,2715,0.0
tools/codex/C_features/RUN_20260226_180152,7,2706,0.0
tools/codex/C_features/RUN_20260226_180339,7,2706,0.0
tools/codex/C_features/RUN_20260226_180543,7,2706,0.0
tools/codex/C_features/RUN_20260226_180629,7,2706,0.0
tools/codex/C_features/RUN_20260226_180800,7,2706,0.0
tools/codex/runs/20260301_010535_E0B1/D_validation/FILES/apps/keystone/app/pitch/05-inventory-foundation,1,2683,0.0
tools/codex/worktrees/Z_aggregator/tools/codex/runs/20260304_174651_DBC8/Z_aggregator/LOGS,4,2682,0.0
tools/codex/Z_aggregator/RUN_20260223_191411/FILES,1,2671,0.0
tools/codex/runs/20260304_174651_DBC8/C_features/FILES/apps/keystone/components/pitch,1,2641,0.0
tools/codex/worktrees/C_features/tools/codex/runs/20260304_174651_DBC8/C_features/FILES/apps/keystone/components/pitch,1,2641,0.0
tools/codex/runs/20260304_174651_DBC8/C_features/LOGS,2,2614,0.0
services/ai-agent/scripts,1,2602,0.0
tools/codex/_triage/snapshots/SNAP_20260226_1/BEFORE/services/ai-agent/scripts,1,2602,0.0
tools/codex/worktrees/A_core/services/ai-agent/scripts,1,2601,0.0
tools/codex/worktrees/B_tooling/services/ai-agent/scripts,1,2601,0.0
tools/codex/worktrees/C_features/services/ai-agent/scripts,1,2601,0.0
tools/codex/worktrees/D_validation/services/ai-agent/scripts,1,2601,0.0
tools/codex/worktrees/Z_aggregator/services/ai-agent/scripts,1,2601,0.0
tools/codex/runs/20260304_174651_DBC8/Z_aggregator/FILES/apps/keystone,3,2578,0.0
tools/codex/worktrees/Z_aggregator/tools/codex/runs/20260304_174651_DBC8/Z_aggregator/FILES/apps/keystone,3,2578,0.0
tools/codex/runs/{{RUN_ID}}/UNICODEX/FILES/tools/ui_map/_logs/local_run2,1,2571,0.0
tools/ui_map/_logs/local_run2,1,2571,0.0
tools/codex/runs/20260304_174651_DBC8/A_core/LOGS,2,2554,0.0
docs/govos/schemas,3,2536,0.0
tools/codex/worktrees/A_core/docs/govos/schemas,3,2536,0.0
tools/codex/worktrees/B_tooling/docs/govos/schemas,3,2536,0.0
tools/codex/worktrees/C_features/docs/govos/schemas,3,2536,0.0
tools/codex/worktrees/D_validation/docs/govos/schemas,3,2536,0.0
tools/codex/worktrees/Z_aggregator/docs/govos/schemas,3,2536,0.0
tools/codex/_triage/snapshots/SNAP_20260226_1/BEFORE/docs/govos/schemas,3,2536,0.0
tools/codex/shared,1,2535,0.0
tools/codex/runs/20260228_011227_0VEI,2,2506,0.0
tools/codex/runs/{{RUN_ID}}/UNICODEX/FILES/tools/ui_map/_logs/local_run5,1,2493,0.0
tools/ui_map/_logs/local_run5,1,2493,0.0
packages/ui-kit/src/components,4,2474,0.0
tools/codex/worktrees/A_core/packages/ui-kit/src/components,4,2474,0.0
tools/codex/worktrees/B_tooling/packages/ui-kit/src/components,4,2474,0.0
tools/codex/worktrees/C_features/packages/ui-kit/src/components,4,2474,0.0
tools/codex/worktrees/D_validation/packages/ui-kit/src/components,4,2474,0.0
tools/codex/worktrees/Z_aggregator/packages/ui-kit/src/components,4,2474,0.0
tools/codex/worktrees/A_core/docs/ui,1,2472,0.0
tools/codex/worktrees/B_tooling/docs/ui,1,2472,0.0
tools/codex/worktrees/C_features/docs/ui,1,2472,0.0
tools/codex/worktrees/D_validation/docs/ui,1,2472,0.0
tools/codex/worktrees/Z_aggregator/docs/ui,1,2472,0.0
tools/codex/runs/{{RUN_ID}}/UNICODEX/FILES/tools/ui_map/tests,4,2447,0.0
tools/ui_map/_all_py_onebutton/tests,4,2447,0.0
apps/web/src/pages,2,2443,0.0
tools/codex/Z_aggregator/RUN_20260223_194115_e7cc47,1,2409,0.0
tools/codex/_triage/snapshots/SNAP_20260226_1/BEFORE/apps/web/src/pages,2,2403,0.0
tools/codex/worktrees/A_core/apps/web/src/pages,2,2401,0.0
tools/codex/worktrees/C_features/apps/web/src/pages,2,2401,0.0
tools/codex/worktrees/D_validation/apps/web/src/pages,2,2401,0.0
tools/codex/worktrees/Z_aggregator/apps/web/src/pages,2,2401,0.0
tools/codex/runs/20260301_010535_E0B1/D_validation/FILES/apps/keystone/app/pitch/06-shipments-receiving,1,2386,0.0
tools/codex/worktrees/Z_aggregator/tools/codex/runs/20260305_092736_F9A0/Z_aggregator/LOGS,4,2363,0.0
tools/codex/worktrees/A_core/packages/ui-kit,4,2352,0.0
tools/codex/worktrees/C_features/packages/ui-kit,4,2352,0.0
tools/codex/worktrees/A_core/factory/01 Mirror/docs,1,2342,0.0
tools/codex/worktrees/B_tooling/factory/01 Mirror/docs,1,2342,0.0
tools/codex/worktrees/C_features/factory/01 Mirror/docs,1,2342,0.0
tools/codex/worktrees/D_validation/factory/01 Mirror/docs,1,2342,0.0
tools/codex/worktrees/Z_aggregator/factory/01 Mirror/docs,1,2342,0.0
tools/codex/worktrees/B_tooling/packages/ui-kit/src/components/premium/layout,3,2335,0.0
tools/codex/D_validation/RUN_20260226_180543/FILES/tools/meta/wrappers,1,2324,0.0
tools/codex/D_validation/RUN_20260226_180629/FILES/tools/meta/wrappers,1,2324,0.0
tools/codex/D_validation/RUN_20260226_180800/FILES/tools/meta/wrappers,1,2324,0.0
tools/codex/worktrees/A_core/tools/meta/wrappers,1,2324,0.0
tools/codex/worktrees/B_tooling/tools/meta/wrappers,1,2324,0.0
tools/codex/worktrees/C_features/tools/meta/wrappers,1,2324,0.0
tools/codex/worktrees/D_validation/tools/meta/wrappers,1,2324,0.0
tools/codex/worktrees/Z_aggregator/tools/meta/wrappers,1,2324,0.0
tools/codex/Z_aggregator/RUN_20260226_180543/FILES/tools/meta/wrappers,1,2324,0.0
tools/codex/Z_aggregator/RUN_20260226_180629/FILES/tools/meta/wrappers,1,2324,0.0
tools/codex/Z_aggregator/RUN_20260226_180800/FILES/tools/meta/wrappers,1,2324,0.0
tools/codex/_triage/snapshots/SNAP_20260226_1/BEFORE/tools/meta/wrappers,1,2324,0.0
tools/meta/wrappers,1,2324,0.0
artifacts/ui-improvement-reports,2,2306,0.0
tools/codex/runs/factory_smoke_20260304_212807_4d993bdd_001/A_worker,11,2306,0.0
tools/codex/runs/factory_smoke_20260304_212807_4d993bdd_001/B_worker,11,2306,0.0
tools/codex/runs/factory_smoke_20260304_212807_4d993bdd_001/C_worker,11,2306,0.0
tools/codex/runs/factory_smoke_20260304_212807_4d993bdd_001/D_worker,11,2306,0.0
tools/codex/runs/factory_smoke_20260304_213135_6f06e517_001/A_worker,11,2306,0.0
tools/codex/runs/factory_smoke_20260304_213135_6f06e517_001/B_worker,11,2306,0.0
tools/codex/runs/factory_smoke_20260304_213135_6f06e517_001/C_worker,11,2306,0.0
tools/codex/runs/factory_smoke_20260304_213135_6f06e517_001/D_worker,11,2306,0.0
tools/codex/runs/factory_smoke_20260304_214351_bd91c028_001/A_worker,11,2306,0.0
tools/codex/runs/factory_smoke_20260304_214351_bd91c028_001/B_worker,11,2306,0.0
tools/codex/runs/factory_smoke_20260304_214351_bd91c028_001/C_worker,11,2306,0.0
tools/codex/runs/factory_smoke_20260304_214351_bd91c028_001/D_worker,11,2306,0.0
tools/codex/runs/factory_smoke_20260304_232534_a09b221c_001/A_worker,11,2306,0.0
tools/codex/runs/factory_smoke_20260304_232534_a09b221c_001/B_worker,11,2306,0.0
tools/codex/runs/factory_smoke_20260304_232534_a09b221c_001/C_worker,11,2306,0.0
tools/codex/runs/factory_smoke_20260304_232534_a09b221c_001/D_worker,11,2306,0.0
tools/codex/runs/factory_smoke_20260304_232916_a09b221c_001/A_worker,11,2306,0.0
tools/codex/runs/factory_smoke_20260304_232916_a09b221c_001/B_worker,11,2306,0.0
tools/codex/runs/factory_smoke_20260304_232916_a09b221c_001/C_worker,11,2306,0.0
tools/codex/runs/factory_smoke_20260304_232916_a09b221c_001/D_worker,11,2306,0.0
tools/codex/B_tooling/RUN_20260226_180152/FILES/tools/meta/schemas,1,2302,0.0
tools/codex/B_tooling/RUN_20260226_180339/FILES/tools/meta/schemas,1,2302,0.0
tools/codex/B_tooling/RUN_20260226_180543/FILES/tools/meta/schemas,1,2302,0.0
tools/codex/B_tooling/RUN_20260226_180629/FILES/tools/meta/schemas,1,2302,0.0
tools/codex/B_tooling/RUN_20260226_180800/FILES/tools/meta/schemas,1,2302,0.0
tools/codex/Z_aggregator/RUN_20260226_180152/FILES/tools/meta/schemas,1,2302,0.0
tools/codex/Z_aggregator/RUN_20260226_180339/FILES/tools/meta/schemas,1,2302,0.0
tools/codex/Z_aggregator/RUN_20260226_180543/FILES/tools/meta/schemas,1,2302,0.0
tools/codex/Z_aggregator/RUN_20260226_180629/FILES/tools/meta/schemas,1,2302,0.0
tools/codex/Z_aggregator/RUN_20260226_180800/FILES/tools/meta/schemas,1,2302,0.0
tools/codex/worktrees/A_core/factory/B_tooling,2,2284,0.0
tools/codex/worktrees/B_tooling/factory/B_tooling,2,2284,0.0
tools/codex/worktrees/C_features/factory/B_tooling,2,2284,0.0
tools/codex/worktrees/D_validation/factory/B_tooling,2,2284,0.0
tools/codex/worktrees/Z_aggregator/factory/B_tooling,2,2284,0.0
tools/codex/_triage/snapshots/SNAP_20260226_1/BEFORE/factory/B_tooling,2,2284,0.0
_attic/docs_dump/_root_archive/20260301_014802/factory/B_tooling,2,2284,0.0
tools/_local/reports/visual,2,2280,0.0
tools/codex/runs/factory_smoke_test_20260218_000000_001/A_worker,11,2274,0.0
tools/codex/runs/factory_smoke_test_20260218_000000_001/B_worker,11,2274,0.0
tools/codex/runs/factory_smoke_test_20260218_000000_001/C_worker,11,2274,0.0
tools/codex/runs/factory_smoke_test_20260218_000000_001/D_worker,11,2274,0.0
packages/ui-kit/src/components/premium/layout,2,2270,0.0
tools/codex/runs/20260302_001507_20C8/_debug,2,2265,0.0
docs/visual-scenes,1,2263,0.0
tools/codex/runs/ci_factory_local_fix2/B_worker/LOGS,3,2206,0.0
tools/codex/runs/ci_factory_local_fix2/C_worker/LOGS,3,2206,0.0
tools/codex/runs/ci_factory_local_fix2/D_worker/LOGS,3,2206,0.0
tools/codex/runs/ci_factory_local_fix3/A_worker/LOGS,3,2206,0.0
tools/codex/runs/ci_factory_local_fix3/B_worker/LOGS,3,2206,0.0
tools/codex/runs/ci_factory_local_fix3/C_worker/LOGS,3,2206,0.0
tools/codex/runs/ci_factory_local_fix3/D_worker/LOGS,3,2206,0.0
tools/codex/runs/ci_factory_local_fix4/B_worker/LOGS,3,2206,0.0
tools/codex/runs/ci_factory_local_fix4/C_worker/LOGS,3,2206,0.0
tools/codex/runs/ci_factory_local_fix4/D_worker/LOGS,3,2206,0.0
tools/codex/runs/ci_factory_local_fix5/A_worker/LOGS,3,2206,0.0
tools/codex/runs/ci_factory_local_fix5/B_worker/LOGS,3,2206,0.0
tools/codex/runs/ci_factory_local_fix5/C_worker/LOGS,3,2206,0.0
tools/codex/runs/ci_factory_local_fix5/D_worker/LOGS,3,2206,0.0
tools/codex/runs/ci_factory_local_fix4/A_worker/LOGS,3,2204,0.0
tools/codex/runs/ci_factory_local_fix2/A_worker/LOGS,3,2200,0.0
docs/codex-kernel,2,2192,0.0
tools/codex/worktrees/A_core/docs/codex-kernel,2,2192,0.0
tools/codex/worktrees/B_tooling/docs/codex-kernel,2,2192,0.0
tools/codex/worktrees/C_features/docs/codex-kernel,2,2192,0.0
tools/codex/worktrees/D_validation/docs/codex-kernel,2,2192,0.0
tools/codex/worktrees/Z_aggregator/docs/codex-kernel,2,2192,0.0
tools/codex/_triage/snapshots/SNAP_20260226_1/BEFORE/docs/codex-kernel,2,2192,0.0
docs/quality/IMPROVEMENT_CLAIMS,4,2188,0.0
tools/codex/runs/ci_factory_local_1/A_worker/LOGS,3,2182,0.0
tools/codex/runs/ci_factory_local_1/B_worker/LOGS,3,2182,0.0
tools/codex/runs/ci_factory_local_1/C_worker/LOGS,3,2182,0.0
tools/codex/runs/ci_factory_local_1/D_worker/LOGS,3,2182,0.0
tools/codex/runs/ci_factory_local_2/A_worker/LOGS,3,2182,0.0
tools/codex/runs/ci_factory_local_2/B_worker/LOGS,3,2182,0.0
tools/codex/runs/ci_factory_local_2/C_worker/LOGS,3,2182,0.0
tools/codex/runs/ci_factory_local_2/D_worker/LOGS,3,2182,0.0
apps/keystone/app/api/scene-studio/run,1,2169,0.0
tools/codex/worktrees/C_features/tools/codex/runs/20260304_061005_61C9/C_features/FILES/apps/keystone/components/pitch-engine/hud,1,2167,0.0
tools/codex/worktrees/C_features/apps/keystone/components/pitch-engine/hud,1,2166,0.0
tools/codex/D_validation/RUN_20260226_180152/FILES/tools/meta/wrappers,1,2162,0.0
tools/codex/D_validation/RUN_20260226_180339/FILES/tools/meta/wrappers,1,2162,0.0
tools/codex/Z_aggregator/RUN_20260226_180152/FILES/tools/meta/wrappers,1,2162,0.0
tools/codex/Z_aggregator/RUN_20260226_180339/FILES/tools/meta/wrappers,1,2162,0.0
docs/govos/u1_constitutional_change,1,2158,0.0
tools/codex/worktrees/A_core/docs/govos/u1_constitutional_change,1,2158,0.0
tools/codex/worktrees/B_tooling/docs/govos/u1_constitutional_change,1,2158,0.0
tools/codex/worktrees/C_features/docs/govos/u1_constitutional_change,1,2158,0.0
tools/codex/worktrees/D_validation/docs/govos/u1_constitutional_change,1,2158,0.0
tools/codex/worktrees/Z_aggregator/docs/govos/u1_constitutional_change,1,2158,0.0
tools/codex/_triage/snapshots/SNAP_20260226_1/BEFORE/docs/govos/u1_constitutional_change,1,2158,0.0
tools/codex/worktrees/C_features/tools/codex/runs/20260304_061005_61C9/C_features/FILES/apps/keystone/app/api/pitch-engine/programs/[programId],1,2151,0.0
tools/codex/worktrees/C_features/apps/keystone/app/api/pitch-engine/programs/[programId],1,2150,0.0
tools/codex/worktrees/A_core/packages/contracts,3,2108,0.0
tools/codex/worktrees/C_features/packages/contracts,3,2108,0.0
tools/codex/runs/auto_closeout_smoke_20260301/A_worker,8,2099,0.0
tools/codex/runs/auto_closeout_smoke_20260301/B_worker,8,2099,0.0
tools/codex/worktrees/C_features/tools/codex/runs/20260304_061005_61C9/C_features/FILES/apps/keystone/app/api/pitch-engine/support-bundle,1,2094,0.0
tools/codex/worktrees/C_features/apps/keystone/app/api/pitch-engine/support-bundle,1,2093,0.0
docs/govos/u4_enterprise_agents,1,2091,0.0
tools/codex/worktrees/A_core/docs/govos/u4_enterprise_agents,1,2091,0.0
tools/codex/worktrees/B_tooling/docs/govos/u4_enterprise_agents,1,2091,0.0
tools/codex/worktrees/C_features/docs/govos/u4_enterprise_agents,1,2091,0.0
tools/codex/worktrees/D_validation/docs/govos/u4_enterprise_agents,1,2091,0.0
tools/codex/worktrees/Z_aggregator/docs/govos/u4_enterprise_agents,1,2091,0.0
tools/codex/_triage/snapshots/SNAP_20260226_1/BEFORE/docs/govos/u4_enterprise_agents,1,2091,0.0
docs/govos/u2_evidence_chain,1,2090,0.0
tools/codex/worktrees/A_core/docs/govos/u2_evidence_chain,1,2090,0.0
tools/codex/worktrees/B_tooling/docs/govos/u2_evidence_chain,1,2090,0.0
tools/codex/worktrees/C_features/docs/govos/u2_evidence_chain,1,2090,0.0
tools/codex/worktrees/D_validation/docs/govos/u2_evidence_chain,1,2090,0.0
tools/codex/worktrees/Z_aggregator/docs/govos/u2_evidence_chain,1,2090,0.0
tools/codex/_triage/snapshots/SNAP_20260226_1/BEFORE/docs/govos/u2_evidence_chain,1,2090,0.0
tools/codex/runs/20260228_164549_2F73/Z_aggregator/FILES,2,2088,0.0
tools/codex/worktrees/B_tooling/tools/codex/runs/20260304_061005_61C9/B_tooling/FILES/tools/hos/launcher,4,2082,0.0
tools/_local/reports/hygiene,3,2080,0.0
tools/codex/worktrees/A_core/tools/meta/schemas,1,2066,0.0
tools/codex/worktrees/B_tooling/tools/meta/schemas,1,2066,0.0
tools/codex/worktrees/C_features/tools/meta/schemas,1,2066,0.0
tools/codex/worktrees/D_validation/tools/meta/schemas,1,2066,0.0
tools/codex/worktrees/Z_aggregator/tools/meta/schemas,1,2066,0.0
tools/codex/_triage/snapshots/SNAP_20260226_1/BEFORE/tools/meta/schemas,1,2066,0.0
tools/meta/schemas,1,2066,0.0
services/core-api,3,2041,0.0
tools/codex/worktrees/A_core/services/core-api,3,2041,0.0
tools/codex/worktrees/B_tooling/services/core-api,3,2041,0.0
tools/codex/worktrees/C_features/services/core-api,3,2041,0.0
tools/codex/worktrees/D_validation/services/core-api,3,2041,0.0
tools/codex/worktrees/Z_aggregator/services/core-api,3,2041,0.0
tools/codex/_triage/snapshots/SNAP_20260226_1/BEFORE/services/core-api,3,2041,0.0
tools/codex/_triage/snapshots/SNAP_20260226_1/BEFORE/packages/contracts,3,2028,0.0
tools/codex/_triage/snapshots/SNAP_20260226_1/BEFORE/packages/ui-kit/src,2,2012,0.0
tools/codex/runs/20260228_011132_NJ4Y,2,2010,0.0
tools/codex/D_validation/RUN_20260226_180152,7,2005,0.0
tools/codex/D_validation/RUN_20260226_180339,7,2005,0.0
tools/codex/D_validation/RUN_20260226_180543,7,2005,0.0
tools/codex/D_validation/RUN_20260226_180629,7,2005,0.0
tools/codex/D_validation/RUN_20260226_180800,7,2005,0.0
tools/codex/_triage/snapshots/SNAP_20260226_1/BEFORE/packages/ui-kit/src/components,4,1987,0.0
docs/knowledge/codex_chats/export_20260304_152713/_logs,1,1967,0.0
docs/govos/u3_policy_plane,1,1966,0.0
tools/codex/worktrees/A_core/docs/govos/u3_policy_plane,1,1966,0.0
tools/codex/worktrees/B_tooling/docs/govos/u3_policy_plane,1,1966,0.0
tools/codex/worktrees/C_features/docs/govos/u3_policy_plane,1,1966,0.0
tools/codex/worktrees/D_validation/docs/govos/u3_policy_plane,1,1966,0.0
tools/codex/worktrees/Z_aggregator/docs/govos/u3_policy_plane,1,1966,0.0
tools/codex/_triage/snapshots/SNAP_20260226_1/BEFORE/docs/govos/u3_policy_plane,1,1966,0.0
apps/web,6,1936,0.0
tools/codex/A_core/RUN_20260226_180152,7,1932,0.0
tools/codex/A_core/RUN_20260226_180339,7,1932,0.0
tools/codex/A_core/RUN_20260226_180543,7,1932,0.0
tools/codex/A_core/RUN_20260226_180629,7,1932,0.0
tools/codex/A_core/RUN_20260226_180800,7,1932,0.0
apps/keystone/lib/store,1,1912,0.0
tools/codex/worktrees/A_core/apps/keystone/lib/store,1,1912,0.0
tools/codex/worktrees/B_tooling/apps/keystone/lib/store,1,1912,0.0
tools/codex/worktrees/C_features/apps/keystone/lib/store,1,1912,0.0
tools/codex/worktrees/D_validation/apps/keystone/lib/store,1,1912,0.0
tools/codex/worktrees/Z_aggregator/apps/keystone/lib/store,1,1912,0.0
tools/ui_map,1,1898,0.0
tools/_local/ui_scaffold/mirror,2,1863,0.0
tools/codex/prompts/20260228_011228_ML2K,5,1837,0.0
tools/codex/runs/20260228_011227_0VEI/pack,1,1820,0.0
tools/codex/runs/20260228_011228_ML2K/pack,1,1820,0.0
tools/codex/runs/20260305_092736_F9A0/_reports,2,1800,0.0
tools/codex/_triage/snapshots/SNAP_20260226_1/BEFORE/apps/web,5,1759,0.0
services/ai-agent,3,1757,0.0
tools/codex/_triage/snapshots/SNAP_20260226_1/BEFORE/services/ai-agent,3,1757,0.0
tools/codex/worktrees/A_core/apps/web,5,1756,0.0
tools/codex/worktrees/C_features/apps/web,5,1756,0.0
tools/codex/worktrees/D_validation/apps/web,5,1756,0.0
tools/codex/worktrees/Z_aggregator/apps/web,5,1756,0.0
tools/codex/runs/20260228_164549_2F73/Z_aggregator,6,1755,0.0
tools/codex/worktrees/A_core/services/ai-agent,3,1755,0.0
tools/codex/worktrees/B_tooling/services/ai-agent,3,1755,0.0
tools/codex/worktrees/C_features/services/ai-agent,3,1755,0.0
tools/codex/worktrees/D_validation/services/ai-agent,3,1755,0.0
tools/codex/worktrees/Z_aggregator/services/ai-agent,3,1755,0.0
tools/codex/runs/20260305_092736_F9A0/C_features/FILES/packages/ui-kit/src/kpi/motion,1,1746,0.0
tools/codex/worktrees/C_features/tools/codex/runs/20260305_092736_F9A0/C_features/FILES/packages/ui-kit/src/kpi/motion,1,1746,0.0
apps/keystone/lib/queries,3,1714,0.0
tools/codex/worktrees/A_core/apps/keystone/lib/queries,3,1714,0.0
tools/codex/worktrees/B_tooling/apps/keystone/lib/queries,3,1714,0.0
tools/codex/worktrees/C_features/apps/keystone/lib/queries,3,1714,0.0
tools/codex/worktrees/D_validation/apps/keystone/lib/queries,3,1714,0.0
tools/codex/worktrees/Z_aggregator/apps/keystone/lib/queries,3,1714,0.0
apps/keystone/lib/api,2,1700,0.0
tools/codex/worktrees/A_core/apps/keystone/lib/api,2,1700,0.0
tools/codex/worktrees/B_tooling/apps/keystone/lib/api,2,1700,0.0
tools/codex/worktrees/C_features/apps/keystone/lib/api,2,1700,0.0
tools/codex/worktrees/D_validation/apps/keystone/lib/api,2,1700,0.0
tools/codex/worktrees/Z_aggregator/apps/keystone/lib/api,2,1700,0.0
tools/codex/runs/factory_smoke_test_debug_20260301_000001/A_worker,8,1675,0.0
tools/codex/runs/factory_smoke_test_debug_20260301_000001/B_worker,8,1675,0.0
tools/codex/runs/factory_smoke_test_debug_20260301_000001/C_worker,8,1675,0.0
tools/codex/runs/factory_smoke_test_debug_20260301_000001/D_worker,8,1675,0.0
tools/codex/runs/factory_smoke_test_debug_20260301_000002/A_worker,8,1675,0.0
tools/codex/runs/factory_smoke_test_debug_20260301_000002/B_worker,8,1675,0.0
tools/codex/runs/factory_smoke_test_debug_20260301_000002/C_worker,8,1675,0.0
tools/codex/runs/factory_smoke_test_debug_20260301_000002/D_worker,8,1675,0.0
tools/codex/runs/factory_smoke_test_debug_20260301_000003/A_worker,8,1675,0.0
tools/codex/runs/factory_smoke_test_debug_20260301_000003/B_worker,8,1675,0.0
tools/codex/runs/factory_smoke_test_debug_20260301_000003/C_worker,8,1675,0.0
tools/codex/runs/factory_smoke_test_debug_20260301_000003/D_worker,8,1675,0.0
tools/codex/worktrees/C_features/apps/keystone/app/pitch/02-industrial-flow,1,1664,0.0
tools/codex/worktrees/Z_aggregator/packages/contracts/src/__checks__,1,1652,0.0
tools/codex/worktrees/C_features/apps/keystone/app/pitch/01-double-engine,1,1650,0.0
packages/ui-kit/src/components/data,1,1647,0.0
tools/codex/worktrees/A_core/packages/ui-kit/src/components/data,1,1647,0.0
tools/codex/worktrees/B_tooling/packages/ui-kit/src/components/data,1,1647,0.0
tools/codex/worktrees/C_features/packages/ui-kit/src/components/data,1,1647,0.0
tools/codex/worktrees/D_validation/packages/ui-kit/src/components/data,1,1647,0.0
tools/codex/worktrees/Z_aggregator/packages/ui-kit/src/components/data,1,1647,0.0
tools/codex/runs/factory_smoke_diff_20260301_000001/A_worker,8,1645,0.0
tools/codex/runs/factory_smoke_diff_20260301_000001/B_worker,8,1645,0.0
tools/codex/runs/factory_smoke_diff_20260301_000001/C_worker,8,1645,0.0
tools/codex/runs/factory_smoke_diff_20260301_000001/D_worker,8,1645,0.0
tools/codex/prompts/20260226_4/logs,1,1643,0.0
docs/dispatch,1,1630,0.0
tools/codex/worktrees/A_core/docs/dispatch,1,1630,0.0
tools/codex/worktrees/B_tooling/docs/dispatch,1,1630,0.0
tools/codex/worktrees/C_features/docs/dispatch,1,1630,0.0
tools/codex/worktrees/D_validation/docs/dispatch,1,1630,0.0
tools/codex/worktrees/Z_aggregator/docs/dispatch,1,1630,0.0
tools/codex/worktrees/C_features/apps/keystone/app/pitch/04-valuation,1,1627,0.0
tools/codex/runs/{{RUN_ID}}/UNICODEX/LOGS,1,1624,0.0
tools/codex/worktrees/C_features/apps/keystone/app/pitch,1,1624,0.0
apps/keystone/app/pitch,1,1623,0.0
tools/codex/worktrees/C_features/apps/keystone/app/pitch/03-hitech-os,1,1622,0.0
tools/codex/worktrees/B_tooling/apps/keystone/public/brand,1,1609,0.0
packages/contracts/src/__checks__,1,1600,0.0
tools/codex/worktrees/A_core/packages/contracts/src/__checks__,1,1600,0.0
tools/codex/worktrees/B_tooling/packages/contracts/src/__checks__,1,1600,0.0
tools/codex/worktrees/C_features/packages/contracts/src/__checks__,1,1600,0.0
tools/codex/worktrees/D_validation/packages/contracts/src/__checks__,1,1600,0.0
tools/codex/runs/20260304_174651_DBC8/Z_aggregator/FILES/apps/keystone/scripts,1,1599,0.0
tools/codex/worktrees/Z_aggregator/tools/codex/runs/20260304_174651_DBC8/Z_aggregator/FILES/apps/keystone/scripts,1,1599,0.0
tools/codex/worktrees/A_core/tools/codex/runs/20260304_061005_61C9/A_core/FILES/apps/keystone/lib/pitch-engine,1,1591,0.0
tools/codex/worktrees/A_core/apps/keystone/lib/pitch-engine,1,1590,0.0
tools/codex/worktrees/B_tooling/apps/keystone/app/pitch,1,1581,0.0
tools/codex/worktrees/A_core/apps/keystone/app/pitch,1,1576,0.0
tools/codex/worktrees/D_validation/apps/keystone/app/pitch,1,1576,0.0
tools/codex/runs/20260304_174651_DBC8/D_validation/LOGS,2,1567,0.0
tools/codex/runs/20260304_174651_DBC8/Z_aggregator/FILES/apps/keystone/app/pitch,1,1521,0.0
tools/codex/worktrees/Z_aggregator/tools/codex/runs/20260304_174651_DBC8/Z_aggregator/FILES/apps/keystone/app/pitch,1,1521,0.0
tools/codex/worktrees/Z_aggregator/apps/keystone/app/pitch,1,1519,0.0
tools/codex/worktrees/A_core/tools/hos/launcher/workspaces,5,1518,0.0
tools/codex/worktrees/B_tooling/tools/hos/launcher/workspaces,5,1518,0.0
tools/codex/worktrees/C_features/tools/hos/launcher/workspaces,5,1518,0.0
tools/codex/worktrees/D_validation/tools/hos/launcher/workspaces,5,1518,0.0
tools/codex/worktrees/Z_aggregator/tools/hos/launcher/workspaces,5,1518,0.0
tools/hos/launcher/workspaces,5,1518,0.0
tools/codex/_triage/snapshots/SNAP_20260226_1/BEFORE/packages/ui-kit,3,1514,0.0
docs/constitution/tables/rendered,4,1508,0.0
tools/codex/_triage/snapshots/SNAP_20260226_1/BEFORE/tools/codex/templates/factory,11,1469,0.0
docs/govos/templates,1,1461,0.0
tools/codex/worktrees/A_core/docs/govos/templates,1,1461,0.0
tools/codex/worktrees/B_tooling/docs/govos/templates,1,1461,0.0
tools/codex/worktrees/C_features/docs/govos/templates,1,1461,0.0
tools/codex/worktrees/D_validation/docs/govos/templates,1,1461,0.0
tools/codex/worktrees/Z_aggregator/docs/govos/templates,1,1461,0.0
tools/codex/_triage/snapshots/SNAP_20260226_1/BEFORE/docs/govos/templates,1,1461,0.0
tools/codex/worktrees/A_core/tools/codex/templates/factory,11,1460,0.0
tools/codex/worktrees/B_tooling/tools/codex/templates/factory,11,1460,0.0
tools/codex/worktrees/C_features/tools/codex/templates/factory,11,1460,0.0
tools/codex/worktrees/D_validation/tools/codex/templates/factory,11,1460,0.0
tools/codex/worktrees/Z_aggregator/tools/codex/templates/factory,11,1460,0.0
tools/codex/worktrees/B_tooling/packages/ui-kit/src/components/premium/feedback,2,1421,0.0
tools/codex/worktrees/Z_aggregator/tools/codex/runs/factory_smoke_test_20260218_000000_001/A_worker,7,1406,0.0
tools/codex/worktrees/Z_aggregator/tools/codex/runs/factory_smoke_test_20260218_000000_001/B_worker,7,1406,0.0
tools/codex/worktrees/Z_aggregator/tools/codex/runs/factory_smoke_test_20260218_000000_001/C_worker,7,1406,0.0
tools/codex/worktrees/Z_aggregator/tools/codex/runs/factory_smoke_test_20260218_000000_001/D_worker,7,1406,0.0
tools/codex/Z_aggregator/RUN_20260223_175429_hs,1,1404,0.0
tools/codex/worktrees/A_core/factory/C_features,2,1398,0.0
tools/codex/worktrees/B_tooling/factory/C_features,2,1398,0.0
tools/codex/worktrees/C_features/factory/C_features,2,1398,0.0
tools/codex/worktrees/D_validation/factory/C_features,2,1398,0.0
tools/codex/worktrees/Z_aggregator/factory/C_features,2,1398,0.0
tools/codex/_triage/snapshots/SNAP_20260226_1/BEFORE/factory/C_features,2,1398,0.0
_attic/docs_dump/_root_archive/20260301_014802/factory/C_features,2,1398,0.0
tools/codex/runs/20260302_001507_20C8/B_tooling/LOGS,1,1373,0.0
tools/codex/worktrees/B_tooling/tools/codex/runs/20260302_001507_20C8/B_tooling/LOGS,1,1373,0.0
tools/codex/prompts/20260226_1/logs,1,1358,0.0
apps/keystone/app/pitch/04-valuation,1,1357,0.0
tools/codex/prompts/20260219_1/logs,1,1357,0.0
tools/codex/runs/integration_invalid_repo_root_debug_20260304/attestations,3,1339,0.0
tools/codex/worktrees/C_features/tools/codex/runs/20260304_174651_DBC8/C_features/LOGS,1,1331,0.0
tools/codex/runs/20260304_174651_DBC8/A_core/FILES,1,1327,0.0
tools/codex/worktrees/A_core/tools/codex/runs/20260304_174651_DBC8/A_core/FILES,1,1327,0.0
tools/codex/prompts/20260226_3/logs,1,1326,0.0
apps/keystone/app/pitch/05-inventory-foundation,1,1322,0.0
apps/keystone/app/pitch/01-double-engine,1,1321,0.0
apps/keystone/app/pitch/06-shipments-receiving,1,1318,0.0
tools/codex/worktrees/A_core/apps/keystone/app,3,1311,0.0
tools/codex/worktrees/B_tooling/apps/keystone/app,3,1311,0.0
tools/codex/worktrees/C_features/apps/keystone/app,3,1311,0.0
tools/codex/worktrees/D_validation/apps/keystone/app,3,1311,0.0
tools/codex/worktrees/Z_aggregator/apps/keystone/app,3,1311,0.0
tools/codex/prompts/20260227_7/logs,1,1308,0.0
apps/keystone/app/pitch/03-hitech-os,1,1305,0.0
tools/codex/worktrees/A_core/tools/codex/runs/20260304_174651_DBC8/A_core/LOGS,1,1291,0.0
tools/codex/worktrees/C_features/tools/codex/runs/20260304_061005_61C9/C_features/FILES/apps/keystone/app/dev/pitch-engine,2,1287,0.0
tools/codex/worktrees/C_features/apps/keystone/app/dev/pitch-engine,2,1285,0.0
tools/codex/worktrees/Z_aggregator/tools/codex/runs/20260304_061005_61C9/Z_aggregator/LOGS,1,1281,0.0
tools/codex/runs/20260304_174651_DBC8/Z_aggregator/FILES/apps/keystone/components/pitch,1,1254,0.0
tools/codex/worktrees/Z_aggregator/tools/codex/runs/20260304_174651_DBC8/Z_aggregator/FILES/apps/keystone/components/pitch,1,1254,0.0
artifacts/keystone-pitch-engine/programs/hitech-pitch/20260304_080740_YFGZ/scenes/02-industrial-flow-scene,4,1225,0.0
tools/codex/prompts/20260227_1/logs,1,1220,0.0
artifacts/keystone-pitch-engine/programs/hitech-pitch/20260304_080740_YFGZ/scenes/01-double-engine-scene,4,1219,0.0
artifacts/keystone-pitch-engine/programs/hitech-pitch/20260304_080740_YFGZ/scenes/03-hitech-os-scene,4,1207,0.0
artifacts/keystone-pitch-engine/programs/hitech-pitch/20260304_080740_YFGZ/scenes/04-valuation-scene,4,1207,0.0
tools/codex/prompts/20260228_011228_ML2K/logs,1,1199,0.0
tools/codex/runs/20260304_174651_DBC8/Z_aggregator/FILES/packages/contracts/src,1,1195,0.0
tools/codex/worktrees/Z_aggregator/tools/codex/runs/20260304_174651_DBC8/Z_aggregator/FILES/packages/contracts/src,1,1195,0.0
_attic/_fix_logs/venv_docs_fix_20260304_040406,1,1194,0.0
tools/codex/runs/manual_20260301_211924/A_core,2,1185,0.0
artifacts/keystone-pitch-engine/programs/hitech-pitch/20260304_101016_MHER/scenes/02-industrial-flow-scene,4,1179,0.0
artifacts/keystone-pitch-engine/programs/hitech-pitch/20260304_101046_A08H/scenes/02-industrial-flow-scene,4,1179,0.0
artifacts/keystone-pitch-engine/programs/hitech-pitch/20260304_101451_QFH3/scenes/02-industrial-flow-scene,4,1179,0.0
artifacts/keystone-pitch-engine/programs/hitech-pitch/20260304_101617_O1C9/scenes/02-industrial-flow-scene,4,1179,0.0
tools/codex/_triage/snapshots/SNAP_20260226_1/BEFORE/packages/contracts/src/__checks__,1,1175,0.0
artifacts/keystone-pitch-engine/programs/hitech-pitch/20260304_101016_MHER/scenes/01-double-engine-scene,4,1173,0.0
artifacts/keystone-pitch-engine/programs/hitech-pitch/20260304_101046_A08H/scenes/01-double-engine-scene,4,1173,0.0
artifacts/keystone-pitch-engine/programs/hitech-pitch/20260304_101451_QFH3/scenes/01-double-engine-scene,4,1173,0.0
artifacts/keystone-pitch-engine/programs/hitech-pitch/20260304_101617_O1C9/scenes/01-double-engine-scene,4,1173,0.0
tools/_local/reports/doctor,2,1162,0.0
artifacts/keystone-pitch-engine/programs/hitech-pitch/20260304_101016_MHER/scenes/03-hitech-os-scene,4,1161,0.0
artifacts/keystone-pitch-engine/programs/hitech-pitch/20260304_101016_MHER/scenes/04-valuation-scene,4,1161,0.0
artifacts/keystone-pitch-engine/programs/hitech-pitch/20260304_101046_A08H/scenes/03-hitech-os-scene,4,1161,0.0
artifacts/keystone-pitch-engine/programs/hitech-pitch/20260304_101046_A08H/scenes/04-valuation-scene,4,1161,0.0
artifacts/keystone-pitch-engine/programs/hitech-pitch/20260304_101451_QFH3/scenes/03-hitech-os-scene,4,1161,0.0
artifacts/keystone-pitch-engine/programs/hitech-pitch/20260304_101451_QFH3/scenes/04-valuation-scene,4,1161,0.0
artifacts/keystone-pitch-engine/programs/hitech-pitch/20260304_101617_O1C9/scenes/03-hitech-os-scene,4,1161,0.0
artifacts/keystone-pitch-engine/programs/hitech-pitch/20260304_101617_O1C9/scenes/04-valuation-scene,4,1161,0.0
tools/_local/ports/logs/20260305_004959,2,1155,0.0
tools/codex/worktrees/Z_aggregator/apps/keystone/lib/pitch,2,1143,0.0
_backup_closeout_20260301_071103/docs_constitution,1,1132,0.0
_backup_constitution_20260301_070024/constitution,1,1132,0.0
tools/codex/runs/20260305_092736_F9A0/_queue/rework/outbox,4,1090,0.0
docs/adr,12,1086,0.0
tools/codex/Z_aggregator/RUN_20260223_191411/FILES/docs/codex-kernel/docs,1,1085,0.0
tools/codex/worktrees/C_features/tools/codex/runs/20260304_061005_61C9/C_features/FILES/apps/keystone/app/api/pitch-engine/triage,1,1065,0.0
tools/codex/worktrees/C_features/apps/keystone/app/api/pitch-engine/triage,1,1064,0.0
tools/codex/runs/20260228_022339_6C65/D_validation,7,1062,0.0
tools/codex/runs/20260228_022339_6C65/Z_aggregator,7,1062,0.0
tools/codex/runs/20260301_010535_E0B1/B_tooling/FILES/apps/keystone/app/pitch/05-inventory-foundation,1,1048,0.0
tools/codex/worktrees/C_features/tools/codex/runs/20260304_061005_61C9/C_features/FILES/apps/keystone/app/api/pitch-engine/capabilities,1,1046,0.0
tools/codex/runs/20260301_010535_E0B1/B_tooling/FILES/apps/keystone/app/pitch/06-shipments-receiving,1,1045,0.0
tools/codex/worktrees/C_features/apps/keystone/app/api/pitch-engine/capabilities,1,1045,0.0
tools/codex/runs/20260228_022339_6C65/C_features,7,1044,0.0
tools/codex/worktrees/B_tooling/apps/keystone/app/pitch/02-industrial-flow,1,1042,0.0
tools/codex/runs/20260228_1/D_validation,8,1041,0.0
tools/codex/worktrees/A_core/apps/keystone/app/pitch/02-industrial-flow,1,1037,0.0
tools/codex/worktrees/D_validation/apps/keystone/app/pitch/02-industrial-flow,1,1037,0.0
tools/codex/runs/20260228_022339_6C65/B_tooling,7,1035,0.0
tools/codex/worktrees/B_tooling/apps/keystone/app/pitch/01-double-engine,1,1033,0.0
tools/codex/runs/20260301_011534_EF0A/C_features/FILES/apps/keystone/app/pitch/05-inventory-foundation,1,1030,0.0
tools/codex/worktrees/B_tooling/apps/keystone/app/pitch/05-inventory-foundation,1,1030,0.0
tools/codex/worktrees/A_core/apps/keystone/app/pitch/01-double-engine,1,1028,0.0
tools/codex/worktrees/D_validation/apps/keystone/app/pitch/01-double-engine,1,1028,0.0
tools/codex/runs/20260301_011534_EF0A/C_features/FILES/apps/keystone/app/pitch/06-shipments-receiving,1,1026,0.0
tools/codex/worktrees/B_tooling/apps/keystone/app/pitch/03-hitech-os,1,1026,0.0
tools/codex/worktrees/B_tooling/apps/keystone/app/pitch/06-shipments-receiving,1,1026,0.0
tools/codex/worktrees/Z_aggregator/tools/codex/runs/ci_factory_local_001/A_worker,7,1026,0.0
tools/codex/worktrees/Z_aggregator/tools/codex/runs/ci_factory_local_001/B_worker,7,1026,0.0
tools/codex/worktrees/Z_aggregator/tools/codex/runs/ci_factory_local_001/C_worker,7,1026,0.0
tools/codex/worktrees/Z_aggregator/tools/codex/runs/ci_factory_local_001/D_worker,7,1026,0.0
tools/codex/runs/20260228_1/C_features,8,1022,0.0
tools/codex/worktrees/A_core/apps/keystone/app/pitch/03-hitech-os,1,1021,0.0
tools/codex/worktrees/D_validation/apps/keystone/app/pitch/03-hitech-os,1,1021,0.0
tools/codex/worktrees/B_tooling/apps/keystone/app/pitch/04-valuation,1,1016,0.0
tools/codex/runs/20260228_1/Z_aggregator,7,1012,0.0
tools/codex/runs/20260228_2/D_validation,7,1012,0.0
tools/codex/runs/20260228_2/Z_aggregator,7,1012,0.0
tools/codex/worktrees/A_core/apps/keystone/app/pitch/04-valuation,1,1011,0.0
tools/codex/worktrees/D_validation/apps/keystone/app/pitch/04-valuation,1,1011,0.0
tools/codex/runs/20260228_022339_6C65/A_core,7,1008,0.0
tools/codex/worktrees/D_validation/apps/keystone/lib/pitch,2,1001,0.0
tools/codex/runs/20260304_061005_61C9/Z_aggregator,5,998,0.0
tools/codex/runs/20260228_2/C_features,7,994,0.0
tools/codex/runs/20260302_001507_20C8/A_core/LOGS,1,993,0.0
tools/codex/runs/20260228_1/A_core,8,982,0.0
tools/codex/runs/20260304_174651_DBC8/Z_aggregator/FILES/apps/keystone/app/pitch/02-industrial-flow,1,982,0.0
tools/codex/worktrees/Z_aggregator/tools/codex/runs/20260304_174651_DBC8/Z_aggregator/FILES/apps/keystone/app/pitch/02-industrial-flow,1,982,0.0
tools/codex/worktrees/Z_aggregator/apps/keystone/app/pitch/02-industrial-flow,1,980,0.0
tools/codex/runs/20260304_174651_DBC8/Z_aggregator/FILES/apps/keystone/app/pitch/01-double-engine,1,973,0.0
tools/codex/worktrees/Z_aggregator/tools/codex/runs/20260304_174651_DBC8/Z_aggregator/FILES/apps/keystone/app/pitch/01-double-engine,1,973,0.0
tools/codex/worktrees/Z_aggregator/apps/keystone/app/pitch/01-double-engine,1,971,0.0
tools/codex/worktrees/Z_aggregator/tools/codex/runs/factory_smoke_test_20260218_000000_001,2,970,0.0
tools/codex/runs/20260304_174651_DBC8/Z_aggregator/FILES/apps/keystone/app/pitch/03-hitech-os,1,966,0.0
tools/codex/worktrees/Z_aggregator/tools/codex/runs/20260304_174651_DBC8/Z_aggregator/FILES/apps/keystone/app/pitch/03-hitech-os,1,966,0.0
tools/codex/worktrees/Z_aggregator/apps/keystone/app/pitch/03-hitech-os,1,964,0.0
tools/codex/runs/20260228_2/A_core,7,958,0.0
tools/codex/runs/20260304_174651_DBC8/Z_aggregator/FILES/apps/keystone/app/pitch/04-valuation,1,956,0.0
tools/codex/worktrees/Z_aggregator/tools/codex/runs/20260304_174651_DBC8/Z_aggregator/FILES/apps/keystone/app/pitch/04-valuation,1,956,0.0
tools/codex/worktrees/Z_aggregator/apps/keystone/app/pitch/04-valuation,1,954,0.0
tools/codex/runs/20260304_174651_DBC8/Z_aggregator/FILES/apps/keystone/components/pitch/debug,3,953,0.0
tools/codex/worktrees/Z_aggregator/tools/codex/runs/20260304_174651_DBC8/Z_aggregator/FILES/apps/keystone/components/pitch/debug,3,953,0.0
tools/codex/runs/20260304_130900_QA11/_context/WORKER_INPUTS,5,943,0.0
tools/codex/worktrees/B_tooling/tools/codex/runs/20260304_061005_61C9/B_tooling/LOGS,1,940,0.0
tools/codex/worktrees/A_core/tools/codex/runs/20260304_061005_61C9/A_core/LOGS,1,924,0.0
tools/codex/worktrees/Z_aggregator/apps/keystone/components/pitch/debug,3,901,0.0
apps/web/src/components,1,898,0.0
tools/codex/runs/20260304_174651_DBC8/C_features/FILES/apps/keystone/components/pitch/debug,2,896,0.0
tools/codex/worktrees/C_features/tools/codex/runs/20260304_174651_DBC8/C_features/FILES/apps/keystone/components/pitch/debug,2,896,0.0
apps/web/src/lib,1,886,0.0
tools/codex/_triage/snapshots/SNAP_20260226_1/BEFORE/apps/web/src/lib,1,886,0.0
tools/codex/worktrees/A_core/apps/web/src/lib,1,885,0.0
tools/codex/worktrees/C_features/apps/web/src/lib,1,885,0.0
tools/codex/worktrees/D_validation/apps/web/src/lib,1,885,0.0
tools/codex/worktrees/Z_aggregator/apps/web/src/lib,1,885,0.0
tools/codex/runs/20260302_001507_20C8/Z_integrator,1,883,0.0
tools/codex/worktrees/C_features/tools/codex/runs/20260304_061005_61C9/C_features/LOGS,1,882,0.0
tools/codex/worktrees/D_validation/tools/codex/runs/20260304_061005_61C9/D_validation/LOGS,1,844,0.0
packages/tooling,2,841,0.0
tools/codex/runs/20260302_001507_20C8,2,841,0.0
tools/codex/_triage/snapshots/SNAP_20260226_1/BEFORE/packages/tooling,2,841,0.0
tools/codex/worktrees/A_core/packages/tooling,2,840,0.0
tools/codex/worktrees/B_tooling/packages/tooling,2,840,0.0
tools/codex/worktrees/C_features/packages/tooling,2,840,0.0
tools/codex/worktrees/D_validation/packages/tooling,2,840,0.0
tools/codex/worktrees/Z_aggregator/packages/tooling,2,840,0.0
tools/codex/worktrees/C_features/tools/codex/runs/20260304_061005_61C9/C_features/FILES/apps/keystone/app/api/pitch-engine/status,1,839,0.0
tools/codex/worktrees/C_features/apps/keystone/app/api/pitch-engine/status,1,838,0.0
tools/codex/runs/20260301_011534_EF0A/Z_integrator/LOGS,2,837,0.0
tools/codex/worktrees/B_tooling/apps/keystone/lib,2,837,0.0
tools/codex/runs/20260228_183257_093E/Z_integrator/LOGS,2,825,0.0
tools/codex/worktrees/D_validation/docs/quality/IMPROVEMENT_CLAIMS,1,819,0.0
docs/govos/dependency-map,1,812,0.0
tools/codex/worktrees/A_core/docs/govos/dependency-map,1,812,0.0
tools/codex/worktrees/B_tooling/docs/govos/dependency-map,1,812,0.0
tools/codex/worktrees/C_features/docs/govos/dependency-map,1,812,0.0
tools/codex/worktrees/D_validation/docs/govos/dependency-map,1,812,0.0
tools/codex/worktrees/Z_aggregator/docs/govos/dependency-map,1,812,0.0
tools/codex/_triage/snapshots/SNAP_20260226_1/BEFORE/docs/govos/dependency-map,1,812,0.0
tools/codex/runs/20260302_001507_20C8/D_validation/LOGS,1,799,0.0
tools/codex/worktrees/D_validation/tools/codex/runs/20260302_001507_20C8/D_validation/LOGS,1,799,0.0
apps/keystone/providers,1,780,0.0
tools/codex/worktrees/A_core/apps/keystone/providers,1,780,0.0
tools/codex/worktrees/B_tooling/apps/keystone/providers,1,780,0.0
tools/codex/worktrees/C_features/apps/keystone/providers,1,780,0.0
tools/codex/worktrees/D_validation/apps/keystone/providers,1,780,0.0
tools/codex/worktrees/Z_aggregator/apps/keystone/providers,1,780,0.0
artifacts/keystone-scene-studio/notes,1,774,0.0
tools/codex/worktrees/A_core/configs/factory,2,751,0.0
tools/codex/worktrees/B_tooling/configs/factory,2,751,0.0
tools/codex/worktrees/C_features/configs/factory,2,751,0.0
tools/codex/worktrees/D_validation/configs/factory,2,751,0.0
tools/codex/worktrees/Z_aggregator/configs/factory,2,751,0.0
tools/codex/_triage/snapshots/SNAP_20260226_1/BEFORE/configs/factory,2,751,0.0
_attic/docs_dump/_root_archive/20260301_014802/configs/factory,2,751,0.0
_backup_closeout_20260301_071103,1,741,0.0
_backup_constitution_20260301_070024,1,741,0.0
tools/codex/worktrees/A_core/tools/codex/runs/20260305_092736_F9A0/A_core/LOGS,1,727,0.0
tools/codex/worktrees/A_core/factory,2,689,0.0
tools/codex/worktrees/B_tooling/factory,2,689,0.0
tools/codex/worktrees/C_features/factory,2,689,0.0
tools/codex/worktrees/D_validation/factory,2,689,0.0
tools/codex/worktrees/Z_aggregator/factory,2,689,0.0
tools/codex/_triage/snapshots/SNAP_20260226_1/BEFORE/factory,2,689,0.0
_attic/docs_dump/_root_archive/20260301_014802/factory,2,689,0.0
apps/keystone/public/brand,1,679,0.0
apps/web/public/brand,1,679,0.0
packages/ui-kit/src/brand/assets,1,679,0.0
tools/codex/runs/20260304_130900_QA11,1,657,0.0
tools/codex/runs/20260304_131500_RR01,1,657,0.0
tools/codex/runs/20260304_174343_8C66,1,657,0.0
tools/codex/runs/20260304_174651_DBC8,1,657,0.0
tools/codex/runs/20260305_092736_F9A0,1,657,0.0
docs/knowledge/codex_chats/export_20260304_152156/_logs,1,652,0.0
docs/troubleshooting,1,646,0.0
tools/codex/worktrees/A_core/docs/troubleshooting,1,646,0.0
tools/codex/worktrees/B_tooling/docs/troubleshooting,1,646,0.0
tools/codex/worktrees/C_features/docs/troubleshooting,1,646,0.0
tools/codex/worktrees/D_validation/docs/troubleshooting,1,646,0.0
tools/codex/worktrees/Z_aggregator/docs/troubleshooting,1,646,0.0
tools/codex/_triage/snapshots/SNAP_20260226_1/BEFORE/docs/troubleshooting,1,646,0.0
tools/codex/runs/20260228_022339_6C65/Z_integrator,5,640,0.0
tools/codex/runs/20260302_001507_20C8/C_features/LOGS,1,636,0.0
tools/codex/dispatch/reports,1,630,0.0
tools/codex/worktrees/A_core/tools/health,1,630,0.0
tools/codex/worktrees/B_tooling/tools/health,1,630,0.0
tools/codex/worktrees/C_features/tools/health,1,630,0.0
tools/codex/worktrees/D_validation/tools/health,1,630,0.0
tools/codex/worktrees/Z_aggregator/tools/health,1,630,0.0
tools/codex/_triage/snapshots/SNAP_20260226_1/BEFORE/tools/health,1,630,0.0
tools/health,1,630,0.0
apps/demo-engine,2,624,0.0
tools/codex/_triage/snapshots/SNAP_20260226_1/BEFORE/apps/demo-engine,2,624,0.0
tools/codex/worktrees/A_core/apps/demo-engine,2,623,0.0
tools/codex/worktrees/B_tooling/apps/demo-engine,2,623,0.0
tools/codex/worktrees/C_features/apps/demo-engine,2,623,0.0
tools/codex/worktrees/D_validation/apps/demo-engine,2,623,0.0
tools/codex/worktrees/Z_aggregator/apps/demo-engine,2,623,0.0
artifacts/keystone-pitch-engine/programs/hitech-pitch,1,622,0.0
tools/codex/runs/20260228_1/Z_integrator,5,620,0.0
tools/codex/runs/20260228_2/Z_integrator,5,620,0.0
tools/codex/worktrees/C_features/tools/codex/runs/20260305_092736_F9A0/C_features/LOGS,1,618,0.0
tools/codex/D_validation/RUN_20260223_175429_hs/logs,4,603,0.0
tools/codex/runs/20260228_183257_093E/A_core/LOGS,2,594,0.0
tools/codex/runs/manual_20260301_212235/_queue/rework/state,1,593,0.0
tools/codex/runs/20260228_183257_093E/A_core/_pyshim/verify,2,584,0.0
tools/codex/runs/manual_20260301_212235/A_core/_git_snapshots/hos_factory-launcher_C_features,4,577,0.0
tools/codex/runs/20260304_174651_DBC8/Z_aggregator/FILES/packages/contracts/src/fixtures,1,573,0.0
tools/codex/worktrees/Z_aggregator/tools/codex/runs/20260304_174651_DBC8/Z_aggregator/FILES/packages/contracts/src/fixtures,1,573,0.0
docs/semantics,1,543,0.0
artifacts/keystone-pitch-engine/programs/retention-prune,1,541,0.0
tools/codex/worktrees/B_tooling/apps/keystone/components/brand,2,536,0.0
tools/codex/runs/20260228_164549_2F73/D_validation/FILES/docs_test,3,534,0.0
tools/codex/runs/20260228_164549_2F73/C_features/FILES/docs_test,3,522,0.0
tools/codex/runs/20260228_164549_2F73/B_tooling/FILES/docs_test,3,516,0.0
tools/codex/examples/factory,2,513,0.0
tools/codex/worktrees/C_features/tools/codex/runs/20260304_061005_61C9/C_features/FILES/apps/keystone/app/api/pitch-engine,1,513,0.0
tools/codex/_triage/snapshots/SNAP_20260226_1/BEFORE/tools/codex/examples/factory,2,513,0.0
tools/codex/worktrees/C_features/apps/keystone/app/api/pitch-engine,1,512,0.0
tools/codex/worktrees/A_core/tools/codex/examples/factory,2,511,0.0
tools/codex/worktrees/B_tooling/tools/codex/examples/factory,2,511,0.0
tools/codex/worktrees/C_features/tools/codex/examples/factory,2,511,0.0
tools/codex/worktrees/D_validation/tools/codex/examples/factory,2,511,0.0
tools/codex/worktrees/Z_aggregator/tools/codex/examples/factory,2,511,0.0
artifacts/keystone-pitch-engine/retention,1,503,0.0
tools/codex/runs/20260228_164549_2F73/A_core/FILES/docs_test,3,498,0.0
packages/tooling/eslint,1,497,0.0
tools/codex/_triage/snapshots/SNAP_20260226_1/BEFORE/packages/tooling/eslint,1,497,0.0
tools/codex/worktrees/A_core/packages/tooling/eslint,1,496,0.0
tools/codex/worktrees/B_tooling/packages/tooling/eslint,1,496,0.0
tools/codex/worktrees/C_features/packages/tooling/eslint,1,496,0.0
tools/codex/worktrees/D_validation/packages/tooling/eslint,1,496,0.0
tools/codex/worktrees/Z_aggregator/packages/tooling/eslint,1,496,0.0
docs/runbooks,6,495,0.0
docs/playbooks,5,479,0.0
tools/logs/keystone_verify,1,467,0.0
tools/codex/runs/BAD,1,458,0.0
docs/architecture,1,454,0.0
apps/keystone/app/api/activity,1,442,0.0
tools/codex/worktrees/A_core/apps/keystone/app/api/activity,1,442,0.0
tools/codex/worktrees/B_tooling/apps/keystone/app/api/activity,1,442,0.0
tools/codex/worktrees/C_features/apps/keystone/app/api/activity,1,442,0.0
tools/codex/worktrees/D_validation/apps/keystone/app/api/activity,1,442,0.0
tools/codex/worktrees/Z_aggregator/apps/keystone/app/api/activity,1,442,0.0
apps/keystone/app/api/widgets,1,437,0.0
tools/codex/worktrees/A_core/apps/keystone/app/api/widgets,1,437,0.0
tools/codex/worktrees/B_tooling/apps/keystone/app/api/widgets,1,437,0.0
tools/codex/worktrees/C_features/apps/keystone/app/api/widgets,1,437,0.0
tools/codex/worktrees/D_validation/apps/keystone/app/api/widgets,1,437,0.0
tools/codex/worktrees/Z_aggregator/apps/keystone/app/api/widgets,1,437,0.0
tools/codex/runs/20260304_174651_DBC8/Z_aggregator/FILES/apps/keystone/lib/pitch,1,431,0.0
tools/codex/worktrees/Z_aggregator/tools/codex/runs/20260304_174651_DBC8/Z_aggregator/FILES/apps/keystone/lib/pitch,1,431,0.0
tools/codex/_triage/snapshots/SNAP_20260226_1/BEFORE/scripts,1,429,0.0
tools/codex/worktrees/C_features/apps/keystone/app/api/pitch-engine/artifacts,1,428,0.0
tools/codex/worktrees/C_features/tools/codex/runs/20260304_061005_61C9/C_features/FILES/apps/keystone/app/api/pitch-engine/artifacts,1,428,0.0
docs/visual-baselines,1,418,0.0
tools/codex/runs/_gc,2,409,0.0
apps/keystone/app/api/runs,1,406,0.0
tools/codex/worktrees/A_core/apps/keystone/app/api/runs,1,406,0.0
tools/codex/worktrees/B_tooling/apps/keystone/app/api/runs,1,406,0.0
tools/codex/worktrees/C_features/apps/keystone/app/api/runs,1,406,0.0
tools/codex/worktrees/D_validation/apps/keystone/app/api/runs,1,406,0.0
tools/codex/worktrees/Z_aggregator/apps/keystone/app/api/runs,1,406,0.0
tools/codex/runs/20260304_174651_DBC8/Z_aggregator/FILES/packages/ui-kit/src/layers,1,398,0.0
tools/codex/worktrees/Z_aggregator/tools/codex/runs/20260304_174651_DBC8/Z_aggregator/FILES/packages/ui-kit/src/layers,1,398,0.0
tools/codex/memory,4,397,0.0
packages/tooling/tsconfig,1,393,0.0
tools/codex/_triage/snapshots/SNAP_20260226_1/BEFORE/packages/tooling/tsconfig,1,393,0.0
tools/codex/worktrees/A_core/packages/tooling/tsconfig,1,392,0.0
tools/codex/worktrees/B_tooling/packages/tooling/tsconfig,1,392,0.0
tools/codex/worktrees/C_features/packages/tooling/tsconfig,1,392,0.0
tools/codex/worktrees/D_validation/packages/tooling/tsconfig,1,392,0.0
tools/codex/worktrees/Z_aggregator/packages/tooling/tsconfig,1,392,0.0
tools/codex/runs/manual_20260301_212235/A_core/_git_snapshots/hos_factory-launcher_Z_aggregator,4,385,0.0
tools/codex/runs/factory_smoke_diff_20260301_000001/Z_integrator/LOGS,2,367,0.0
apps/keystone/lib,1,362,0.0
tools/codex/worktrees/A_core/apps/keystone/lib,1,362,0.0
tools/codex/worktrees/C_features/apps/keystone/lib,1,362,0.0
tools/codex/worktrees/D_validation/apps/keystone/lib,1,362,0.0
tools/codex/worktrees/Z_aggregator/apps/keystone/lib,1,362,0.0
tools/codex/runs/20260301_010535_E0B1/C_features/FILES,1,354,0.0
tools/codex/runs/20260228_183257_093E/D_validation/LOGS,2,352,0.0
tools/codex/runs/20260301_010535_E0B1/Z_aggregator/FILES,1,351,0.0
tools/codex/runs/20260301_011534_EF0A/D_validation/FILES/docs_test,3,329,0.0
tools/codex/runs/20260301_011534_EF0A/C_features/FILES/docs_test,3,327,0.0
tools/codex/runs/20260301_011534_EF0A/B_tooling/FILES/docs_test,3,326,0.0
tools/codex/runs/20260301_011534_EF0A/A_core/FILES/docs_test,3,323,0.0
tools/codex/runs/20260228_183257_093E,2,321,0.0
tools/codex/runs/integration_invalid_repo_root_debug_20260304/Z_integrator/LOGS,2,315,0.0
tools/codex/worktrees/A_core/tools/hos/factory,1,314,0.0
tools/codex/worktrees/B_tooling/tools/hos/factory,1,314,0.0
tools/codex/worktrees/C_features/tools/hos/factory,1,314,0.0
tools/codex/worktrees/D_validation/tools/hos/factory,1,314,0.0
tools/codex/worktrees/Z_aggregator/tools/hos/factory,1,314,0.0
tools/hos/factory,1,314,0.0
tools/codex/worktrees/A_core/configs,1,296,0.0
tools/codex/worktrees/B_tooling/configs,1,296,0.0
tools/codex/worktrees/C_features/configs,1,296,0.0
tools/codex/worktrees/D_validation/configs,1,296,0.0
tools/codex/worktrees/Z_aggregator/configs,1,296,0.0
tools/codex/_triage/snapshots/SNAP_20260226_1/BEFORE/configs,1,296,0.0
_attic/docs_dump/_root_archive/20260301_014802/configs,1,296,0.0
artifacts/keystone-scene-studio/retention,2,293,0.0
packages/ui-kit/src/types,1,291,0.0
tools/codex/worktrees/A_core/packages/ui-kit/src/types,1,291,0.0
tools/codex/worktrees/B_tooling/packages/ui-kit/src/types,1,291,0.0
tools/codex/worktrees/C_features/packages/ui-kit/src/types,1,291,0.0
tools/codex/worktrees/D_validation/packages/ui-kit/src/types,1,291,0.0
tools/codex/worktrees/Z_aggregator/packages/ui-kit/src/types,1,291,0.0
tools/codex/runs/auto_closeout_smoke_20260301/A_worker/LOGS,2,283,0.0
tools/codex/runs/auto_closeout_smoke_20260301/B_worker/LOGS,2,283,0.0
tools/codex/worktrees/D_validation/tools/codex/runs/20260304_174651_DBC8/D_validation/LOGS,1,268,0.0
tools/codex/runs/ci_factory_local_fix2/Z_integrator/LOGS,2,266,0.0
tools/codex/runs/ci_factory_local_fix3/Z_integrator/LOGS,2,266,0.0
tools/codex/runs/ci_factory_local_fix4/Z_integrator/LOGS,2,266,0.0
tools/codex/runs/ci_factory_local_fix5/Z_integrator/LOGS,2,266,0.0
tools/codex/worktrees/Z_aggregator/tools/codex/runs/ci_factory_local_001/Z_integrator/LOGS,2,264,0.0
tools/codex/runs/ci_factory_local_1/Z_integrator/LOGS,2,263,0.0
tools/codex/runs/factory_smoke_20260304_212807_4d993bdd_001/A_worker/LOGS,2,262,0.0
tools/codex/runs/factory_smoke_20260304_212807_4d993bdd_001/B_worker/LOGS,2,262,0.0
tools/codex/runs/factory_smoke_20260304_212807_4d993bdd_001/C_worker/LOGS,2,262,0.0
tools/codex/runs/factory_smoke_20260304_212807_4d993bdd_001/D_worker/LOGS,2,262,0.0
tools/codex/runs/factory_smoke_20260304_213135_6f06e517_001/A_worker/LOGS,2,262,0.0
tools/codex/runs/factory_smoke_20260304_213135_6f06e517_001/B_worker/LOGS,2,262,0.0
tools/codex/runs/factory_smoke_20260304_213135_6f06e517_001/C_worker/LOGS,2,262,0.0
tools/codex/runs/factory_smoke_20260304_213135_6f06e517_001/D_worker/LOGS,2,262,0.0
tools/codex/runs/factory_smoke_20260304_214351_bd91c028_001/A_worker/LOGS,2,262,0.0
tools/codex/runs/factory_smoke_20260304_214351_bd91c028_001/B_worker/LOGS,2,262,0.0
tools/codex/runs/factory_smoke_20260304_214351_bd91c028_001/C_worker/LOGS,2,262,0.0
tools/codex/runs/factory_smoke_20260304_214351_bd91c028_001/D_worker/LOGS,2,262,0.0
tools/codex/runs/factory_smoke_20260304_232534_a09b221c_001/A_worker/LOGS,2,262,0.0
tools/codex/runs/factory_smoke_20260304_232534_a09b221c_001/B_worker/LOGS,2,262,0.0
tools/codex/runs/factory_smoke_20260304_232534_a09b221c_001/C_worker/LOGS,2,262,0.0
tools/codex/runs/factory_smoke_20260304_232534_a09b221c_001/D_worker/LOGS,2,262,0.0
tools/codex/runs/factory_smoke_20260304_232916_a09b221c_001/A_worker/LOGS,2,262,0.0
tools/codex/runs/factory_smoke_20260304_232916_a09b221c_001/B_worker/LOGS,2,262,0.0
tools/codex/runs/factory_smoke_20260304_232916_a09b221c_001/C_worker/LOGS,2,262,0.0
tools/codex/runs/factory_smoke_20260304_232916_a09b221c_001/D_worker/LOGS,2,262,0.0
tools/codex/runs/ci_factory_local_2/Z_integrator/LOGS,2,260,0.0
tools/codex/runs/factory_smoke_test_debug_20260301_000001/A_worker/LOGS,2,260,0.0
tools/codex/runs/factory_smoke_test_debug_20260301_000001/B_worker/LOGS,2,260,0.0
tools/codex/runs/factory_smoke_test_debug_20260301_000001/C_worker/LOGS,2,260,0.0
tools/codex/runs/factory_smoke_test_debug_20260301_000001/D_worker/LOGS,2,260,0.0
tools/codex/runs/factory_smoke_test_debug_20260301_000002/A_worker/LOGS,2,260,0.0
tools/codex/runs/factory_smoke_test_debug_20260301_000002/B_worker/LOGS,2,260,0.0
tools/codex/runs/factory_smoke_test_debug_20260301_000002/C_worker/LOGS,2,260,0.0
tools/codex/runs/factory_smoke_test_debug_20260301_000002/D_worker/LOGS,2,260,0.0
tools/codex/runs/factory_smoke_test_debug_20260301_000003/A_worker/LOGS,2,260,0.0
tools/codex/runs/factory_smoke_test_debug_20260301_000003/B_worker/LOGS,2,260,0.0
tools/codex/runs/factory_smoke_test_debug_20260301_000003/C_worker/LOGS,2,260,0.0
tools/codex/runs/factory_smoke_test_debug_20260301_000003/D_worker/LOGS,2,260,0.0
tools/codex/runs/factory_smoke_test_20260218_000000_001/A_worker/LOGS,2,258,0.0
tools/codex/runs/factory_smoke_test_20260218_000000_001/B_worker/LOGS,2,258,0.0
tools/codex/runs/factory_smoke_test_20260218_000000_001/C_worker/LOGS,2,258,0.0
tools/codex/runs/factory_smoke_test_20260218_000000_001/D_worker/LOGS,2,258,0.0
tools/codex/worktrees/Z_aggregator/tools/codex/runs/factory_smoke_test_20260218_000000_001/A_worker/LOGS,2,258,0.0
tools/codex/worktrees/Z_aggregator/tools/codex/runs/factory_smoke_test_20260218_000000_001/B_worker/LOGS,2,258,0.0
tools/codex/worktrees/Z_aggregator/tools/codex/runs/factory_smoke_test_20260218_000000_001/C_worker/LOGS,2,258,0.0
tools/codex/worktrees/Z_aggregator/tools/codex/runs/factory_smoke_test_20260218_000000_001/D_worker/LOGS,2,258,0.0
tools/codex/runs/factory_smoke_diff_20260301_000001/A_worker/LOGS,2,254,0.0
tools/codex/runs/factory_smoke_diff_20260301_000001/B_worker/LOGS,2,254,0.0
tools/codex/runs/factory_smoke_diff_20260301_000001/C_worker/LOGS,2,254,0.0
tools/codex/runs/factory_smoke_diff_20260301_000001/D_worker/LOGS,2,254,0.0
tools/codex/_state,1,254,0.0
tools/codex/runs/20260301_011534_EF0A/C_features/FILES/apps/keystone,1,251,0.0
tools/codex/runs/20260301_011534_EF0A/D_validation/FILES,1,250,0.0
tools/codex/runs/20260304_130900_QA11/Z_integrator,1,244,0.0
tools/codex/runs/20260304_131500_RR01/Z_integrator,1,244,0.0
tools/codex/runs/20260304_174343_8C66/Z_integrator,1,244,0.0
tools/codex/runs/20260304_174651_DBC8/Z_integrator,1,244,0.0
tools/codex/runs/20260305_092736_F9A0/Z_integrator,1,244,0.0
tools/codex/runs/20260304_120000_ABCD/_queue/rework/outbox,1,235,0.0
tools/codex/worktrees/Z_aggregator/tools/codex/verify,1,235,0.0
tools/codex/runs/manual_20260301_212235/A_core/_git_snapshots/hos_factory-launcher_A_core,4,214,0.0
tools/codex/worktrees/B_tooling/packages/ui-kit/src/components/premium,1,182,0.0
tools/hos/visual/templates,1,175,0.0
tools/codex/worktrees/D_validation/tools/codex/runs/20260304_061005_61C9/D_validation/FILES,1,173,0.0
cla,2,156,0.0
apps/demo-engine/src,1,152,0.0
tools/codex/_triage/snapshots/SNAP_20260226_1/BEFORE/apps/demo-engine/src,1,152,0.0
tools/codex/worktrees/A_core/apps/demo-engine/src,1,151,0.0
tools/codex/worktrees/B_tooling/apps/demo-engine/src,1,151,0.0
tools/codex/worktrees/C_features/apps/demo-engine/src,1,151,0.0
tools/codex/worktrees/D_validation/apps/demo-engine/src,1,151,0.0
tools/codex/worktrees/Z_aggregator/apps/demo-engine/src,1,151,0.0
tools/codex/runs/20260304_120000_ABCD/_queue/rework/state,1,149,0.0
artifacts/keystone-scene-studio/rerun-requests,1,134,0.0
artifacts/keystone-scene-studio/triage,1,133,0.0
docs/design,6,132,0.0
tools/codex/runs/20260304_130900_QA11/_debug,1,128,0.0
docs/security,6,119,0.0
packages/tooling/prettier,1,117,0.0
tools/codex/_triage/snapshots/SNAP_20260226_1/BEFORE/packages/tooling/prettier,1,117,0.0
tools/codex/worktrees/A_core/packages/tooling/prettier,1,116,0.0
tools/codex/worktrees/B_tooling/packages/tooling/prettier,1,116,0.0
tools/codex/worktrees/C_features/packages/tooling/prettier,1,116,0.0
tools/codex/worktrees/D_validation/packages/tooling/prettier,1,116,0.0
tools/codex/worktrees/Z_aggregator/packages/tooling/prettier,1,116,0.0
_attic/tool_outputs,1,116,0.0
_attic/docs_dump,1,113,0.0
_attic/snapshots,1,113,0.0
tools/codex/D_validation/RUN_20260226_180152/LOGS,1,111,0.0
tools/codex/D_validation/RUN_20260226_180339/LOGS,1,111,0.0
tools/codex/D_validation/RUN_20260226_180543/LOGS,1,111,0.0
tools/codex/D_validation/RUN_20260226_180629/LOGS,1,111,0.0
tools/codex/D_validation/RUN_20260226_180800/LOGS,1,111,0.0
tools/codex/C_features/RUN_20260226_180152/LOGS,1,109,0.0
tools/codex/C_features/RUN_20260226_180339/LOGS,1,109,0.0
tools/codex/C_features/RUN_20260226_180543/LOGS,1,109,0.0
tools/codex/C_features/RUN_20260226_180629/LOGS,1,109,0.0
tools/codex/C_features/RUN_20260226_180800/LOGS,1,109,0.0
_attic,1,109,0.0
tools/codex/B_tooling/RUN_20260226_180152/LOGS,1,108,0.0
tools/codex/B_tooling/RUN_20260226_180339/LOGS,1,108,0.0
tools/codex/B_tooling/RUN_20260226_180543/LOGS,1,108,0.0
tools/codex/B_tooling/RUN_20260226_180629/LOGS,1,108,0.0
tools/codex/B_tooling/RUN_20260226_180800/LOGS,1,108,0.0
tools/codex/runs/20260228_164549_2F73/B_tooling/LOGS,1,106,0.0
tools/codex/runs/20260228_183257_093E/B_tooling/LOGS,1,106,0.0
tools/codex/A_core/RUN_20260226_180152/LOGS,1,105,0.0
tools/codex/A_core/RUN_20260226_180339/LOGS,1,105,0.0
tools/codex/A_core/RUN_20260226_180543/LOGS,1,105,0.0
tools/codex/A_core/RUN_20260226_180629/LOGS,1,105,0.0
tools/codex/A_core/RUN_20260226_180800/LOGS,1,105,0.0
docs/compliance,6,104,0.0
policies,2,104,0.0
tools/codex/runs/20260301_011534_EF0A/Z_aggregator/LOGS,1,104,0.0
tools/codex/runs/20260228_022339_6C65/D_validation/LOGS,1,103,0.0
tools/codex/runs/20260228_022339_6C65/Z_aggregator/LOGS,1,103,0.0
tools/codex/runs/20260228_022339_6C65/Z_integrator/LOGS,1,103,0.0
tools/codex/runs/20260301_011534_EF0A/D_validation/LOGS,1,103,0.0
tools/codex/runs/20260228_164549_2F73/C_features/LOGS,1,102,0.0
tools/codex/runs/20260228_183257_093E/C_features/LOGS,1,102,0.0
tools/codex/runs/20260228_022339_6C65/C_features/LOGS,1,101,0.0
tools/codex/runs/20260301_011534_EF0A/C_features/LOGS,1,101,0.0
tools/codex/runs/20260228_022339_6C65/B_tooling/LOGS,1,100,0.0
tools/codex/runs/20260301_011534_EF0A/B_tooling/LOGS,1,100,0.0
tools/codex/worktrees/Z_aggregator/tools/codex/runs/ci_factory_local_001/A_worker/LOGS,1,99,0.0
tools/codex/worktrees/Z_aggregator/tools/codex/runs/ci_factory_local_001/B_worker/LOGS,1,99,0.0
tools/codex/worktrees/Z_aggregator/tools/codex/runs/ci_factory_local_001/C_worker/LOGS,1,99,0.0
tools/codex/worktrees/Z_aggregator/tools/codex/runs/ci_factory_local_001/D_worker/LOGS,1,99,0.0
tools/codex/runs/20260228_022339_6C65/A_core/LOGS,1,97,0.0
tools/codex/runs/20260301_011534_EF0A/A_core/LOGS,1,97,0.0
docs/releases,4,94,0.0
tools/codex/runs/20260228_1/D_validation/LOGS,1,93,0.0
tools/codex/runs/20260228_1/Z_aggregator/LOGS,1,93,0.0
tools/codex/runs/20260228_1/Z_integrator/LOGS,1,93,0.0
tools/codex/runs/20260228_2/D_validation/LOGS,1,93,0.0
tools/codex/runs/20260228_2/Z_aggregator/LOGS,1,93,0.0
tools/codex/runs/20260228_2/Z_integrator/LOGS,1,93,0.0
tools/codex/runs/20260228_1/C_features/LOGS,1,91,0.0
tools/codex/runs/20260228_2/C_features/LOGS,1,91,0.0
docs/api,5,90,0.0
tools/codex/runs/20260228_1/B_tooling/LOGS,1,90,0.0
tools/codex/runs/20260228_2/B_tooling/LOGS,1,90,0.0
tools/codex/Z_aggregator/RUN_20260226_180152/LOGS,1,88,0.0
tools/codex/Z_aggregator/RUN_20260226_180339/LOGS,1,88,0.0
tools/codex/Z_aggregator/RUN_20260226_180543/LOGS,1,88,0.0
tools/codex/Z_aggregator/RUN_20260226_180629/LOGS,1,88,0.0
tools/codex/Z_aggregator/RUN_20260226_180800/LOGS,1,88,0.0
tools/codex/runs/20260228_1/A_core/LOGS,1,87,0.0
tools/codex/runs/20260228_2/A_core/LOGS,1,87,0.0
docs/governance,2,85,0.0
packages/tooling/_smoke,1,71,0.0
tools/codex/worktrees/A_core/packages/tooling/_smoke,1,71,0.0
tools/codex/worktrees/B_tooling/packages/tooling/_smoke,1,71,0.0
tools/codex/worktrees/C_features/packages/tooling/_smoke,1,71,0.0
tools/codex/worktrees/D_validation/packages/tooling/_smoke,1,71,0.0
tools/codex/worktrees/Z_aggregator/packages/tooling/_smoke,1,71,0.0
tools/codex/_triage/snapshots/SNAP_20260226_1/BEFORE/packages/tooling/_smoke,1,71,0.0
tools/codex/runs/_doctor_artifacts,4,69,0.0
artifacts/keystone-pitch-engine/programs/retention-test/20260304_010101_AAAA,1,45,0.0
tools/codex/runs/20260304_174651_DBC8/Z_aggregator/FILES/packages/contracts/src/fixtures/pitch,1,45,0.0
tools/codex/worktrees/Z_aggregator/packages/contracts/src/fixtures/pitch,1,45,0.0
tools/codex/worktrees/Z_aggregator/tools/codex/runs/20260304_174651_DBC8/Z_aggregator/FILES/packages/contracts/src/fixtures/pitch,1,45,0.0
assets,1,39,0.0
monitoring,1,39,0.0
logging,1,27,0.0
terraform,1,26,0.0
tools/codex/worktrees/C_features/tools/codex/runs/20260304_061005_61C9/C_features/runtime/pitch-engine/triage-notes/test-run/scene-01/seq-01,1,24,0.0
helm,1,21,0.0
artifacts/keystone-pitch-engine/programs/retention-prune/20260304_000003_A003,1,20,0.0
artifacts/keystone-pitch-engine/programs/retention-prune/20260304_000004_A004,1,20,0.0
k8s,1,20,0.0
tools/codex/runs/20260301_011534_EF0A/B_tooling_testprobe,1,4,0.0
docs/codex-kernel/docs/codex-kernel,1,0,0.0
tools/codex/worktrees/A_core/docs/codex-kernel/docs/codex-kernel,1,0,0.0
tools/codex/worktrees/B_tooling/docs/codex-kernel/docs/codex-kernel,1,0,0.0
tools/codex/worktrees/C_features/docs/codex-kernel/docs/codex-kernel,1,0,0.0
tools/codex/worktrees/D_validation/docs/codex-kernel/docs/codex-kernel,1,0,0.0
tools/codex/worktrees/Z_aggregator/docs/codex-kernel/docs/codex-kernel,1,0,0.0
tools/codex/_triage/snapshots/SNAP_20260226_1/BEFORE/docs/codex-kernel/docs/codex-kernel,1,0,0.0
tools/_local/worktree_wash/20260301_022038/A_core,5,0,0.0
tools/_local/worktree_wash/20260301_022038/B_tooling,5,0,0.0
tools/_local/worktree_wash/20260301_022038/C_features,5,0,0.0
tools/_local/worktree_wash/20260301_022038/D_validation,5,0,0.0
