source,target,bytes,sha256
__generated__,<REPO_ROOT>\apps\terminal-de-venta-system\tools\prisma-surface-visual-governor\engines\python\README.md,475,f140f5feb547a4aadaa54d5a9777a910c690dddf2b340170a2e0b91728ee60c4
__generated__,<REPO_ROOT>\apps\terminal-de-venta-system\tools\prisma-surface-visual-governor\engines\python\__init__.py,61,acc9029fa3b4f7d8325d03480de0301cbe36385800e9d8b8e019b98c65dbe0f1
__generated__,<REPO_ROOT>\apps\terminal-de-venta-system\tools\prisma-surface-visual-governor\engines\python\engine_contract.md,353,4c5f910c342624420e39052ed465bad1dff2a7583b60f1383b95b40b929ad47e
__generated__,<REPO_ROOT>\apps\terminal-de-venta-system\tools\prisma-surface-visual-governor\engines\node\README.md,83,0e8896a3d06c86148b7aee895e18e78efc56138ad7ff5102bf80c79d80230ec6
__generated__,<REPO_ROOT>\apps\terminal-de-venta-system\tools\prisma-surface-visual-governor\engines\powershell\README.md,85,26a39d488b7eeaa16cf84539bb75df5b05cf82fb867aaf21fa1edb10b07aaec5
__generated__,<REPO_ROOT>\apps\terminal-de-venta-system\tools\prisma-surface-visual-governor\contracts\README.md,89,ad95f1a0d1033b81525935c8653066d85f56f5537bd9ccbfa265d8eec699dd33
__generated__,<REPO_ROOT>\apps\terminal-de-venta-system\tools\prisma-surface-visual-governor\inventory\README.md,98,42fd05e4bd3e2bd06b8172156ae5acc4e539c4fa0b45a840ec0e0649f2b77b18
__generated__,<REPO_ROOT>\apps\terminal-de-venta-system\tools\prisma-surface-visual-governor\evidence\README.md,134,408f9f793efd55ead53e9c81d0cf2bdf60fc713294791eb4a45b6e1810a387bf
<REPO_ROOT>\apps\terminal-de-venta-system\docs\surface-visual-governor\00_PRISMA_SURFACE_VISUAL_GOVERNOR_MASTER_INDEX.md,<REPO_ROOT>\apps\terminal-de-venta-system\tools\prisma-surface-visual-governor\docs\repo-docs\00_PRISMA_SURFACE_VISUAL_GOVERNOR_MASTER_INDEX.md,20166,29f16eccc28abe7f5f3f1fed490cbfb7933bc17433749c284aec9ceaa275f3a6
<REPO_ROOT>\apps\terminal-de-venta-system\docs\surface-visual-governor\01_WHERE_EVERYTHING_LIVES.md,<REPO_ROOT>\apps\terminal-de-venta-system\tools\prisma-surface-visual-governor\docs\repo-docs\01_WHERE_EVERYTHING_LIVES.md,17274,f2554b14d8f53452f653b4616a66af9c2aee78c2822e5ecdec25c77470c4cea6
<REPO_ROOT>\apps\terminal-de-venta-system\docs\surface-visual-governor\02_PILOT_STATUS_MATRIX.md,<REPO_ROOT>\apps\terminal-de-venta-system\tools\prisma-surface-visual-governor\docs\repo-docs\02_PILOT_STATUS_MATRIX.md,2284,8cb30b5b53c8d6eac94ff6c5e76e8dc8c790b65353479bf2c76843936e57dd77
<REPO_ROOT>\apps\terminal-de-venta-system\docs\surface-visual-governor\03_NEXT_STEPS.md,<REPO_ROOT>\apps\terminal-de-venta-system\tools\prisma-surface-visual-governor\docs\repo-docs\03_NEXT_STEPS.md,891,6f37dc683a839ab54004c0a67cf8d174b27dcae976f70315d4997839e900db08
<REPO_ROOT>\apps\terminal-de-venta-system\docs\surface-visual-governor\pilot-15-route-budget-enforcer-runtime.md,<REPO_ROOT>\apps\terminal-de-venta-system\tools\prisma-surface-visual-governor\docs\repo-docs\pilot-15-route-budget-enforcer-runtime.md,443,d30df00328bbccece4c1f4bf96d77cde79b0c77dc1ec05b1d3de0220c4cfa7a8
<REPO_ROOT>\apps\terminal-de-venta-system\docs\surface-visual-governor\pilot-17-surface-runtime-adapter-v1.md,<REPO_ROOT>\apps\terminal-de-venta-system\tools\prisma-surface-visual-governor\docs\repo-docs\pilot-17-surface-runtime-adapter-v1.md,362,1b58af152395cb1d10c813ccfe2c3b21284d6ca68eb86afc81b7964b996bd02e
<REPO_ROOT>\apps\terminal-de-venta-system\docs\surface-visual-governor\_hub\pilot_status_matrix.csv,<REPO_ROOT>\apps\terminal-de-venta-system\tools\prisma-surface-visual-governor\docs\repo-docs\_hub\pilot_status_matrix.csv,2419,7e63701812744d1c1bf628536995f7fe7cfefa3010b8899e97c32ce43b8e9321
<REPO_ROOT>\apps\terminal-de-venta-system\docs\surface-visual-governor\_hub\pilot_status_matrix.json,<REPO_ROOT>\apps\terminal-de-venta-system\tools\prisma-surface-visual-governor\docs\repo-docs\_hub\pilot_status_matrix.json,4960,7aa795547e688d8f85b86759071cb81740f76b5069de0a3c637a267e6ba428b8
<REPO_ROOT>\apps\terminal-de-venta-system\docs\surface-visual-governor\_hub\README.md,<REPO_ROOT>\apps\terminal-de-venta-system\tools\prisma-surface-visual-governor\docs\repo-docs\_hub\README.md,169,1c94b6e30970fe2223c5699f4e5b1bc1b1b081d803dc9a1aedca11aa3064462e
<REPO_ROOT>\apps\terminal-de-venta-system\docs\surface-visual-governor\_hub\result_zip_inventory.json,<REPO_ROOT>\apps\terminal-de-venta-system\tools\prisma-surface-visual-governor\docs\repo-docs\_hub\result_zip_inventory.json,12743,6c9d7fefc13917f27242e97439c01c85d5dc757f80b8a1478f3ca4e1b8538056
<REPO_ROOT>\apps\terminal-de-venta-system\docs\surface-visual-governor\_hub\surface_governor_inventory.json,<REPO_ROOT>\apps\terminal-de-venta-system\tools\prisma-surface-visual-governor\docs\repo-docs\_hub\surface_governor_inventory.json,17742,8aa41428225cf2c650de8bc85533cc0a154104cd0bc83120d944e65124aaa329
<REPO_ROOT>\apps\terminal-de-venta-system\tools\prisma-surface-governor\route-budget-enforcer\prisma.route-budget.policy.json,<REPO_ROOT>\apps\terminal-de-venta-system\tools\prisma-surface-visual-governor\tooling\prisma-surface-governor\route-budget-enforcer\prisma.route-budget.policy.json,7221,2b148dd8209e4ee1b5ffef08df5c30f7ba528ece5467abd336f213c6be818784
<REPO_ROOT>\apps\terminal-de-venta-system\tools\prisma-surface-governor\route-budget-enforcer\README.md,<REPO_ROOT>\apps\terminal-de-venta-system\tools\prisma-surface-visual-governor\tooling\prisma-surface-governor\route-budget-enforcer\README.md,583,c80b55bf5dee95727ebb97c8f0152191fc88a654e98dac8411d2a9061415f4bc
<REPO_ROOT>\apps\terminal-de-venta-system\tools\prisma-surface-governor\route-budget-enforcer\route-budget-enforcer.mjs,<REPO_ROOT>\apps\terminal-de-venta-system\tools\prisma-surface-visual-governor\tooling\prisma-surface-governor\route-budget-enforcer\route-budget-enforcer.mjs,8203,3c837cf0dd9671891b089bf7993f8a4ebad47d766e20394ef72c09acbba33dc4
<REPO_ROOT>\apps\terminal-de-venta-system\tools\prisma-surface-governor\route-budget-enforcer\verify-route-budget-enforcer.mjs,<REPO_ROOT>\apps\terminal-de-venta-system\tools\prisma-surface-visual-governor\tooling\prisma-surface-governor\route-budget-enforcer\verify-route-budget-enforcer.mjs,1896,148751ad4fb2b20a7234856488a61bc044a79b1d2497bd1a2adc49d4206b2cb2
<REPO_ROOT>\apps\terminal-de-venta-system\tools\prisma-surface-governor\surface-runtime-adapter\prisma.surface-runtime-adapter.schema.json,<REPO_ROOT>\apps\terminal-de-venta-system\tools\prisma-surface-visual-governor\tooling\prisma-surface-governor\surface-runtime-adapter\prisma.surface-runtime-adapter.schema.json,471,c96101c2541b6ebbb6b68acfea4ffb9d610f0d2d706464f204d3eddd22a589af
<REPO_ROOT>\apps\terminal-de-venta-system\tools\prisma-surface-governor\surface-runtime-adapter\README.md,<REPO_ROOT>\apps\terminal-de-venta-system\tools\prisma-surface-visual-governor\tooling\prisma-surface-governor\surface-runtime-adapter\README.md,294,ceb0fb64db7511f67173ba50903d9908d7e560b3405c677b6d1c33bf1b9e4ce3
<REPO_ROOT>\apps\terminal-de-venta-system\tools\prisma-surface-governor\surface-runtime-adapter\surface-runtime-adapter.mjs,<REPO_ROOT>\apps\terminal-de-venta-system\tools\prisma-surface-visual-governor\tooling\prisma-surface-governor\surface-runtime-adapter\surface-runtime-adapter.mjs,1808,27510139cbe5895537b99a0cb70232fc251969ff0526a7f449af81bb1fad91a5
<REPO_ROOT>\apps\terminal-de-venta-system\tools\prisma-surface-governor\surface-runtime-adapter\verify-surface-runtime-adapter.mjs,<REPO_ROOT>\apps\terminal-de-venta-system\tools\prisma-surface-visual-governor\tooling\prisma-surface-governor\surface-runtime-adapter\verify-surface-runtime-adapter.mjs,3825,d9732f80c6e2cb9c44faf5218edd3e765f2ab8fee7624ab14779707912cce517
<REPO_ROOT>\apps\terminal-de-venta-system\products\chart-lab\app\docs\surface-visual-governor\pilot-02-chart-lab-recipe-export.md,<REPO_ROOT>\apps\terminal-de-venta-system\tools\prisma-surface-visual-governor\docs\app-docs\chart-lab\pilot-02-chart-lab-recipe-export.md,1302,7d1692c153cfb899636fdbe98554b996852a6cd19a1c0970015d0f80e996f780
<REPO_ROOT>\apps\terminal-de-venta-system\products\chart-lab\app\docs\surface-visual-governor\pilot-16-chart-lab-recipe-studio-v2.md,<REPO_ROOT>\apps\terminal-de-venta-system\tools\prisma-surface-visual-governor\docs\app-docs\chart-lab\pilot-16-chart-lab-recipe-studio-v2.md,603,637eebff4fd3a03f1aef0d833e7a3350b44f8e90ebb6aba02174636d592b0909
<REPO_ROOT>\apps\terminal-de-venta-system\products\chart-lab\app\public\surface-visual-governor\runtime-adapter\latest\index.json,<REPO_ROOT>\apps\terminal-de-venta-system\tools\prisma-surface-visual-governor\public-mirrors\chart-lab\runtime-adapter\latest\index.json,979,b92bcc7fe4a5615946bf77ff1e7c502d0cf6d61a095947fa6ea9240076551521
<REPO_ROOT>\apps\terminal-de-venta-system\products\chart-lab\app\public\surface-visual-governor\runtime-adapter\pilot-17\index.json,<REPO_ROOT>\apps\terminal-de-venta-system\tools\prisma-surface-visual-governor\public-mirrors\chart-lab\runtime-adapter\pilot-17\index.json,979,b92bcc7fe4a5615946bf77ff1e7c502d0cf6d61a095947fa6ea9240076551521
<REPO_ROOT>\apps\terminal-de-venta-system\products\chart-lab\app\public\surface-visual-governor\recipe-studio-v2\latest\index.json,<REPO_ROOT>\apps\terminal-de-venta-system\tools\prisma-surface-visual-governor\public-mirrors\chart-lab\recipe-studio-v2\latest\index.json,1221,f6ad3a941358b8e401dc085b64c300c29f44a17aaf68d0106eaf1df42a1bcbdd
<REPO_ROOT>\apps\terminal-de-venta-system\products\chart-lab\app\public\surface-visual-governor\recipe-studio-v2\latest\README.md,<REPO_ROOT>\apps\terminal-de-venta-system\tools\prisma-surface-visual-governor\public-mirrors\chart-lab\recipe-studio-v2\latest\README.md,261,a1a63b49580afeb17f84d000621789c44b7ddf6ee139c0089c3e846070502eb6
<REPO_ROOT>\apps\terminal-de-venta-system\products\chart-lab\app\public\surface-visual-governor\recipe-studio-v2\pilot-16\index.json,<REPO_ROOT>\apps\terminal-de-venta-system\tools\prisma-surface-visual-governor\public-mirrors\chart-lab\recipe-studio-v2\pilot-16\index.json,1221,f6ad3a941358b8e401dc085b64c300c29f44a17aaf68d0106eaf1df42a1bcbdd
<REPO_ROOT>\apps\terminal-de-venta-system\products\chart-lab\app\public\surface-visual-governor\recipe-studio-v2\pilot-16\README.md,<REPO_ROOT>\apps\terminal-de-venta-system\tools\prisma-surface-visual-governor\public-mirrors\chart-lab\recipe-studio-v2\pilot-16\README.md,261,a1a63b49580afeb17f84d000621789c44b7ddf6ee139c0089c3e846070502eb6
<REPO_ROOT>\apps\terminal-de-venta-system\products\chart-lab\app\public\surface-visual-governor\recipe-export\latest\background.recipe.json,<REPO_ROOT>\apps\terminal-de-venta-system\tools\prisma-surface-visual-governor\public-mirrors\chart-lab\recipe-export\latest\background.recipe.json,41636,142bc802e6a8ec4c48f3f41a1ca0736ad14fe5554e01a41dd4c57be64345b60b
<REPO_ROOT>\apps\terminal-de-venta-system\products\chart-lab\app\public\surface-visual-governor\recipe-export\latest\chart.recipe.json,<REPO_ROOT>\apps\terminal-de-venta-system\tools\prisma-surface-visual-governor\public-mirrors\chart-lab\recipe-export\latest\chart.recipe.json,15232,e903c171d1b2eefa5c68b950c679d6a6810e6152874c2b1ad68ca347b3c0c430
<REPO_ROOT>\apps\terminal-de-venta-system\products\chart-lab\app\public\surface-visual-governor\recipe-export\latest\index.json,<REPO_ROOT>\apps\terminal-de-venta-system\tools\prisma-surface-visual-governor\public-mirrors\chart-lab\recipe-export\latest\index.json,13686,ef0f2bd5f1b9a341efcdd3ebd15cc08beb05d0ec38bfa60958b94370dc17a360
<REPO_ROOT>\apps\terminal-de-venta-system\products\chart-lab\app\public\surface-visual-governor\recipe-export\latest\motion.recipe.json,<REPO_ROOT>\apps\terminal-de-venta-system\tools\prisma-surface-visual-governor\public-mirrors\chart-lab\recipe-export\latest\motion.recipe.json,20929,708a6205b2c2f320ff5c3100e71bfcb195c75c36ef71fb4326e18ba649e51a10
<REPO_ROOT>\apps\terminal-de-venta-system\products\chart-lab\app\public\surface-visual-governor\recipe-export\latest\README.md,<REPO_ROOT>\apps\terminal-de-venta-system\tools\prisma-surface-visual-governor\public-mirrors\chart-lab\recipe-export\latest\README.md,548,7bc4b03fadedb39f84238ad596e44dd89e820cfe43d82c286a71160642404fb9
<REPO_ROOT>\apps\terminal-de-venta-system\products\chart-lab\app\public\surface-visual-governor\recipe-export\latest\surface.compatibility.json,<REPO_ROOT>\apps\terminal-de-venta-system\tools\prisma-surface-visual-governor\public-mirrors\chart-lab\recipe-export\latest\surface.compatibility.json,15156,b31b35089eb47582cac70badef6855038caf3b824538b4d8d5ecf913e3e35fc3
<REPO_ROOT>\apps\terminal-de-venta-system\products\chart-lab\app\public\surface-visual-governor\recipe-export\latest\ultra-codex.index.json,<REPO_ROOT>\apps\terminal-de-venta-system\tools\prisma-surface-visual-governor\public-mirrors\chart-lab\recipe-export\latest\ultra-codex.index.json,182924,fc2e678cbed96a9d0f78cd52800fd0a56aeb1bb19e69a4f365b1b42de988871f
<REPO_ROOT>\apps\terminal-de-venta-system\products\chart-lab\app\public\surface-visual-governor\recipe-export\latest\visual.recipe.json,<REPO_ROOT>\apps\terminal-de-venta-system\tools\prisma-surface-visual-governor\public-mirrors\chart-lab\recipe-export\latest\visual.recipe.json,49153,4cf134f52f4490e803bb6d71868137ba4b12631631551678674a0671b2722556
<REPO_ROOT>\apps\terminal-de-venta-system\products\chart-lab\app\public\surface-visual-governor\recipe-export\pilot-02\background.recipe.json,<REPO_ROOT>\apps\terminal-de-venta-system\tools\prisma-surface-visual-governor\public-mirrors\chart-lab\recipe-export\pilot-02\background.recipe.json,41636,142bc802e6a8ec4c48f3f41a1ca0736ad14fe5554e01a41dd4c57be64345b60b
<REPO_ROOT>\apps\terminal-de-venta-system\products\chart-lab\app\public\surface-visual-governor\recipe-export\pilot-02\chart.recipe.json,<REPO_ROOT>\apps\terminal-de-venta-system\tools\prisma-surface-visual-governor\public-mirrors\chart-lab\recipe-export\pilot-02\chart.recipe.json,15232,e903c171d1b2eefa5c68b950c679d6a6810e6152874c2b1ad68ca347b3c0c430
<REPO_ROOT>\apps\terminal-de-venta-system\products\chart-lab\app\public\surface-visual-governor\recipe-export\pilot-02\index.json,<REPO_ROOT>\apps\terminal-de-venta-system\tools\prisma-surface-visual-governor\public-mirrors\chart-lab\recipe-export\pilot-02\index.json,13686,ef0f2bd5f1b9a341efcdd3ebd15cc08beb05d0ec38bfa60958b94370dc17a360
<REPO_ROOT>\apps\terminal-de-venta-system\products\chart-lab\app\public\surface-visual-governor\recipe-export\pilot-02\motion.recipe.json,<REPO_ROOT>\apps\terminal-de-venta-system\tools\prisma-surface-visual-governor\public-mirrors\chart-lab\recipe-export\pilot-02\motion.recipe.json,20929,708a6205b2c2f320ff5c3100e71bfcb195c75c36ef71fb4326e18ba649e51a10
<REPO_ROOT>\apps\terminal-de-venta-system\products\chart-lab\app\public\surface-visual-governor\recipe-export\pilot-02\README.md,<REPO_ROOT>\apps\terminal-de-venta-system\tools\prisma-surface-visual-governor\public-mirrors\chart-lab\recipe-export\pilot-02\README.md,548,7bc4b03fadedb39f84238ad596e44dd89e820cfe43d82c286a71160642404fb9
<REPO_ROOT>\apps\terminal-de-venta-system\products\chart-lab\app\public\surface-visual-governor\recipe-export\pilot-02\surface.compatibility.json,<REPO_ROOT>\apps\terminal-de-venta-system\tools\prisma-surface-visual-governor\public-mirrors\chart-lab\recipe-export\pilot-02\surface.compatibility.json,15156,b31b35089eb47582cac70badef6855038caf3b824538b4d8d5ecf913e3e35fc3
<REPO_ROOT>\apps\terminal-de-venta-system\products\chart-lab\app\public\surface-visual-governor\recipe-export\pilot-02\ultra-codex.index.json,<REPO_ROOT>\apps\terminal-de-venta-system\tools\prisma-surface-visual-governor\public-mirrors\chart-lab\recipe-export\pilot-02\ultra-codex.index.json,182924,fc2e678cbed96a9d0f78cd52800fd0a56aeb1bb19e69a4f365b1b42de988871f
<REPO_ROOT>\apps\terminal-de-venta-system\products\chart-lab\app\public\surface-visual-governor\recipe-export\pilot-02\visual.recipe.json,<REPO_ROOT>\apps\terminal-de-venta-system\tools\prisma-surface-visual-governor\public-mirrors\chart-lab\recipe-export\pilot-02\visual.recipe.json,49153,4cf134f52f4490e803bb6d71868137ba4b12631631551678674a0671b2722556
<REPO_ROOT>\apps\terminal-de-venta-system\products\chart-lab\app\public\surface-visual-governor\atmosphere-assets\backgrounds\aurora-slate-veil.svg,<REPO_ROOT>\apps\terminal-de-venta-system\tools\prisma-surface-visual-governor\public-mirrors\chart-lab\atmosphere-assets\backgrounds\aurora-slate-veil.svg,1191,7eacb0164fe1c392c9dcb71a0e08ac184ce6b5698e841b7f201577c6656898be
<REPO_ROOT>\apps\terminal-de-venta-system\products\chart-lab\app\public\surface-visual-governor\atmosphere-assets\backgrounds\liquid-operations-smoke.svg,<REPO_ROOT>\apps\terminal-de-venta-system\tools\prisma-surface-visual-governor\public-mirrors\chart-lab\atmosphere-assets\backgrounds\liquid-operations-smoke.svg,2520,6ddc58de617baef084ab591d6d778bce59a7e96ab67d348a37a31309aa74824a
<REPO_ROOT>\apps\terminal-de-venta-system\products\chart-lab\app\public\surface-visual-governor\atmosphere-assets\backgrounds\liquid-operations-ui-reference.png,<REPO_ROOT>\apps\terminal-de-venta-system\tools\prisma-surface-visual-governor\public-mirrors\chart-lab\atmosphere-assets\backgrounds\liquid-operations-ui-reference.png,2918510,ba047f42db7038f9930a9473b73cffb9fe54fcd10c2b8e4382bce65f63d9171c
<REPO_ROOT>\apps\terminal-de-venta-system\products\chart-lab\app\public\surface-visual-governor\atmosphere-assets\backgrounds\obsidian-cloud-motion.svg,<REPO_ROOT>\apps\terminal-de-venta-system\tools\prisma-surface-visual-governor\public-mirrors\chart-lab\atmosphere-assets\backgrounds\obsidian-cloud-motion.svg,959,6ab40acf7fa6360d5dd65346b6046490f93d4072d37a519ec01d7a61795f9a5a
<REPO_ROOT>\apps\terminal-de-venta-system\products\chart-lab\app\public\surface-visual-governor\atmosphere-assets\backgrounds\storm-cloud-operations-real.jpg,<REPO_ROOT>\apps\terminal-de-venta-system\tools\prisma-surface-visual-governor\public-mirrors\chart-lab\atmosphere-assets\backgrounds\storm-cloud-operations-real.jpg,173999,9245d5f589df75a53a2e3509a5a5971ea14d2fe9366cde1e083586e917c35219
<REPO_ROOT>\apps\terminal-de-venta-system\products\chart-lab\app\public\surface-visual-governor\atmosphere-assets\backgrounds\storm-glass-horizon.svg,<REPO_ROOT>\apps\terminal-de-venta-system\tools\prisma-surface-visual-governor\public-mirrors\chart-lab\atmosphere-assets\backgrounds\storm-glass-horizon.svg,1286,89ce674e6d9a4f9474330b7b008e930b5e8eec2d7bc15cb94ea47e0a93dcf951
<REPO_ROOT>\apps\terminal-de-venta-system\products\chart-lab\app\public\surface-visual-governor\atmosphere-assets\backgrounds\tablet-soft-gray-clouds.svg,<REPO_ROOT>\apps\terminal-de-venta-system\tools\prisma-surface-visual-governor\public-mirrors\chart-lab\atmosphere-assets\backgrounds\tablet-soft-gray-clouds.svg,1335,ee21f92cb8004b1716aebe89f48272e5ed5ded32b11d66d9b04e0eb08c8ed7ba
<REPO_ROOT>\apps\terminal-de-venta-system\products\chart-lab\app\src\prisma-surface-governor\chart-lab-recipe-export.schema.json,<REPO_ROOT>\apps\terminal-de-venta-system\tools\prisma-surface-visual-governor\contracts\runtime-adapters\chart-lab\chart-lab-recipe-export.schema.json,726,79f58850059bc5d227f4b3604a9bbd973cd935cc242d6567ce96d8a5a49c6f64
<REPO_ROOT>\apps\terminal-de-venta-system\products\chart-lab\app\src\prisma-surface-governor\chart-lab-recipe-export.ts,<REPO_ROOT>\apps\terminal-de-venta-system\tools\prisma-surface-visual-governor\contracts\runtime-adapters\chart-lab\chart-lab-recipe-export.ts,2237,97d0c930bbaa542ea2330bb26f1703f536c2f4b03b32c592cc09c410fd8f63fc
<REPO_ROOT>\apps\terminal-de-venta-system\products\chart-lab\app\scripts\verify-surface-visual-governor-pilot02.mjs,<REPO_ROOT>\apps\terminal-de-venta-system\tools\prisma-surface-visual-governor\scripts\original-verifiers\chart-lab\verify-surface-visual-governor-pilot02.mjs,2307,f3fb85259ed2a9e423b1e1dd83e787ba3a1e348373343d0d5f2860950cc7b4dd
<REPO_ROOT>\apps\terminal-de-venta-system\products\chart-lab\app\scripts\verify-surface-visual-governor-pilot16-recipe-studio-v2.mjs,<REPO_ROOT>\apps\terminal-de-venta-system\tools\prisma-surface-visual-governor\scripts\original-verifiers\chart-lab\verify-surface-visual-governor-pilot16-recipe-studio-v2.mjs,3125,e92996b7be4b05af078c1ea370da64ca89433cf14f731e7d620fab859dc22b8b
<REPO_ROOT>\apps\terminal-de-venta-system\products\pc\app\docs\surface-visual-governor\pilot-03-pc-referencia-visual.md,<REPO_ROOT>\apps\terminal-de-venta-system\tools\prisma-surface-visual-governor\docs\app-docs\pc\pilot-03-pc-referencia-visual.md,1416,11e75a5f74425a588e5cd02ece12a00aed4f0ef2bc26ac61e80a47cb5cd9e240
<REPO_ROOT>\apps\terminal-de-venta-system\products\pc\app\docs\surface-visual-governor\pilot-04-pc-dashboard-governed-hoy.md,<REPO_ROOT>\apps\terminal-de-venta-system\tools\prisma-surface-visual-governor\docs\app-docs\pc\pilot-04-pc-dashboard-governed-hoy.md,837,0b6160a710b29d81a873ec3783ac46c22ebaefb9cb3e10d86a0bc3e4d952a1db
<REPO_ROOT>\apps\terminal-de-venta-system\products\pc\app\public\surface-visual-governor\runtime-adapter\latest\index.json,<REPO_ROOT>\apps\terminal-de-venta-system\tools\prisma-surface-visual-governor\public-mirrors\pc\runtime-adapter\latest\index.json,965,122aac51b0792e33bb9d71dfcc978e5dd75ae03e01e914f8960e8ac8773a3311
<REPO_ROOT>\apps\terminal-de-venta-system\products\pc\app\public\surface-visual-governor\runtime-adapter\pilot-17\index.json,<REPO_ROOT>\apps\terminal-de-venta-system\tools\prisma-surface-visual-governor\public-mirrors\pc\runtime-adapter\pilot-17\index.json,965,122aac51b0792e33bb9d71dfcc978e5dd75ae03e01e914f8960e8ac8773a3311
<REPO_ROOT>\apps\terminal-de-venta-system\products\pc\app\public\surface-visual-governor\reference-visual\latest\index.json,<REPO_ROOT>\apps\terminal-de-venta-system\tools\prisma-surface-visual-governor\public-mirrors\pc\reference-visual\latest\index.json,2707,63148148e99a43cc47efbcd4cf9d6f1bacd4aa87d55cf0901dd1797f71a694f7
<REPO_ROOT>\apps\terminal-de-venta-system\products\pc\app\public\surface-visual-governor\reference-visual\latest\materiality-catalog.registry.json,<REPO_ROOT>\apps\terminal-de-venta-system\tools\prisma-surface-visual-governor\public-mirrors\pc\reference-visual\latest\materiality-catalog.registry.json,1461805,fd5e3d864ca6c67205f10717551d47e6a5731b5453841e129f8cd6a164f500a9
<REPO_ROOT>\apps\terminal-de-venta-system\products\pc\app\public\surface-visual-governor\reference-visual\latest\prisma-pc-reference-visual.css,<REPO_ROOT>\apps\terminal-de-venta-system\tools\prisma-surface-visual-governor\public-mirrors\pc\reference-visual\latest\prisma-pc-reference-visual.css,7807,de9e9151e9dc3ebde2cc29ae85796f9a8351813cd69794337edfff67a8000858
<REPO_ROOT>\apps\terminal-de-venta-system\products\pc\app\public\surface-visual-governor\reference-visual\latest\README.md,<REPO_ROOT>\apps\terminal-de-venta-system\tools\prisma-surface-visual-governor\public-mirrors\pc\reference-visual\latest\README.md,319,ac2540c8547bdabec5d2e89e189054becfa1e0686aed1d14d3270846df43a51c
<REPO_ROOT>\apps\terminal-de-venta-system\products\pc\app\public\surface-visual-governor\reference-visual\latest\route.visual-reference.pilot-03.json,<REPO_ROOT>\apps\terminal-de-venta-system\tools\prisma-surface-visual-governor\public-mirrors\pc\reference-visual\latest\route.visual-reference.pilot-03.json,457,cac85fcd26e6a7ec9fd63572febbd2a6ae68a8f30ad2b8d454ab57968a2c0551
<REPO_ROOT>\apps\terminal-de-venta-system\products\pc\app\public\surface-visual-governor\reference-visual\latest\surface-twin.pc-reference.json,<REPO_ROOT>\apps\terminal-de-venta-system\tools\prisma-surface-visual-governor\public-mirrors\pc\reference-visual\latest\surface-twin.pc-reference.json,592,b2d041b1fad53b6f52a03dc3c4d4c2b4fc367c9fc36d1db051a566ab0730a8de
<REPO_ROOT>\apps\terminal-de-venta-system\products\pc\app\public\surface-visual-governor\reference-visual\pilot-03\index.json,<REPO_ROOT>\apps\terminal-de-venta-system\tools\prisma-surface-visual-governor\public-mirrors\pc\reference-visual\pilot-03\index.json,2707,63148148e99a43cc47efbcd4cf9d6f1bacd4aa87d55cf0901dd1797f71a694f7
<REPO_ROOT>\apps\terminal-de-venta-system\products\pc\app\public\surface-visual-governor\reference-visual\pilot-03\materiality-catalog.registry.json,<REPO_ROOT>\apps\terminal-de-venta-system\tools\prisma-surface-visual-governor\public-mirrors\pc\reference-visual\pilot-03\materiality-catalog.registry.json,1461805,fd5e3d864ca6c67205f10717551d47e6a5731b5453841e129f8cd6a164f500a9
<REPO_ROOT>\apps\terminal-de-venta-system\products\pc\app\public\surface-visual-governor\reference-visual\pilot-03\prisma-pc-reference-visual.css,<REPO_ROOT>\apps\terminal-de-venta-system\tools\prisma-surface-visual-governor\public-mirrors\pc\reference-visual\pilot-03\prisma-pc-reference-visual.css,7807,de9e9151e9dc3ebde2cc29ae85796f9a8351813cd69794337edfff67a8000858
<REPO_ROOT>\apps\terminal-de-venta-system\products\pc\app\public\surface-visual-governor\reference-visual\pilot-03\README.md,<REPO_ROOT>\apps\terminal-de-venta-system\tools\prisma-surface-visual-governor\public-mirrors\pc\reference-visual\pilot-03\README.md,319,ac2540c8547bdabec5d2e89e189054becfa1e0686aed1d14d3270846df43a51c
<REPO_ROOT>\apps\terminal-de-venta-system\products\pc\app\public\surface-visual-governor\reference-visual\pilot-03\route.visual-reference.pilot-03.json,<REPO_ROOT>\apps\terminal-de-venta-system\tools\prisma-surface-visual-governor\public-mirrors\pc\reference-visual\pilot-03\route.visual-reference.pilot-03.json,457,cac85fcd26e6a7ec9fd63572febbd2a6ae68a8f30ad2b8d454ab57968a2c0551
<REPO_ROOT>\apps\terminal-de-venta-system\products\pc\app\public\surface-visual-governor\reference-visual\pilot-03\surface-twin.pc-reference.json,<REPO_ROOT>\apps\terminal-de-venta-system\tools\prisma-surface-visual-governor\public-mirrors\pc\reference-visual\pilot-03\surface-twin.pc-reference.json,592,b2d041b1fad53b6f52a03dc3c4d4c2b4fc367c9fc36d1db051a566ab0730a8de
<REPO_ROOT>\apps\terminal-de-venta-system\products\pc\app\public\surface-visual-governor\reference-visual\pilot-03\recipe-export\background.recipe.json,<REPO_ROOT>\apps\terminal-de-venta-system\tools\prisma-surface-visual-governor\public-mirrors\pc\reference-visual\pilot-03\recipe-export\background.recipe.json,41636,142bc802e6a8ec4c48f3f41a1ca0736ad14fe5554e01a41dd4c57be64345b60b
<REPO_ROOT>\apps\terminal-de-venta-system\products\pc\app\public\surface-visual-governor\reference-visual\pilot-03\recipe-export\chart.recipe.json,<REPO_ROOT>\apps\terminal-de-venta-system\tools\prisma-surface-visual-governor\public-mirrors\pc\reference-visual\pilot-03\recipe-export\chart.recipe.json,15232,e903c171d1b2eefa5c68b950c679d6a6810e6152874c2b1ad68ca347b3c0c430
<REPO_ROOT>\apps\terminal-de-venta-system\products\pc\app\public\surface-visual-governor\reference-visual\pilot-03\recipe-export\index.json,<REPO_ROOT>\apps\terminal-de-venta-system\tools\prisma-surface-visual-governor\public-mirrors\pc\reference-visual\pilot-03\recipe-export\index.json,13686,ef0f2bd5f1b9a341efcdd3ebd15cc08beb05d0ec38bfa60958b94370dc17a360
<REPO_ROOT>\apps\terminal-de-venta-system\products\pc\app\public\surface-visual-governor\reference-visual\pilot-03\recipe-export\motion.recipe.json,<REPO_ROOT>\apps\terminal-de-venta-system\tools\prisma-surface-visual-governor\public-mirrors\pc\reference-visual\pilot-03\recipe-export\motion.recipe.json,20929,708a6205b2c2f320ff5c3100e71bfcb195c75c36ef71fb4326e18ba649e51a10
<REPO_ROOT>\apps\terminal-de-venta-system\products\pc\app\public\surface-visual-governor\reference-visual\pilot-03\recipe-export\surface.compatibility.json,<REPO_ROOT>\apps\terminal-de-venta-system\tools\prisma-surface-visual-governor\public-mirrors\pc\reference-visual\pilot-03\recipe-export\surface.compatibility.json,15156,b31b35089eb47582cac70badef6855038caf3b824538b4d8d5ecf913e3e35fc3
<REPO_ROOT>\apps\terminal-de-venta-system\products\pc\app\public\surface-visual-governor\reference-visual\pilot-03\recipe-export\ultra-codex.index.json,<REPO_ROOT>\apps\terminal-de-venta-system\tools\prisma-surface-visual-governor\public-mirrors\pc\reference-visual\pilot-03\recipe-export\ultra-codex.index.json,182924,fc2e678cbed96a9d0f78cd52800fd0a56aeb1bb19e69a4f365b1b42de988871f
<REPO_ROOT>\apps\terminal-de-venta-system\products\pc\app\public\surface-visual-governor\reference-visual\pilot-03\recipe-export\visual.recipe.json,<REPO_ROOT>\apps\terminal-de-venta-system\tools\prisma-surface-visual-governor\public-mirrors\pc\reference-visual\pilot-03\recipe-export\visual.recipe.json,49153,4cf134f52f4490e803bb6d71868137ba4b12631631551678674a0671b2722556
<REPO_ROOT>\apps\terminal-de-venta-system\products\pc\app\public\surface-visual-governor\reference-visual\pilot-03\atmosphere-assets\backgrounds\aurora-slate-veil.svg,<REPO_ROOT>\apps\terminal-de-venta-system\tools\prisma-surface-visual-governor\public-mirrors\pc\reference-visual\pilot-03\atmosphere-assets\backgrounds\aurora-slate-veil.svg,1191,7eacb0164fe1c392c9dcb71a0e08ac184ce6b5698e841b7f201577c6656898be
<REPO_ROOT>\apps\terminal-de-venta-system\products\pc\app\public\surface-visual-governor\reference-visual\pilot-03\atmosphere-assets\backgrounds\liquid-operations-smoke.svg,<REPO_ROOT>\apps\terminal-de-venta-system\tools\prisma-surface-visual-governor\public-mirrors\pc\reference-visual\pilot-03\atmosphere-assets\backgrounds\liquid-operations-smoke.svg,2520,6ddc58de617baef084ab591d6d778bce59a7e96ab67d348a37a31309aa74824a
<REPO_ROOT>\apps\terminal-de-venta-system\products\pc\app\public\surface-visual-governor\reference-visual\pilot-03\atmosphere-assets\backgrounds\liquid-operations-ui-reference.png,<REPO_ROOT>\apps\terminal-de-venta-system\tools\prisma-surface-visual-governor\public-mirrors\pc\reference-visual\pilot-03\atmosphere-assets\backgrounds\liquid-operations-ui-reference.png,2918510,ba047f42db7038f9930a9473b73cffb9fe54fcd10c2b8e4382bce65f63d9171c
<REPO_ROOT>\apps\terminal-de-venta-system\products\pc\app\public\surface-visual-governor\reference-visual\pilot-03\atmosphere-assets\backgrounds\obsidian-cloud-motion.svg,<REPO_ROOT>\apps\terminal-de-venta-system\tools\prisma-surface-visual-governor\public-mirrors\pc\reference-visual\pilot-03\atmosphere-assets\backgrounds\obsidian-cloud-motion.svg,959,6ab40acf7fa6360d5dd65346b6046490f93d4072d37a519ec01d7a61795f9a5a
<REPO_ROOT>\apps\terminal-de-venta-system\products\pc\app\public\surface-visual-governor\reference-visual\pilot-03\atmosphere-assets\backgrounds\storm-cloud-operations-real.jpg,<REPO_ROOT>\apps\terminal-de-venta-system\tools\prisma-surface-visual-governor\public-mirrors\pc\reference-visual\pilot-03\atmosphere-assets\backgrounds\storm-cloud-operations-real.jpg,173999,9245d5f589df75a53a2e3509a5a5971ea14d2fe9366cde1e083586e917c35219
<REPO_ROOT>\apps\terminal-de-venta-system\products\pc\app\public\surface-visual-governor\reference-visual\pilot-03\atmosphere-assets\backgrounds\storm-glass-horizon.svg,<REPO_ROOT>\apps\terminal-de-venta-system\tools\prisma-surface-visual-governor\public-mirrors\pc\reference-visual\pilot-03\atmosphere-assets\backgrounds\storm-glass-horizon.svg,1286,89ce674e6d9a4f9474330b7b008e930b5e8eec2d7bc15cb94ea47e0a93dcf951
<REPO_ROOT>\apps\terminal-de-venta-system\products\pc\app\public\surface-visual-governor\reference-visual\pilot-03\atmosphere-assets\backgrounds\tablet-soft-gray-clouds.svg,<REPO_ROOT>\apps\terminal-de-venta-system\tools\prisma-surface-visual-governor\public-mirrors\pc\reference-visual\pilot-03\atmosphere-assets\backgrounds\tablet-soft-gray-clouds.svg,1335,ee21f92cb8004b1716aebe89f48272e5ed5ded32b11d66d9b04e0eb08c8ed7ba
<REPO_ROOT>\apps\terminal-de-venta-system\products\pc\app\public\surface-visual-governor\reference-visual\latest\recipe-export\background.recipe.json,<REPO_ROOT>\apps\terminal-de-venta-system\tools\prisma-surface-visual-governor\public-mirrors\pc\reference-visual\latest\recipe-export\background.recipe.json,41636,142bc802e6a8ec4c48f3f41a1ca0736ad14fe5554e01a41dd4c57be64345b60b
<REPO_ROOT>\apps\terminal-de-venta-system\products\pc\app\public\surface-visual-governor\reference-visual\latest\recipe-export\chart.recipe.json,<REPO_ROOT>\apps\terminal-de-venta-system\tools\prisma-surface-visual-governor\public-mirrors\pc\reference-visual\latest\recipe-export\chart.recipe.json,15232,e903c171d1b2eefa5c68b950c679d6a6810e6152874c2b1ad68ca347b3c0c430
<REPO_ROOT>\apps\terminal-de-venta-system\products\pc\app\public\surface-visual-governor\reference-visual\latest\recipe-export\index.json,<REPO_ROOT>\apps\terminal-de-venta-system\tools\prisma-surface-visual-governor\public-mirrors\pc\reference-visual\latest\recipe-export\index.json,13686,ef0f2bd5f1b9a341efcdd3ebd15cc08beb05d0ec38bfa60958b94370dc17a360
<REPO_ROOT>\apps\terminal-de-venta-system\products\pc\app\public\surface-visual-governor\reference-visual\latest\recipe-export\motion.recipe.json,<REPO_ROOT>\apps\terminal-de-venta-system\tools\prisma-surface-visual-governor\public-mirrors\pc\reference-visual\latest\recipe-export\motion.recipe.json,20929,708a6205b2c2f320ff5c3100e71bfcb195c75c36ef71fb4326e18ba649e51a10
<REPO_ROOT>\apps\terminal-de-venta-system\products\pc\app\public\surface-visual-governor\reference-visual\latest\recipe-export\surface.compatibility.json,<REPO_ROOT>\apps\terminal-de-venta-system\tools\prisma-surface-visual-governor\public-mirrors\pc\reference-visual\latest\recipe-export\surface.compatibility.json,15156,b31b35089eb47582cac70badef6855038caf3b824538b4d8d5ecf913e3e35fc3
<REPO_ROOT>\apps\terminal-de-venta-system\products\pc\app\public\surface-visual-governor\reference-visual\latest\recipe-export\ultra-codex.index.json,<REPO_ROOT>\apps\terminal-de-venta-system\tools\prisma-surface-visual-governor\public-mirrors\pc\reference-visual\latest\recipe-export\ultra-codex.index.json,182924,fc2e678cbed96a9d0f78cd52800fd0a56aeb1bb19e69a4f365b1b42de988871f
<REPO_ROOT>\apps\terminal-de-venta-system\products\pc\app\public\surface-visual-governor\reference-visual\latest\recipe-export\visual.recipe.json,<REPO_ROOT>\apps\terminal-de-venta-system\tools\prisma-surface-visual-governor\public-mirrors\pc\reference-visual\latest\recipe-export\visual.recipe.json,49153,4cf134f52f4490e803bb6d71868137ba4b12631631551678674a0671b2722556
<REPO_ROOT>\apps\terminal-de-venta-system\products\pc\app\public\surface-visual-governor\reference-visual\latest\atmosphere-assets\backgrounds\aurora-slate-veil.svg,<REPO_ROOT>\apps\terminal-de-venta-system\tools\prisma-surface-visual-governor\public-mirrors\pc\reference-visual\latest\atmosphere-assets\backgrounds\aurora-slate-veil.svg,1191,7eacb0164fe1c392c9dcb71a0e08ac184ce6b5698e841b7f201577c6656898be
<REPO_ROOT>\apps\terminal-de-venta-system\products\pc\app\public\surface-visual-governor\reference-visual\latest\atmosphere-assets\backgrounds\liquid-operations-smoke.svg,<REPO_ROOT>\apps\terminal-de-venta-system\tools\prisma-surface-visual-governor\public-mirrors\pc\reference-visual\latest\atmosphere-assets\backgrounds\liquid-operations-smoke.svg,2520,6ddc58de617baef084ab591d6d778bce59a7e96ab67d348a37a31309aa74824a
<REPO_ROOT>\apps\terminal-de-venta-system\products\pc\app\public\surface-visual-governor\reference-visual\latest\atmosphere-assets\backgrounds\liquid-operations-ui-reference.png,<REPO_ROOT>\apps\terminal-de-venta-system\tools\prisma-surface-visual-governor\public-mirrors\pc\reference-visual\latest\atmosphere-assets\backgrounds\liquid-operations-ui-reference.png,2918510,ba047f42db7038f9930a9473b73cffb9fe54fcd10c2b8e4382bce65f63d9171c
<REPO_ROOT>\apps\terminal-de-venta-system\products\pc\app\public\surface-visual-governor\reference-visual\latest\atmosphere-assets\backgrounds\obsidian-cloud-motion.svg,<REPO_ROOT>\apps\terminal-de-venta-system\tools\prisma-surface-visual-governor\public-mirrors\pc\reference-visual\latest\atmosphere-assets\backgrounds\obsidian-cloud-motion.svg,959,6ab40acf7fa6360d5dd65346b6046490f93d4072d37a519ec01d7a61795f9a5a
<REPO_ROOT>\apps\terminal-de-venta-system\products\pc\app\public\surface-visual-governor\reference-visual\latest\atmosphere-assets\backgrounds\storm-cloud-operations-real.jpg,<REPO_ROOT>\apps\terminal-de-venta-system\tools\prisma-surface-visual-governor\public-mirrors\pc\reference-visual\latest\atmosphere-assets\backgrounds\storm-cloud-operations-real.jpg,173999,9245d5f589df75a53a2e3509a5a5971ea14d2fe9366cde1e083586e917c35219
<REPO_ROOT>\apps\terminal-de-venta-system\products\pc\app\public\surface-visual-governor\reference-visual\latest\atmosphere-assets\backgrounds\storm-glass-horizon.svg,<REPO_ROOT>\apps\terminal-de-venta-system\tools\prisma-surface-visual-governor\public-mirrors\pc\reference-visual\latest\atmosphere-assets\backgrounds\storm-glass-horizon.svg,1286,89ce674e6d9a4f9474330b7b008e930b5e8eec2d7bc15cb94ea47e0a93dcf951
<REPO_ROOT>\apps\terminal-de-venta-system\products\pc\app\public\surface-visual-governor\reference-visual\latest\atmosphere-assets\backgrounds\tablet-soft-gray-clouds.svg,<REPO_ROOT>\apps\terminal-de-venta-system\tools\prisma-surface-visual-governor\public-mirrors\pc\reference-visual\latest\atmosphere-assets\backgrounds\tablet-soft-gray-clouds.svg,1335,ee21f92cb8004b1716aebe89f48272e5ed5ded32b11d66d9b04e0eb08c8ed7ba
<REPO_ROOT>\apps\terminal-de-venta-system\products\pc\app\public\surface-visual-governor\dashboard\latest\index.json,<REPO_ROOT>\apps\terminal-de-venta-system\tools\prisma-surface-visual-governor\public-mirrors\pc\dashboard\latest\index.json,847,1de1c3f89119e5282749f9367337c314361b93221905fdbb8c5e82c8c48f2075
<REPO_ROOT>\apps\terminal-de-venta-system\products\pc\app\public\surface-visual-governor\dashboard\latest\materiality-catalog.pointer.json,<REPO_ROOT>\apps\terminal-de-venta-system\tools\prisma-surface-visual-governor\public-mirrors\pc\dashboard\latest\materiality-catalog.pointer.json,388,69f62af9013e627a9b5b5004baef2b7f31ca561a1e032dfed8ab2284048e70e8
<REPO_ROOT>\apps\terminal-de-venta-system\products\pc\app\public\surface-visual-governor\dashboard\latest\README.md,<REPO_ROOT>\apps\terminal-de-venta-system\tools\prisma-surface-visual-governor\public-mirrors\pc\dashboard\latest\README.md,247,833322e6b494593f73c87c8285b50a6b419a750c770d2e01ba990bbdcd318019
<REPO_ROOT>\apps\terminal-de-venta-system\products\pc\app\public\surface-visual-governor\dashboard\latest\route-budget.pc-dashboard.pilot-04.json,<REPO_ROOT>\apps\terminal-de-venta-system\tools\prisma-surface-visual-governor\public-mirrors\pc\dashboard\latest\route-budget.pc-dashboard.pilot-04.json,877,66d262a2636d7fbc40e7b8b3840150a3786bf1c210ffc96fde9f269b588f0199
<REPO_ROOT>\apps\terminal-de-venta-system\products\pc\app\public\surface-visual-governor\dashboard\latest\surface-twin.pc-dashboard.json,<REPO_ROOT>\apps\terminal-de-venta-system\tools\prisma-surface-visual-governor\public-mirrors\pc\dashboard\latest\surface-twin.pc-dashboard.json,550,a690750ca52ae3214d8d1b93dea10c7a2dc76b41b529a81ffaf9caea4dd28c4f
<REPO_ROOT>\apps\terminal-de-venta-system\products\pc\app\public\surface-visual-governor\dashboard\latest\surface.compatibility.dashboard.json,<REPO_ROOT>\apps\terminal-de-venta-system\tools\prisma-surface-visual-governor\public-mirrors\pc\dashboard\latest\surface.compatibility.dashboard.json,915,99f3255e1f0cd819a6cc5ac13459147b88318559204e926d95379437319d5b88
<REPO_ROOT>\apps\terminal-de-venta-system\products\pc\app\public\surface-visual-governor\dashboard\pilot-04\index.json,<REPO_ROOT>\apps\terminal-de-venta-system\tools\prisma-surface-visual-governor\public-mirrors\pc\dashboard\pilot-04\index.json,847,1de1c3f89119e5282749f9367337c314361b93221905fdbb8c5e82c8c48f2075
<REPO_ROOT>\apps\terminal-de-venta-system\products\pc\app\public\surface-visual-governor\dashboard\pilot-04\materiality-catalog.pointer.json,<REPO_ROOT>\apps\terminal-de-venta-system\tools\prisma-surface-visual-governor\public-mirrors\pc\dashboard\pilot-04\materiality-catalog.pointer.json,388,69f62af9013e627a9b5b5004baef2b7f31ca561a1e032dfed8ab2284048e70e8
<REPO_ROOT>\apps\terminal-de-venta-system\products\pc\app\public\surface-visual-governor\dashboard\pilot-04\README.md,<REPO_ROOT>\apps\terminal-de-venta-system\tools\prisma-surface-visual-governor\public-mirrors\pc\dashboard\pilot-04\README.md,247,833322e6b494593f73c87c8285b50a6b419a750c770d2e01ba990bbdcd318019
<REPO_ROOT>\apps\terminal-de-venta-system\products\pc\app\public\surface-visual-governor\dashboard\pilot-04\route-budget.pc-dashboard.pilot-04.json,<REPO_ROOT>\apps\terminal-de-venta-system\tools\prisma-surface-visual-governor\public-mirrors\pc\dashboard\pilot-04\route-budget.pc-dashboard.pilot-04.json,877,66d262a2636d7fbc40e7b8b3840150a3786bf1c210ffc96fde9f269b588f0199
<REPO_ROOT>\apps\terminal-de-venta-system\products\pc\app\public\surface-visual-governor\dashboard\pilot-04\surface-twin.pc-dashboard.json,<REPO_ROOT>\apps\terminal-de-venta-system\tools\prisma-surface-visual-governor\public-mirrors\pc\dashboard\pilot-04\surface-twin.pc-dashboard.json,550,a690750ca52ae3214d8d1b93dea10c7a2dc76b41b529a81ffaf9caea4dd28c4f
<REPO_ROOT>\apps\terminal-de-venta-system\products\pc\app\public\surface-visual-governor\dashboard\pilot-04\surface.compatibility.dashboard.json,<REPO_ROOT>\apps\terminal-de-venta-system\tools\prisma-surface-visual-governor\public-mirrors\pc\dashboard\pilot-04\surface.compatibility.dashboard.json,915,99f3255e1f0cd819a6cc5ac13459147b88318559204e926d95379437319d5b88
<REPO_ROOT>\apps\terminal-de-venta-system\products\pc\app\public\surface-visual-governor\dashboard\pilot-04\recipe-export\background.recipe.json,<REPO_ROOT>\apps\terminal-de-venta-system\tools\prisma-surface-visual-governor\public-mirrors\pc\dashboard\pilot-04\recipe-export\background.recipe.json,41636,142bc802e6a8ec4c48f3f41a1ca0736ad14fe5554e01a41dd4c57be64345b60b
<REPO_ROOT>\apps\terminal-de-venta-system\products\pc\app\public\surface-visual-governor\dashboard\pilot-04\recipe-export\chart.recipe.json,<REPO_ROOT>\apps\terminal-de-venta-system\tools\prisma-surface-visual-governor\public-mirrors\pc\dashboard\pilot-04\recipe-export\chart.recipe.json,15232,e903c171d1b2eefa5c68b950c679d6a6810e6152874c2b1ad68ca347b3c0c430
<REPO_ROOT>\apps\terminal-de-venta-system\products\pc\app\public\surface-visual-governor\dashboard\pilot-04\recipe-export\index.json,<REPO_ROOT>\apps\terminal-de-venta-system\tools\prisma-surface-visual-governor\public-mirrors\pc\dashboard\pilot-04\recipe-export\index.json,13686,ef0f2bd5f1b9a341efcdd3ebd15cc08beb05d0ec38bfa60958b94370dc17a360
<REPO_ROOT>\apps\terminal-de-venta-system\products\pc\app\public\surface-visual-governor\dashboard\pilot-04\recipe-export\motion.recipe.json,<REPO_ROOT>\apps\terminal-de-venta-system\tools\prisma-surface-visual-governor\public-mirrors\pc\dashboard\pilot-04\recipe-export\motion.recipe.json,20929,708a6205b2c2f320ff5c3100e71bfcb195c75c36ef71fb4326e18ba649e51a10
<REPO_ROOT>\apps\terminal-de-venta-system\products\pc\app\public\surface-visual-governor\dashboard\pilot-04\recipe-export\surface.compatibility.json,<REPO_ROOT>\apps\terminal-de-venta-system\tools\prisma-surface-visual-governor\public-mirrors\pc\dashboard\pilot-04\recipe-export\surface.compatibility.json,15156,b31b35089eb47582cac70badef6855038caf3b824538b4d8d5ecf913e3e35fc3
<REPO_ROOT>\apps\terminal-de-venta-system\products\pc\app\public\surface-visual-governor\dashboard\pilot-04\recipe-export\ultra-codex.index.json,<REPO_ROOT>\apps\terminal-de-venta-system\tools\prisma-surface-visual-governor\public-mirrors\pc\dashboard\pilot-04\recipe-export\ultra-codex.index.json,182924,fc2e678cbed96a9d0f78cd52800fd0a56aeb1bb19e69a4f365b1b42de988871f
<REPO_ROOT>\apps\terminal-de-venta-system\products\pc\app\public\surface-visual-governor\dashboard\pilot-04\recipe-export\visual.recipe.json,<REPO_ROOT>\apps\terminal-de-venta-system\tools\prisma-surface-visual-governor\public-mirrors\pc\dashboard\pilot-04\recipe-export\visual.recipe.json,49153,4cf134f52f4490e803bb6d71868137ba4b12631631551678674a0671b2722556
<REPO_ROOT>\apps\terminal-de-venta-system\products\pc\app\public\surface-visual-governor\dashboard\pilot-04\atmosphere-assets\backgrounds\aurora-slate-veil.svg,<REPO_ROOT>\apps\terminal-de-venta-system\tools\prisma-surface-visual-governor\public-mirrors\pc\dashboard\pilot-04\atmosphere-assets\backgrounds\aurora-slate-veil.svg,1191,7eacb0164fe1c392c9dcb71a0e08ac184ce6b5698e841b7f201577c6656898be
<REPO_ROOT>\apps\terminal-de-venta-system\products\pc\app\public\surface-visual-governor\dashboard\pilot-04\atmosphere-assets\backgrounds\liquid-operations-smoke.svg,<REPO_ROOT>\apps\terminal-de-venta-system\tools\prisma-surface-visual-governor\public-mirrors\pc\dashboard\pilot-04\atmosphere-assets\backgrounds\liquid-operations-smoke.svg,2520,6ddc58de617baef084ab591d6d778bce59a7e96ab67d348a37a31309aa74824a
<REPO_ROOT>\apps\terminal-de-venta-system\products\pc\app\public\surface-visual-governor\dashboard\pilot-04\atmosphere-assets\backgrounds\liquid-operations-ui-reference.png,<REPO_ROOT>\apps\terminal-de-venta-system\tools\prisma-surface-visual-governor\public-mirrors\pc\dashboard\pilot-04\atmosphere-assets\backgrounds\liquid-operations-ui-reference.png,2918510,ba047f42db7038f9930a9473b73cffb9fe54fcd10c2b8e4382bce65f63d9171c
<REPO_ROOT>\apps\terminal-de-venta-system\products\pc\app\public\surface-visual-governor\dashboard\pilot-04\atmosphere-assets\backgrounds\obsidian-cloud-motion.svg,<REPO_ROOT>\apps\terminal-de-venta-system\tools\prisma-surface-visual-governor\public-mirrors\pc\dashboard\pilot-04\atmosphere-assets\backgrounds\obsidian-cloud-motion.svg,959,6ab40acf7fa6360d5dd65346b6046490f93d4072d37a519ec01d7a61795f9a5a
<REPO_ROOT>\apps\terminal-de-venta-system\products\pc\app\public\surface-visual-governor\dashboard\pilot-04\atmosphere-assets\backgrounds\storm-cloud-operations-real.jpg,<REPO_ROOT>\apps\terminal-de-venta-system\tools\prisma-surface-visual-governor\public-mirrors\pc\dashboard\pilot-04\atmosphere-assets\backgrounds\storm-cloud-operations-real.jpg,173999,9245d5f589df75a53a2e3509a5a5971ea14d2fe9366cde1e083586e917c35219
<REPO_ROOT>\apps\terminal-de-venta-system\products\pc\app\public\surface-visual-governor\dashboard\pilot-04\atmosphere-assets\backgrounds\storm-glass-horizon.svg,<REPO_ROOT>\apps\terminal-de-venta-system\tools\prisma-surface-visual-governor\public-mirrors\pc\dashboard\pilot-04\atmosphere-assets\backgrounds\storm-glass-horizon.svg,1286,89ce674e6d9a4f9474330b7b008e930b5e8eec2d7bc15cb94ea47e0a93dcf951
<REPO_ROOT>\apps\terminal-de-venta-system\products\pc\app\public\surface-visual-governor\dashboard\pilot-04\atmosphere-assets\backgrounds\tablet-soft-gray-clouds.svg,<REPO_ROOT>\apps\terminal-de-venta-system\tools\prisma-surface-visual-governor\public-mirrors\pc\dashboard\pilot-04\atmosphere-assets\backgrounds\tablet-soft-gray-clouds.svg,1335,ee21f92cb8004b1716aebe89f48272e5ed5ded32b11d66d9b04e0eb08c8ed7ba
<REPO_ROOT>\apps\terminal-de-venta-system\products\pc\app\public\surface-visual-governor\dashboard\latest\recipe-export\background.recipe.json,<REPO_ROOT>\apps\terminal-de-venta-system\tools\prisma-surface-visual-governor\public-mirrors\pc\dashboard\latest\recipe-export\background.recipe.json,41636,142bc802e6a8ec4c48f3f41a1ca0736ad14fe5554e01a41dd4c57be64345b60b
<REPO_ROOT>\apps\terminal-de-venta-system\products\pc\app\public\surface-visual-governor\dashboard\latest\recipe-export\chart.recipe.json,<REPO_ROOT>\apps\terminal-de-venta-system\tools\prisma-surface-visual-governor\public-mirrors\pc\dashboard\latest\recipe-export\chart.recipe.json,15232,e903c171d1b2eefa5c68b950c679d6a6810e6152874c2b1ad68ca347b3c0c430
<REPO_ROOT>\apps\terminal-de-venta-system\products\pc\app\public\surface-visual-governor\dashboard\latest\recipe-export\index.json,<REPO_ROOT>\apps\terminal-de-venta-system\tools\prisma-surface-visual-governor\public-mirrors\pc\dashboard\latest\recipe-export\index.json,13686,ef0f2bd5f1b9a341efcdd3ebd15cc08beb05d0ec38bfa60958b94370dc17a360
<REPO_ROOT>\apps\terminal-de-venta-system\products\pc\app\public\surface-visual-governor\dashboard\latest\recipe-export\motion.recipe.json,<REPO_ROOT>\apps\terminal-de-venta-system\tools\prisma-surface-visual-governor\public-mirrors\pc\dashboard\latest\recipe-export\motion.recipe.json,20929,708a6205b2c2f320ff5c3100e71bfcb195c75c36ef71fb4326e18ba649e51a10
<REPO_ROOT>\apps\terminal-de-venta-system\products\pc\app\public\surface-visual-governor\dashboard\latest\recipe-export\surface.compatibility.json,<REPO_ROOT>\apps\terminal-de-venta-system\tools\prisma-surface-visual-governor\public-mirrors\pc\dashboard\latest\recipe-export\surface.compatibility.json,15156,b31b35089eb47582cac70badef6855038caf3b824538b4d8d5ecf913e3e35fc3
<REPO_ROOT>\apps\terminal-de-venta-system\products\pc\app\public\surface-visual-governor\dashboard\latest\recipe-export\ultra-codex.index.json,<REPO_ROOT>\apps\terminal-de-venta-system\tools\prisma-surface-visual-governor\public-mirrors\pc\dashboard\latest\recipe-export\ultra-codex.index.json,182924,fc2e678cbed96a9d0f78cd52800fd0a56aeb1bb19e69a4f365b1b42de988871f
<REPO_ROOT>\apps\terminal-de-venta-system\products\pc\app\public\surface-visual-governor\dashboard\latest\recipe-export\visual.recipe.json,<REPO_ROOT>\apps\terminal-de-venta-system\tools\prisma-surface-visual-governor\public-mirrors\pc\dashboard\latest\recipe-export\visual.recipe.json,49153,4cf134f52f4490e803bb6d71868137ba4b12631631551678674a0671b2722556
<REPO_ROOT>\apps\terminal-de-venta-system\products\pc\app\public\surface-visual-governor\dashboard\latest\atmosphere-assets\backgrounds\aurora-slate-veil.svg,<REPO_ROOT>\apps\terminal-de-venta-system\tools\prisma-surface-visual-governor\public-mirrors\pc\dashboard\latest\atmosphere-assets\backgrounds\aurora-slate-veil.svg,1191,7eacb0164fe1c392c9dcb71a0e08ac184ce6b5698e841b7f201577c6656898be
<REPO_ROOT>\apps\terminal-de-venta-system\products\pc\app\public\surface-visual-governor\dashboard\latest\atmosphere-assets\backgrounds\liquid-operations-smoke.svg,<REPO_ROOT>\apps\terminal-de-venta-system\tools\prisma-surface-visual-governor\public-mirrors\pc\dashboard\latest\atmosphere-assets\backgrounds\liquid-operations-smoke.svg,2520,6ddc58de617baef084ab591d6d778bce59a7e96ab67d348a37a31309aa74824a
<REPO_ROOT>\apps\terminal-de-venta-system\products\pc\app\public\surface-visual-governor\dashboard\latest\atmosphere-assets\backgrounds\liquid-operations-ui-reference.png,<REPO_ROOT>\apps\terminal-de-venta-system\tools\prisma-surface-visual-governor\public-mirrors\pc\dashboard\latest\atmosphere-assets\backgrounds\liquid-operations-ui-reference.png,2918510,ba047f42db7038f9930a9473b73cffb9fe54fcd10c2b8e4382bce65f63d9171c
<REPO_ROOT>\apps\terminal-de-venta-system\products\pc\app\public\surface-visual-governor\dashboard\latest\atmosphere-assets\backgrounds\obsidian-cloud-motion.svg,<REPO_ROOT>\apps\terminal-de-venta-system\tools\prisma-surface-visual-governor\public-mirrors\pc\dashboard\latest\atmosphere-assets\backgrounds\obsidian-cloud-motion.svg,959,6ab40acf7fa6360d5dd65346b6046490f93d4072d37a519ec01d7a61795f9a5a
<REPO_ROOT>\apps\terminal-de-venta-system\products\pc\app\public\surface-visual-governor\dashboard\latest\atmosphere-assets\backgrounds\storm-cloud-operations-real.jpg,<REPO_ROOT>\apps\terminal-de-venta-system\tools\prisma-surface-visual-governor\public-mirrors\pc\dashboard\latest\atmosphere-assets\backgrounds\storm-cloud-operations-real.jpg,173999,9245d5f589df75a53a2e3509a5a5971ea14d2fe9366cde1e083586e917c35219
<REPO_ROOT>\apps\terminal-de-venta-system\products\pc\app\public\surface-visual-governor\dashboard\latest\atmosphere-assets\backgrounds\storm-glass-horizon.svg,<REPO_ROOT>\apps\terminal-de-venta-system\tools\prisma-surface-visual-governor\public-mirrors\pc\dashboard\latest\atmosphere-assets\backgrounds\storm-glass-horizon.svg,1286,89ce674e6d9a4f9474330b7b008e930b5e8eec2d7bc15cb94ea47e0a93dcf951
<REPO_ROOT>\apps\terminal-de-venta-system\products\pc\app\public\surface-visual-governor\dashboard\latest\atmosphere-assets\backgrounds\tablet-soft-gray-clouds.svg,<REPO_ROOT>\apps\terminal-de-venta-system\tools\prisma-surface-visual-governor\public-mirrors\pc\dashboard\latest\atmosphere-assets\backgrounds\tablet-soft-gray-clouds.svg,1335,ee21f92cb8004b1716aebe89f48272e5ed5ded32b11d66d9b04e0eb08c8ed7ba
<REPO_ROOT>\apps\terminal-de-venta-system\products\pc\app\src\prisma-surface-governor\surface-runtime-adapter.ts,<REPO_ROOT>\apps\terminal-de-venta-system\tools\prisma-surface-visual-governor\contracts\runtime-adapters\pc\surface-runtime-adapter.ts,1737,6723df5377f2144d9343160cd5fc737f3de4e71cd79ade1df1cef84228db632f
<REPO_ROOT>\apps\terminal-de-venta-system\products\pc\app\scripts\verify-surface-visual-governor-pilot03.mjs,<REPO_ROOT>\apps\terminal-de-venta-system\tools\prisma-surface-visual-governor\scripts\original-verifiers\pc\verify-surface-visual-governor-pilot03.mjs,5109,506aaac65ba2567186246a0a164a59077da9d9b77319e6c05fbe33b8aed80e54
<REPO_ROOT>\apps\terminal-de-venta-system\products\pc\app\scripts\verify-surface-visual-governor-pilot04.mjs,<REPO_ROOT>\apps\terminal-de-venta-system\tools\prisma-surface-visual-governor\scripts\original-verifiers\pc\verify-surface-visual-governor-pilot04.mjs,4722,797f5f60afb1e75d1bc958ef87ebebd174d74ff89efe02d94710a00a10f40614
<REPO_ROOT>\apps\terminal-de-venta-system\products\tablet\app\docs\surface-visual-governor\pilot-05-tablet-light-shell.md,<REPO_ROOT>\apps\terminal-de-venta-system\tools\prisma-surface-visual-governor\docs\app-docs\tablet\pilot-05-tablet-light-shell.md,974,3b63b5d68e753267903774a429d1a8b863cf15c1fb5839aaf6f4f797657d4295
<REPO_ROOT>\apps\terminal-de-venta-system\products\tablet\app\docs\surface-visual-governor\pilot-06-pos-final-gate-audit.md,<REPO_ROOT>\apps\terminal-de-venta-system\tools\prisma-surface-visual-governor\docs\app-docs\tablet\pilot-06-pos-final-gate-audit.md,710,de98af5449d948e761a1fb445aeab3a64bfa98b07ff13a50a0d376c2cd8e035e
<REPO_ROOT>\apps\terminal-de-venta-system\products\tablet\app\docs\surface-visual-governor\pilot-07-pos-light-safe-shell.md,<REPO_ROOT>\apps\terminal-de-venta-system\tools\prisma-surface-visual-governor\docs\app-docs\tablet\pilot-07-pos-light-safe-shell.md,144,9ff0b47153227862727a9c98072da2aeb01ed9c4ef3ecc034c3edbe542a4936e
<REPO_ROOT>\apps\terminal-de-venta-system\products\tablet\app\docs\surface-visual-governor\pilot-08-checkout-light-safe-shell.md,<REPO_ROOT>\apps\terminal-de-venta-system\tools\prisma-surface-visual-governor\docs\app-docs\tablet\pilot-08-checkout-light-safe-shell.md,161,297fe07201e7f5afef175712bccea7bb627eb356d27e7c8f7154ac6602a310b3
<REPO_ROOT>\apps\terminal-de-venta-system\products\tablet\app\public\surface-visual-governor\tablet-light-shell\latest\index.json,<REPO_ROOT>\apps\terminal-de-venta-system\tools\prisma-surface-visual-governor\public-mirrors\tablet\tablet-light-shell\latest\index.json,961,51acefb2510f5eab0af1f1ddb82181be512207d386f21abf82cddda63e321465
<REPO_ROOT>\apps\terminal-de-venta-system\products\tablet\app\public\surface-visual-governor\tablet-light-shell\latest\materiality-catalog.pointer.json,<REPO_ROOT>\apps\terminal-de-venta-system\tools\prisma-surface-visual-governor\public-mirrors\tablet\tablet-light-shell\latest\materiality-catalog.pointer.json,340,4e4ce62f06e3d8b56bd507f28f7e718470d3b0ec4c06d14fd8a294ad04956664
<REPO_ROOT>\apps\terminal-de-venta-system\products\tablet\app\public\surface-visual-governor\tablet-light-shell\latest\README.md,<REPO_ROOT>\apps\terminal-de-venta-system\tools\prisma-surface-visual-governor\public-mirrors\tablet\tablet-light-shell\latest\README.md,285,1a30c3f51c1573d61f0f00dac0286d99ed75543764105a8cbdab25e9d994c7db
<REPO_ROOT>\apps\terminal-de-venta-system\products\tablet\app\public\surface-visual-governor\tablet-light-shell\latest\route-budget.tablet-light-shell.pilot-05.json,<REPO_ROOT>\apps\terminal-de-venta-system\tools\prisma-surface-visual-governor\public-mirrors\tablet\tablet-light-shell\latest\route-budget.tablet-light-shell.pilot-05.json,992,51801600d2e636bcea8981c3fe38a2e2a5a8b3970e782dcd34a9e0a750da808d
<REPO_ROOT>\apps\terminal-de-venta-system\products\tablet\app\public\surface-visual-governor\tablet-light-shell\latest\surface-twin.tablet-light-shell.json,<REPO_ROOT>\apps\terminal-de-venta-system\tools\prisma-surface-visual-governor\public-mirrors\tablet\tablet-light-shell\latest\surface-twin.tablet-light-shell.json,578,db43b1d13ace43a21fd56bf9f114b07f4f65baa1a84009a8a9d9a89e4578f61c
<REPO_ROOT>\apps\terminal-de-venta-system\products\tablet\app\public\surface-visual-governor\tablet-light-shell\latest\surface.compatibility.tablet-light-shell.json,<REPO_ROOT>\apps\terminal-de-venta-system\tools\prisma-surface-visual-governor\public-mirrors\tablet\tablet-light-shell\latest\surface.compatibility.tablet-light-shell.json,968,1db4c1fb8de95ae4a5e61e070dc0f8cac229459e5bc3bab85fa68ed302ba73d1
<REPO_ROOT>\apps\terminal-de-venta-system\products\tablet\app\public\surface-visual-governor\tablet-light-shell\latest\tablet-light-shell.tokens.json,<REPO_ROOT>\apps\terminal-de-venta-system\tools\prisma-surface-visual-governor\public-mirrors\tablet\tablet-light-shell\latest\tablet-light-shell.tokens.json,559,e4ac55eaaf2333f4ba045f6362af6941e859740a705cf3428b1aa9ae793b0e95
<REPO_ROOT>\apps\terminal-de-venta-system\products\tablet\app\public\surface-visual-governor\tablet-light-shell\pilot-05\index.json,<REPO_ROOT>\apps\terminal-de-venta-system\tools\prisma-surface-visual-governor\public-mirrors\tablet\tablet-light-shell\pilot-05\index.json,961,51acefb2510f5eab0af1f1ddb82181be512207d386f21abf82cddda63e321465
<REPO_ROOT>\apps\terminal-de-venta-system\products\tablet\app\public\surface-visual-governor\tablet-light-shell\pilot-05\materiality-catalog.pointer.json,<REPO_ROOT>\apps\terminal-de-venta-system\tools\prisma-surface-visual-governor\public-mirrors\tablet\tablet-light-shell\pilot-05\materiality-catalog.pointer.json,340,4e4ce62f06e3d8b56bd507f28f7e718470d3b0ec4c06d14fd8a294ad04956664
<REPO_ROOT>\apps\terminal-de-venta-system\products\tablet\app\public\surface-visual-governor\tablet-light-shell\pilot-05\README.md,<REPO_ROOT>\apps\terminal-de-venta-system\tools\prisma-surface-visual-governor\public-mirrors\tablet\tablet-light-shell\pilot-05\README.md,285,1a30c3f51c1573d61f0f00dac0286d99ed75543764105a8cbdab25e9d994c7db
<REPO_ROOT>\apps\terminal-de-venta-system\products\tablet\app\public\surface-visual-governor\tablet-light-shell\pilot-05\route-budget.tablet-light-shell.pilot-05.json,<REPO_ROOT>\apps\terminal-de-venta-system\tools\prisma-surface-visual-governor\public-mirrors\tablet\tablet-light-shell\pilot-05\route-budget.tablet-light-shell.pilot-05.json,992,51801600d2e636bcea8981c3fe38a2e2a5a8b3970e782dcd34a9e0a750da808d
<REPO_ROOT>\apps\terminal-de-venta-system\products\tablet\app\public\surface-visual-governor\tablet-light-shell\pilot-05\surface-twin.tablet-light-shell.json,<REPO_ROOT>\apps\terminal-de-venta-system\tools\prisma-surface-visual-governor\public-mirrors\tablet\tablet-light-shell\pilot-05\surface-twin.tablet-light-shell.json,578,db43b1d13ace43a21fd56bf9f114b07f4f65baa1a84009a8a9d9a89e4578f61c
<REPO_ROOT>\apps\terminal-de-venta-system\products\tablet\app\public\surface-visual-governor\tablet-light-shell\pilot-05\surface.compatibility.tablet-light-shell.json,<REPO_ROOT>\apps\terminal-de-venta-system\tools\prisma-surface-visual-governor\public-mirrors\tablet\tablet-light-shell\pilot-05\surface.compatibility.tablet-light-shell.json,968,1db4c1fb8de95ae4a5e61e070dc0f8cac229459e5bc3bab85fa68ed302ba73d1
<REPO_ROOT>\apps\terminal-de-venta-system\products\tablet\app\public\surface-visual-governor\tablet-light-shell\pilot-05\tablet-light-shell.tokens.json,<REPO_ROOT>\apps\terminal-de-venta-system\tools\prisma-surface-visual-governor\public-mirrors\tablet\tablet-light-shell\pilot-05\tablet-light-shell.tokens.json,559,e4ac55eaaf2333f4ba045f6362af6941e859740a705cf3428b1aa9ae793b0e95
<REPO_ROOT>\apps\terminal-de-venta-system\products\tablet\app\public\surface-visual-governor\tablet-light-shell\pilot-05\recipe-export\background.recipe.json,<REPO_ROOT>\apps\terminal-de-venta-system\tools\prisma-surface-visual-governor\public-mirrors\tablet\tablet-light-shell\pilot-05\recipe-export\background.recipe.json,41636,142bc802e6a8ec4c48f3f41a1ca0736ad14fe5554e01a41dd4c57be64345b60b
<REPO_ROOT>\apps\terminal-de-venta-system\products\tablet\app\public\surface-visual-governor\tablet-light-shell\pilot-05\recipe-export\chart.recipe.json,<REPO_ROOT>\apps\terminal-de-venta-system\tools\prisma-surface-visual-governor\public-mirrors\tablet\tablet-light-shell\pilot-05\recipe-export\chart.recipe.json,15232,e903c171d1b2eefa5c68b950c679d6a6810e6152874c2b1ad68ca347b3c0c430
<REPO_ROOT>\apps\terminal-de-venta-system\products\tablet\app\public\surface-visual-governor\tablet-light-shell\pilot-05\recipe-export\index.json,<REPO_ROOT>\apps\terminal-de-venta-system\tools\prisma-surface-visual-governor\public-mirrors\tablet\tablet-light-shell\pilot-05\recipe-export\index.json,13686,ef0f2bd5f1b9a341efcdd3ebd15cc08beb05d0ec38bfa60958b94370dc17a360
<REPO_ROOT>\apps\terminal-de-venta-system\products\tablet\app\public\surface-visual-governor\tablet-light-shell\pilot-05\recipe-export\motion.recipe.json,<REPO_ROOT>\apps\terminal-de-venta-system\tools\prisma-surface-visual-governor\public-mirrors\tablet\tablet-light-shell\pilot-05\recipe-export\motion.recipe.json,20929,708a6205b2c2f320ff5c3100e71bfcb195c75c36ef71fb4326e18ba649e51a10
<REPO_ROOT>\apps\terminal-de-venta-system\products\tablet\app\public\surface-visual-governor\tablet-light-shell\pilot-05\recipe-export\surface.compatibility.json,<REPO_ROOT>\apps\terminal-de-venta-system\tools\prisma-surface-visual-governor\public-mirrors\tablet\tablet-light-shell\pilot-05\recipe-export\surface.compatibility.json,15156,b31b35089eb47582cac70badef6855038caf3b824538b4d8d5ecf913e3e35fc3
<REPO_ROOT>\apps\terminal-de-venta-system\products\tablet\app\public\surface-visual-governor\tablet-light-shell\pilot-05\recipe-export\ultra-codex.index.json,<REPO_ROOT>\apps\terminal-de-venta-system\tools\prisma-surface-visual-governor\public-mirrors\tablet\tablet-light-shell\pilot-05\recipe-export\ultra-codex.index.json,182924,fc2e678cbed96a9d0f78cd52800fd0a56aeb1bb19e69a4f365b1b42de988871f
<REPO_ROOT>\apps\terminal-de-venta-system\products\tablet\app\public\surface-visual-governor\tablet-light-shell\pilot-05\recipe-export\visual.recipe.json,<REPO_ROOT>\apps\terminal-de-venta-system\tools\prisma-surface-visual-governor\public-mirrors\tablet\tablet-light-shell\pilot-05\recipe-export\visual.recipe.json,49153,4cf134f52f4490e803bb6d71868137ba4b12631631551678674a0671b2722556
<REPO_ROOT>\apps\terminal-de-venta-system\products\tablet\app\public\surface-visual-governor\tablet-light-shell\pilot-05\atmosphere-assets\backgrounds\aurora-slate-veil.svg,<REPO_ROOT>\apps\terminal-de-venta-system\tools\prisma-surface-visual-governor\public-mirrors\tablet\tablet-light-shell\pilot-05\atmosphere-assets\backgrounds\aurora-slate-veil.svg,1191,7eacb0164fe1c392c9dcb71a0e08ac184ce6b5698e841b7f201577c6656898be
<REPO_ROOT>\apps\terminal-de-venta-system\products\tablet\app\public\surface-visual-governor\tablet-light-shell\pilot-05\atmosphere-assets\backgrounds\liquid-operations-smoke.svg,<REPO_ROOT>\apps\terminal-de-venta-system\tools\prisma-surface-visual-governor\public-mirrors\tablet\tablet-light-shell\pilot-05\atmosphere-assets\backgrounds\liquid-operations-smoke.svg,2520,6ddc58de617baef084ab591d6d778bce59a7e96ab67d348a37a31309aa74824a
<REPO_ROOT>\apps\terminal-de-venta-system\products\tablet\app\public\surface-visual-governor\tablet-light-shell\pilot-05\atmosphere-assets\backgrounds\liquid-operations-ui-reference.png,<REPO_ROOT>\apps\terminal-de-venta-system\tools\prisma-surface-visual-governor\public-mirrors\tablet\tablet-light-shell\pilot-05\atmosphere-assets\backgrounds\liquid-operations-ui-reference.png,2918510,ba047f42db7038f9930a9473b73cffb9fe54fcd10c2b8e4382bce65f63d9171c
<REPO_ROOT>\apps\terminal-de-venta-system\products\tablet\app\public\surface-visual-governor\tablet-light-shell\pilot-05\atmosphere-assets\backgrounds\obsidian-cloud-motion.svg,<REPO_ROOT>\apps\terminal-de-venta-system\tools\prisma-surface-visual-governor\public-mirrors\tablet\tablet-light-shell\pilot-05\atmosphere-assets\backgrounds\obsidian-cloud-motion.svg,959,6ab40acf7fa6360d5dd65346b6046490f93d4072d37a519ec01d7a61795f9a5a
<REPO_ROOT>\apps\terminal-de-venta-system\products\tablet\app\public\surface-visual-governor\tablet-light-shell\pilot-05\atmosphere-assets\backgrounds\storm-cloud-operations-real.jpg,<REPO_ROOT>\apps\terminal-de-venta-system\tools\prisma-surface-visual-governor\public-mirrors\tablet\tablet-light-shell\pilot-05\atmosphere-assets\backgrounds\storm-cloud-operations-real.jpg,173999,9245d5f589df75a53a2e3509a5a5971ea14d2fe9366cde1e083586e917c35219
<REPO_ROOT>\apps\terminal-de-venta-system\products\tablet\app\public\surface-visual-governor\tablet-light-shell\pilot-05\atmosphere-assets\backgrounds\storm-glass-horizon.svg,<REPO_ROOT>\apps\terminal-de-venta-system\tools\prisma-surface-visual-governor\public-mirrors\tablet\tablet-light-shell\pilot-05\atmosphere-assets\backgrounds\storm-glass-horizon.svg,1286,89ce674e6d9a4f9474330b7b008e930b5e8eec2d7bc15cb94ea47e0a93dcf951
<REPO_ROOT>\apps\terminal-de-venta-system\products\tablet\app\public\surface-visual-governor\tablet-light-shell\pilot-05\atmosphere-assets\backgrounds\tablet-soft-gray-clouds.svg,<REPO_ROOT>\apps\terminal-de-venta-system\tools\prisma-surface-visual-governor\public-mirrors\tablet\tablet-light-shell\pilot-05\atmosphere-assets\backgrounds\tablet-soft-gray-clouds.svg,1335,ee21f92cb8004b1716aebe89f48272e5ed5ded32b11d66d9b04e0eb08c8ed7ba
<REPO_ROOT>\apps\terminal-de-venta-system\products\tablet\app\public\surface-visual-governor\tablet-light-shell\latest\recipe-export\background.recipe.json,<REPO_ROOT>\apps\terminal-de-venta-system\tools\prisma-surface-visual-governor\public-mirrors\tablet\tablet-light-shell\latest\recipe-export\background.recipe.json,41636,142bc802e6a8ec4c48f3f41a1ca0736ad14fe5554e01a41dd4c57be64345b60b
<REPO_ROOT>\apps\terminal-de-venta-system\products\tablet\app\public\surface-visual-governor\tablet-light-shell\latest\recipe-export\chart.recipe.json,<REPO_ROOT>\apps\terminal-de-venta-system\tools\prisma-surface-visual-governor\public-mirrors\tablet\tablet-light-shell\latest\recipe-export\chart.recipe.json,15232,e903c171d1b2eefa5c68b950c679d6a6810e6152874c2b1ad68ca347b3c0c430
<REPO_ROOT>\apps\terminal-de-venta-system\products\tablet\app\public\surface-visual-governor\tablet-light-shell\latest\recipe-export\index.json,<REPO_ROOT>\apps\terminal-de-venta-system\tools\prisma-surface-visual-governor\public-mirrors\tablet\tablet-light-shell\latest\recipe-export\index.json,13686,ef0f2bd5f1b9a341efcdd3ebd15cc08beb05d0ec38bfa60958b94370dc17a360
<REPO_ROOT>\apps\terminal-de-venta-system\products\tablet\app\public\surface-visual-governor\tablet-light-shell\latest\recipe-export\motion.recipe.json,<REPO_ROOT>\apps\terminal-de-venta-system\tools\prisma-surface-visual-governor\public-mirrors\tablet\tablet-light-shell\latest\recipe-export\motion.recipe.json,20929,708a6205b2c2f320ff5c3100e71bfcb195c75c36ef71fb4326e18ba649e51a10
<REPO_ROOT>\apps\terminal-de-venta-system\products\tablet\app\public\surface-visual-governor\tablet-light-shell\latest\recipe-export\surface.compatibility.json,<REPO_ROOT>\apps\terminal-de-venta-system\tools\prisma-surface-visual-governor\public-mirrors\tablet\tablet-light-shell\latest\recipe-export\surface.compatibility.json,15156,b31b35089eb47582cac70badef6855038caf3b824538b4d8d5ecf913e3e35fc3
<REPO_ROOT>\apps\terminal-de-venta-system\products\tablet\app\public\surface-visual-governor\tablet-light-shell\latest\recipe-export\ultra-codex.index.json,<REPO_ROOT>\apps\terminal-de-venta-system\tools\prisma-surface-visual-governor\public-mirrors\tablet\tablet-light-shell\latest\recipe-export\ultra-codex.index.json,182924,fc2e678cbed96a9d0f78cd52800fd0a56aeb1bb19e69a4f365b1b42de988871f
<REPO_ROOT>\apps\terminal-de-venta-system\products\tablet\app\public\surface-visual-governor\tablet-light-shell\latest\recipe-export\visual.recipe.json,<REPO_ROOT>\apps\terminal-de-venta-system\tools\prisma-surface-visual-governor\public-mirrors\tablet\tablet-light-shell\latest\recipe-export\visual.recipe.json,49153,4cf134f52f4490e803bb6d71868137ba4b12631631551678674a0671b2722556
<REPO_ROOT>\apps\terminal-de-venta-system\products\tablet\app\public\surface-visual-governor\tablet-light-shell\latest\atmosphere-assets\backgrounds\aurora-slate-veil.svg,<REPO_ROOT>\apps\terminal-de-venta-system\tools\prisma-surface-visual-governor\public-mirrors\tablet\tablet-light-shell\latest\atmosphere-assets\backgrounds\aurora-slate-veil.svg,1191,7eacb0164fe1c392c9dcb71a0e08ac184ce6b5698e841b7f201577c6656898be
<REPO_ROOT>\apps\terminal-de-venta-system\products\tablet\app\public\surface-visual-governor\tablet-light-shell\latest\atmosphere-assets\backgrounds\liquid-operations-smoke.svg,<REPO_ROOT>\apps\terminal-de-venta-system\tools\prisma-surface-visual-governor\public-mirrors\tablet\tablet-light-shell\latest\atmosphere-assets\backgrounds\liquid-operations-smoke.svg,2520,6ddc58de617baef084ab591d6d778bce59a7e96ab67d348a37a31309aa74824a
<REPO_ROOT>\apps\terminal-de-venta-system\products\tablet\app\public\surface-visual-governor\tablet-light-shell\latest\atmosphere-assets\backgrounds\liquid-operations-ui-reference.png,<REPO_ROOT>\apps\terminal-de-venta-system\tools\prisma-surface-visual-governor\public-mirrors\tablet\tablet-light-shell\latest\atmosphere-assets\backgrounds\liquid-operations-ui-reference.png,2918510,ba047f42db7038f9930a9473b73cffb9fe54fcd10c2b8e4382bce65f63d9171c
<REPO_ROOT>\apps\terminal-de-venta-system\products\tablet\app\public\surface-visual-governor\tablet-light-shell\latest\atmosphere-assets\backgrounds\obsidian-cloud-motion.svg,<REPO_ROOT>\apps\terminal-de-venta-system\tools\prisma-surface-visual-governor\public-mirrors\tablet\tablet-light-shell\latest\atmosphere-assets\backgrounds\obsidian-cloud-motion.svg,959,6ab40acf7fa6360d5dd65346b6046490f93d4072d37a519ec01d7a61795f9a5a
<REPO_ROOT>\apps\terminal-de-venta-system\products\tablet\app\public\surface-visual-governor\tablet-light-shell\latest\atmosphere-assets\backgrounds\storm-cloud-operations-real.jpg,<REPO_ROOT>\apps\terminal-de-venta-system\tools\prisma-surface-visual-governor\public-mirrors\tablet\tablet-light-shell\latest\atmosphere-assets\backgrounds\storm-cloud-operations-real.jpg,173999,9245d5f589df75a53a2e3509a5a5971ea14d2fe9366cde1e083586e917c35219
<REPO_ROOT>\apps\terminal-de-venta-system\products\tablet\app\public\surface-visual-governor\tablet-light-shell\latest\atmosphere-assets\backgrounds\storm-glass-horizon.svg,<REPO_ROOT>\apps\terminal-de-venta-system\tools\prisma-surface-visual-governor\public-mirrors\tablet\tablet-light-shell\latest\atmosphere-assets\backgrounds\storm-glass-horizon.svg,1286,89ce674e6d9a4f9474330b7b008e930b5e8eec2d7bc15cb94ea47e0a93dcf951
<REPO_ROOT>\apps\terminal-de-venta-system\products\tablet\app\public\surface-visual-governor\tablet-light-shell\latest\atmosphere-assets\backgrounds\tablet-soft-gray-clouds.svg,<REPO_ROOT>\apps\terminal-de-venta-system\tools\prisma-surface-visual-governor\public-mirrors\tablet\tablet-light-shell\latest\atmosphere-assets\backgrounds\tablet-soft-gray-clouds.svg,1335,ee21f92cb8004b1716aebe89f48272e5ed5ded32b11d66d9b04e0eb08c8ed7ba
<REPO_ROOT>\apps\terminal-de-venta-system\products\tablet\app\public\surface-visual-governor\runtime-adapter\latest\index.json,<REPO_ROOT>\apps\terminal-de-venta-system\tools\prisma-surface-visual-governor\public-mirrors\tablet\runtime-adapter\latest\index.json,973,d0cc7eab2a2cedf51274ba6238368d75bd353719da9d203096a47a7316b35a3c
<REPO_ROOT>\apps\terminal-de-venta-system\products\tablet\app\public\surface-visual-governor\runtime-adapter\pilot-17\index.json,<REPO_ROOT>\apps\terminal-de-venta-system\tools\prisma-surface-visual-governor\public-mirrors\tablet\runtime-adapter\pilot-17\index.json,973,d0cc7eab2a2cedf51274ba6238368d75bd353719da9d203096a47a7316b35a3c
<REPO_ROOT>\apps\terminal-de-venta-system\products\tablet\app\public\surface-visual-governor\pos-light-safe-shell\latest\index.json,<REPO_ROOT>\apps\terminal-de-venta-system\tools\prisma-surface-visual-governor\public-mirrors\tablet\pos-light-safe-shell\latest\index.json,1711,3c3138d4f81e0ad644c7363407f0a1229a3bc4143edadb387748f6fc40efee99
<REPO_ROOT>\apps\terminal-de-venta-system\products\tablet\app\public\surface-visual-governor\pos-light-safe-shell\latest\README.md,<REPO_ROOT>\apps\terminal-de-venta-system\tools\prisma-surface-visual-governor\public-mirrors\tablet\pos-light-safe-shell\latest\README.md,130,8795687ca79169524015496f4da20b6ebe22d43315a8bf934b55acbb7c52c47a
<REPO_ROOT>\apps\terminal-de-venta-system\products\tablet\app\public\surface-visual-governor\pos-light-safe-shell\latest\route.pos-light-safe-shell.pilot-07.json,<REPO_ROOT>\apps\terminal-de-venta-system\tools\prisma-surface-visual-governor\public-mirrors\tablet\pos-light-safe-shell\latest\route.pos-light-safe-shell.pilot-07.json,548,ffdb40a6bf3b754b669785b01734e040015046ac5c2b3a34f95d9ad77021da35
<REPO_ROOT>\apps\terminal-de-venta-system\products\tablet\app\public\surface-visual-governor\pos-light-safe-shell\latest\surface.compatibility.pos-light-safe.json,<REPO_ROOT>\apps\terminal-de-venta-system\tools\prisma-surface-visual-governor\public-mirrors\tablet\pos-light-safe-shell\latest\surface.compatibility.pos-light-safe.json,609,5b910db620a6ebd191e769dc42b1f7397e548f5766331638652a9e67df5bbaf5
<REPO_ROOT>\apps\terminal-de-venta-system\products\tablet\app\public\surface-visual-governor\pos-light-safe-shell\pilot-07\index.json,<REPO_ROOT>\apps\terminal-de-venta-system\tools\prisma-surface-visual-governor\public-mirrors\tablet\pos-light-safe-shell\pilot-07\index.json,1711,3c3138d4f81e0ad644c7363407f0a1229a3bc4143edadb387748f6fc40efee99
<REPO_ROOT>\apps\terminal-de-venta-system\products\tablet\app\public\surface-visual-governor\pos-light-safe-shell\pilot-07\README.md,<REPO_ROOT>\apps\terminal-de-venta-system\tools\prisma-surface-visual-governor\public-mirrors\tablet\pos-light-safe-shell\pilot-07\README.md,130,8795687ca79169524015496f4da20b6ebe22d43315a8bf934b55acbb7c52c47a
<REPO_ROOT>\apps\terminal-de-venta-system\products\tablet\app\public\surface-visual-governor\pos-light-safe-shell\pilot-07\route.pos-light-safe-shell.pilot-07.json,<REPO_ROOT>\apps\terminal-de-venta-system\tools\prisma-surface-visual-governor\public-mirrors\tablet\pos-light-safe-shell\pilot-07\route.pos-light-safe-shell.pilot-07.json,548,ffdb40a6bf3b754b669785b01734e040015046ac5c2b3a34f95d9ad77021da35
<REPO_ROOT>\apps\terminal-de-venta-system\products\tablet\app\public\surface-visual-governor\pos-light-safe-shell\pilot-07\surface.compatibility.pos-light-safe.json,<REPO_ROOT>\apps\terminal-de-venta-system\tools\prisma-surface-visual-governor\public-mirrors\tablet\pos-light-safe-shell\pilot-07\surface.compatibility.pos-light-safe.json,609,5b910db620a6ebd191e769dc42b1f7397e548f5766331638652a9e67df5bbaf5
<REPO_ROOT>\apps\terminal-de-venta-system\products\tablet\app\public\surface-visual-governor\pos-light-safe-shell\pilot-07\atmosphere-assets\backgrounds\aurora-slate-veil.svg,<REPO_ROOT>\apps\terminal-de-venta-system\tools\prisma-surface-visual-governor\public-mirrors\tablet\pos-light-safe-shell\pilot-07\atmosphere-assets\backgrounds\aurora-slate-veil.svg,1191,7eacb0164fe1c392c9dcb71a0e08ac184ce6b5698e841b7f201577c6656898be
<REPO_ROOT>\apps\terminal-de-venta-system\products\tablet\app\public\surface-visual-governor\pos-light-safe-shell\pilot-07\atmosphere-assets\backgrounds\liquid-operations-smoke.svg,<REPO_ROOT>\apps\terminal-de-venta-system\tools\prisma-surface-visual-governor\public-mirrors\tablet\pos-light-safe-shell\pilot-07\atmosphere-assets\backgrounds\liquid-operations-smoke.svg,2520,6ddc58de617baef084ab591d6d778bce59a7e96ab67d348a37a31309aa74824a
<REPO_ROOT>\apps\terminal-de-venta-system\products\tablet\app\public\surface-visual-governor\pos-light-safe-shell\pilot-07\atmosphere-assets\backgrounds\liquid-operations-ui-reference.png,<REPO_ROOT>\apps\terminal-de-venta-system\tools\prisma-surface-visual-governor\public-mirrors\tablet\pos-light-safe-shell\pilot-07\atmosphere-assets\backgrounds\liquid-operations-ui-reference.png,2918510,ba047f42db7038f9930a9473b73cffb9fe54fcd10c2b8e4382bce65f63d9171c
<REPO_ROOT>\apps\terminal-de-venta-system\products\tablet\app\public\surface-visual-governor\pos-light-safe-shell\pilot-07\atmosphere-assets\backgrounds\obsidian-cloud-motion.svg,<REPO_ROOT>\apps\terminal-de-venta-system\tools\prisma-surface-visual-governor\public-mirrors\tablet\pos-light-safe-shell\pilot-07\atmosphere-assets\backgrounds\obsidian-cloud-motion.svg,959,6ab40acf7fa6360d5dd65346b6046490f93d4072d37a519ec01d7a61795f9a5a
<REPO_ROOT>\apps\terminal-de-venta-system\products\tablet\app\public\surface-visual-governor\pos-light-safe-shell\pilot-07\atmosphere-assets\backgrounds\storm-cloud-operations-real.jpg,<REPO_ROOT>\apps\terminal-de-venta-system\tools\prisma-surface-visual-governor\public-mirrors\tablet\pos-light-safe-shell\pilot-07\atmosphere-assets\backgrounds\storm-cloud-operations-real.jpg,173999,9245d5f589df75a53a2e3509a5a5971ea14d2fe9366cde1e083586e917c35219
<REPO_ROOT>\apps\terminal-de-venta-system\products\tablet\app\public\surface-visual-governor\pos-light-safe-shell\pilot-07\atmosphere-assets\backgrounds\storm-glass-horizon.svg,<REPO_ROOT>\apps\terminal-de-venta-system\tools\prisma-surface-visual-governor\public-mirrors\tablet\pos-light-safe-shell\pilot-07\atmosphere-assets\backgrounds\storm-glass-horizon.svg,1286,89ce674e6d9a4f9474330b7b008e930b5e8eec2d7bc15cb94ea47e0a93dcf951
<REPO_ROOT>\apps\terminal-de-venta-system\products\tablet\app\public\surface-visual-governor\pos-light-safe-shell\pilot-07\atmosphere-assets\backgrounds\tablet-soft-gray-clouds.svg,<REPO_ROOT>\apps\terminal-de-venta-system\tools\prisma-surface-visual-governor\public-mirrors\tablet\pos-light-safe-shell\pilot-07\atmosphere-assets\backgrounds\tablet-soft-gray-clouds.svg,1335,ee21f92cb8004b1716aebe89f48272e5ed5ded32b11d66d9b04e0eb08c8ed7ba
<REPO_ROOT>\apps\terminal-de-venta-system\products\tablet\app\public\surface-visual-governor\pos-light-safe-shell\latest\atmosphere-assets\backgrounds\aurora-slate-veil.svg,<REPO_ROOT>\apps\terminal-de-venta-system\tools\prisma-surface-visual-governor\public-mirrors\tablet\pos-light-safe-shell\latest\atmosphere-assets\backgrounds\aurora-slate-veil.svg,1191,7eacb0164fe1c392c9dcb71a0e08ac184ce6b5698e841b7f201577c6656898be
<REPO_ROOT>\apps\terminal-de-venta-system\products\tablet\app\public\surface-visual-governor\pos-light-safe-shell\latest\atmosphere-assets\backgrounds\liquid-operations-smoke.svg,<REPO_ROOT>\apps\terminal-de-venta-system\tools\prisma-surface-visual-governor\public-mirrors\tablet\pos-light-safe-shell\latest\atmosphere-assets\backgrounds\liquid-operations-smoke.svg,2520,6ddc58de617baef084ab591d6d778bce59a7e96ab67d348a37a31309aa74824a
<REPO_ROOT>\apps\terminal-de-venta-system\products\tablet\app\public\surface-visual-governor\pos-light-safe-shell\latest\atmosphere-assets\backgrounds\liquid-operations-ui-reference.png,<REPO_ROOT>\apps\terminal-de-venta-system\tools\prisma-surface-visual-governor\public-mirrors\tablet\pos-light-safe-shell\latest\atmosphere-assets\backgrounds\liquid-operations-ui-reference.png,2918510,ba047f42db7038f9930a9473b73cffb9fe54fcd10c2b8e4382bce65f63d9171c
<REPO_ROOT>\apps\terminal-de-venta-system\products\tablet\app\public\surface-visual-governor\pos-light-safe-shell\latest\atmosphere-assets\backgrounds\obsidian-cloud-motion.svg,<REPO_ROOT>\apps\terminal-de-venta-system\tools\prisma-surface-visual-governor\public-mirrors\tablet\pos-light-safe-shell\latest\atmosphere-assets\backgrounds\obsidian-cloud-motion.svg,959,6ab40acf7fa6360d5dd65346b6046490f93d4072d37a519ec01d7a61795f9a5a
<REPO_ROOT>\apps\terminal-de-venta-system\products\tablet\app\public\surface-visual-governor\pos-light-safe-shell\latest\atmosphere-assets\backgrounds\storm-cloud-operations-real.jpg,<REPO_ROOT>\apps\terminal-de-venta-system\tools\prisma-surface-visual-governor\public-mirrors\tablet\pos-light-safe-shell\latest\atmosphere-assets\backgrounds\storm-cloud-operations-real.jpg,173999,9245d5f589df75a53a2e3509a5a5971ea14d2fe9366cde1e083586e917c35219
<REPO_ROOT>\apps\terminal-de-venta-system\products\tablet\app\public\surface-visual-governor\pos-light-safe-shell\latest\atmosphere-assets\backgrounds\storm-glass-horizon.svg,<REPO_ROOT>\apps\terminal-de-venta-system\tools\prisma-surface-visual-governor\public-mirrors\tablet\pos-light-safe-shell\latest\atmosphere-assets\backgrounds\storm-glass-horizon.svg,1286,89ce674e6d9a4f9474330b7b008e930b5e8eec2d7bc15cb94ea47e0a93dcf951
<REPO_ROOT>\apps\terminal-de-venta-system\products\tablet\app\public\surface-visual-governor\pos-light-safe-shell\latest\atmosphere-assets\backgrounds\tablet-soft-gray-clouds.svg,<REPO_ROOT>\apps\terminal-de-venta-system\tools\prisma-surface-visual-governor\public-mirrors\tablet\pos-light-safe-shell\latest\atmosphere-assets\backgrounds\tablet-soft-gray-clouds.svg,1335,ee21f92cb8004b1716aebe89f48272e5ed5ded32b11d66d9b04e0eb08c8ed7ba
<REPO_ROOT>\apps\terminal-de-venta-system\products\tablet\app\public\surface-visual-governor\pos-final-gate\latest\index.json,<REPO_ROOT>\apps\terminal-de-venta-system\tools\prisma-surface-visual-governor\public-mirrors\tablet\pos-final-gate\latest\index.json,8139,a83f67bdafd3cdcf8608c3e2ffaf7d05095cad08c103ff4cde3ad67e15b29635
<REPO_ROOT>\apps\terminal-de-venta-system\products\tablet\app\public\surface-visual-governor\pos-final-gate\latest\pos.compatibility.gate.json,<REPO_ROOT>\apps\terminal-de-venta-system\tools\prisma-surface-visual-governor\public-mirrors\tablet\pos-final-gate\latest\pos.compatibility.gate.json,1272,eac34d506c0ff3fc461af646840f58411ad1a57722a316a21979304dc11eadf1
<REPO_ROOT>\apps\terminal-de-venta-system\products\tablet\app\public\surface-visual-governor\pos-final-gate\latest\pos.visual-budget.json,<REPO_ROOT>\apps\terminal-de-venta-system\tools\prisma-surface-visual-governor\public-mirrors\tablet\pos-final-gate\latest\pos.visual-budget.json,998,d2df42ccea31c62905df7e5ae4b919adcd9d3b09a74df14b136313f02000be66
<REPO_ROOT>\apps\terminal-de-venta-system\products\tablet\app\public\surface-visual-governor\pos-final-gate\latest\README.md,<REPO_ROOT>\apps\terminal-de-venta-system\tools\prisma-surface-visual-governor\public-mirrors\tablet\pos-final-gate\latest\README.md,376,83ef4c89cdc6922f722b1b284300b30e61aa29bc1318e49a0ccfcd28980f4684
<REPO_ROOT>\apps\terminal-de-venta-system\products\tablet\app\public\surface-visual-governor\pos-final-gate\latest\surface-visual-governor.pilot-06.json,<REPO_ROOT>\apps\terminal-de-venta-system\tools\prisma-surface-visual-governor\public-mirrors\tablet\pos-final-gate\latest\surface-visual-governor.pilot-06.json,932,e670a97a665cc7fa8967cecc86ca28be10bbbb9307978945d86e950d9aa6e3ff
<REPO_ROOT>\apps\terminal-de-venta-system\products\tablet\app\public\surface-visual-governor\pos-final-gate\pilot-06\index.json,<REPO_ROOT>\apps\terminal-de-venta-system\tools\prisma-surface-visual-governor\public-mirrors\tablet\pos-final-gate\pilot-06\index.json,8139,a83f67bdafd3cdcf8608c3e2ffaf7d05095cad08c103ff4cde3ad67e15b29635
<REPO_ROOT>\apps\terminal-de-venta-system\products\tablet\app\public\surface-visual-governor\pos-final-gate\pilot-06\pos.compatibility.gate.json,<REPO_ROOT>\apps\terminal-de-venta-system\tools\prisma-surface-visual-governor\public-mirrors\tablet\pos-final-gate\pilot-06\pos.compatibility.gate.json,1272,eac34d506c0ff3fc461af646840f58411ad1a57722a316a21979304dc11eadf1
<REPO_ROOT>\apps\terminal-de-venta-system\products\tablet\app\public\surface-visual-governor\pos-final-gate\pilot-06\pos.visual-budget.json,<REPO_ROOT>\apps\terminal-de-venta-system\tools\prisma-surface-visual-governor\public-mirrors\tablet\pos-final-gate\pilot-06\pos.visual-budget.json,998,d2df42ccea31c62905df7e5ae4b919adcd9d3b09a74df14b136313f02000be66
<REPO_ROOT>\apps\terminal-de-venta-system\products\tablet\app\public\surface-visual-governor\pos-final-gate\pilot-06\README.md,<REPO_ROOT>\apps\terminal-de-venta-system\tools\prisma-surface-visual-governor\public-mirrors\tablet\pos-final-gate\pilot-06\README.md,376,83ef4c89cdc6922f722b1b284300b30e61aa29bc1318e49a0ccfcd28980f4684
<REPO_ROOT>\apps\terminal-de-venta-system\products\tablet\app\public\surface-visual-governor\pos-final-gate\pilot-06\surface-visual-governor.pilot-06.json,<REPO_ROOT>\apps\terminal-de-venta-system\tools\prisma-surface-visual-governor\public-mirrors\tablet\pos-final-gate\pilot-06\surface-visual-governor.pilot-06.json,932,e670a97a665cc7fa8967cecc86ca28be10bbbb9307978945d86e950d9aa6e3ff
<REPO_ROOT>\apps\terminal-de-venta-system\products\tablet\app\public\surface-visual-governor\checkout-light-safe-shell\latest\index.json,<REPO_ROOT>\apps\terminal-de-venta-system\tools\prisma-surface-visual-governor\public-mirrors\tablet\checkout-light-safe-shell\latest\index.json,1189,690b87b119f152375618af726e7bbc8a0873c6001bd065e59723ad3345e92497
<REPO_ROOT>\apps\terminal-de-venta-system\products\tablet\app\public\surface-visual-governor\checkout-light-safe-shell\latest\README.md,<REPO_ROOT>\apps\terminal-de-venta-system\tools\prisma-surface-visual-governor\public-mirrors\tablet\checkout-light-safe-shell\latest\README.md,115,b22acf8312ba8867c72bbf33cb76f81c273a67779fbb975f17ef5fa4763108f7
<REPO_ROOT>\apps\terminal-de-venta-system\products\tablet\app\public\surface-visual-governor\checkout-light-safe-shell\latest\receipt.expected.json,<REPO_ROOT>\apps\terminal-de-venta-system\tools\prisma-surface-visual-governor\public-mirrors\tablet\checkout-light-safe-shell\latest\receipt.expected.json,348,f588107c60380d6b5a3c80cb7d7c3be211373e9e1bb2c70b6cd4fcceaeb201e4
<REPO_ROOT>\apps\terminal-de-venta-system\products\tablet\app\public\surface-visual-governor\checkout-light-safe-shell\latest\route.visual-budget.checkout-light-safe.json,<REPO_ROOT>\apps\terminal-de-venta-system\tools\prisma-surface-visual-governor\public-mirrors\tablet\checkout-light-safe-shell\latest\route.visual-budget.checkout-light-safe.json,350,1e6f97f0c6dfead5127f25c9433a3f7d0d4b84ec69c2fbd6266188a9a7e2845d
<REPO_ROOT>\apps\terminal-de-venta-system\products\tablet\app\public\surface-visual-governor\checkout-light-safe-shell\latest\surface.compatibility.checkout-light-safe.json,<REPO_ROOT>\apps\terminal-de-venta-system\tools\prisma-surface-visual-governor\public-mirrors\tablet\checkout-light-safe-shell\latest\surface.compatibility.checkout-light-safe.json,434,6fa924bb075f1f02302677f5c7ed7b070f1242d048c3f9ade4bfe1c634396137
<REPO_ROOT>\apps\terminal-de-venta-system\products\tablet\app\public\surface-visual-governor\checkout-light-safe-shell\pilot-08\index.json,<REPO_ROOT>\apps\terminal-de-venta-system\tools\prisma-surface-visual-governor\public-mirrors\tablet\checkout-light-safe-shell\pilot-08\index.json,1189,690b87b119f152375618af726e7bbc8a0873c6001bd065e59723ad3345e92497
<REPO_ROOT>\apps\terminal-de-venta-system\products\tablet\app\public\surface-visual-governor\checkout-light-safe-shell\pilot-08\README.md,<REPO_ROOT>\apps\terminal-de-venta-system\tools\prisma-surface-visual-governor\public-mirrors\tablet\checkout-light-safe-shell\pilot-08\README.md,115,b22acf8312ba8867c72bbf33cb76f81c273a67779fbb975f17ef5fa4763108f7
<REPO_ROOT>\apps\terminal-de-venta-system\products\tablet\app\public\surface-visual-governor\checkout-light-safe-shell\pilot-08\receipt.expected.json,<REPO_ROOT>\apps\terminal-de-venta-system\tools\prisma-surface-visual-governor\public-mirrors\tablet\checkout-light-safe-shell\pilot-08\receipt.expected.json,348,f588107c60380d6b5a3c80cb7d7c3be211373e9e1bb2c70b6cd4fcceaeb201e4
<REPO_ROOT>\apps\terminal-de-venta-system\products\tablet\app\public\surface-visual-governor\checkout-light-safe-shell\pilot-08\route.visual-budget.checkout-light-safe.json,<REPO_ROOT>\apps\terminal-de-venta-system\tools\prisma-surface-visual-governor\public-mirrors\tablet\checkout-light-safe-shell\pilot-08\route.visual-budget.checkout-light-safe.json,350,1e6f97f0c6dfead5127f25c9433a3f7d0d4b84ec69c2fbd6266188a9a7e2845d
<REPO_ROOT>\apps\terminal-de-venta-system\products\tablet\app\public\surface-visual-governor\checkout-light-safe-shell\pilot-08\surface.compatibility.checkout-light-safe.json,<REPO_ROOT>\apps\terminal-de-venta-system\tools\prisma-surface-visual-governor\public-mirrors\tablet\checkout-light-safe-shell\pilot-08\surface.compatibility.checkout-light-safe.json,434,6fa924bb075f1f02302677f5c7ed7b070f1242d048c3f9ade4bfe1c634396137
<REPO_ROOT>\apps\terminal-de-venta-system\products\tablet\app\public\surface-visual-governor\checkout-light-safe-shell\pilot-08\atmosphere-assets\backgrounds\aurora-slate-veil.svg,<REPO_ROOT>\apps\terminal-de-venta-system\tools\prisma-surface-visual-governor\public-mirrors\tablet\checkout-light-safe-shell\pilot-08\atmosphere-assets\backgrounds\aurora-slate-veil.svg,1191,7eacb0164fe1c392c9dcb71a0e08ac184ce6b5698e841b7f201577c6656898be
<REPO_ROOT>\apps\terminal-de-venta-system\products\tablet\app\public\surface-visual-governor\checkout-light-safe-shell\pilot-08\atmosphere-assets\backgrounds\liquid-operations-smoke.svg,<REPO_ROOT>\apps\terminal-de-venta-system\tools\prisma-surface-visual-governor\public-mirrors\tablet\checkout-light-safe-shell\pilot-08\atmosphere-assets\backgrounds\liquid-operations-smoke.svg,2520,6ddc58de617baef084ab591d6d778bce59a7e96ab67d348a37a31309aa74824a
<REPO_ROOT>\apps\terminal-de-venta-system\products\tablet\app\public\surface-visual-governor\checkout-light-safe-shell\pilot-08\atmosphere-assets\backgrounds\liquid-operations-ui-reference.png,<REPO_ROOT>\apps\terminal-de-venta-system\tools\prisma-surface-visual-governor\public-mirrors\tablet\checkout-light-safe-shell\pilot-08\atmosphere-assets\backgrounds\liquid-operations-ui-reference.png,2918510,ba047f42db7038f9930a9473b73cffb9fe54fcd10c2b8e4382bce65f63d9171c
<REPO_ROOT>\apps\terminal-de-venta-system\products\tablet\app\public\surface-visual-governor\checkout-light-safe-shell\pilot-08\atmosphere-assets\backgrounds\obsidian-cloud-motion.svg,<REPO_ROOT>\apps\terminal-de-venta-system\tools\prisma-surface-visual-governor\public-mirrors\tablet\checkout-light-safe-shell\pilot-08\atmosphere-assets\backgrounds\obsidian-cloud-motion.svg,959,6ab40acf7fa6360d5dd65346b6046490f93d4072d37a519ec01d7a61795f9a5a
<REPO_ROOT>\apps\terminal-de-venta-system\products\tablet\app\public\surface-visual-governor\checkout-light-safe-shell\pilot-08\atmosphere-assets\backgrounds\storm-cloud-operations-real.jpg,<REPO_ROOT>\apps\terminal-de-venta-system\tools\prisma-surface-visual-governor\public-mirrors\tablet\checkout-light-safe-shell\pilot-08\atmosphere-assets\backgrounds\storm-cloud-operations-real.jpg,173999,9245d5f589df75a53a2e3509a5a5971ea14d2fe9366cde1e083586e917c35219
<REPO_ROOT>\apps\terminal-de-venta-system\products\tablet\app\public\surface-visual-governor\checkout-light-safe-shell\pilot-08\atmosphere-assets\backgrounds\storm-glass-horizon.svg,<REPO_ROOT>\apps\terminal-de-venta-system\tools\prisma-surface-visual-governor\public-mirrors\tablet\checkout-light-safe-shell\pilot-08\atmosphere-assets\backgrounds\storm-glass-horizon.svg,1286,89ce674e6d9a4f9474330b7b008e930b5e8eec2d7bc15cb94ea47e0a93dcf951
<REPO_ROOT>\apps\terminal-de-venta-system\products\tablet\app\public\surface-visual-governor\checkout-light-safe-shell\pilot-08\atmosphere-assets\backgrounds\tablet-soft-gray-clouds.svg,<REPO_ROOT>\apps\terminal-de-venta-system\tools\prisma-surface-visual-governor\public-mirrors\tablet\checkout-light-safe-shell\pilot-08\atmosphere-assets\backgrounds\tablet-soft-gray-clouds.svg,1335,ee21f92cb8004b1716aebe89f48272e5ed5ded32b11d66d9b04e0eb08c8ed7ba
<REPO_ROOT>\apps\terminal-de-venta-system\products\tablet\app\public\surface-visual-governor\checkout-light-safe-shell\latest\atmosphere-assets\backgrounds\aurora-slate-veil.svg,<REPO_ROOT>\apps\terminal-de-venta-system\tools\prisma-surface-visual-governor\public-mirrors\tablet\checkout-light-safe-shell\latest\atmosphere-assets\backgrounds\aurora-slate-veil.svg,1191,7eacb0164fe1c392c9dcb71a0e08ac184ce6b5698e841b7f201577c6656898be
<REPO_ROOT>\apps\terminal-de-venta-system\products\tablet\app\public\surface-visual-governor\checkout-light-safe-shell\latest\atmosphere-assets\backgrounds\liquid-operations-smoke.svg,<REPO_ROOT>\apps\terminal-de-venta-system\tools\prisma-surface-visual-governor\public-mirrors\tablet\checkout-light-safe-shell\latest\atmosphere-assets\backgrounds\liquid-operations-smoke.svg,2520,6ddc58de617baef084ab591d6d778bce59a7e96ab67d348a37a31309aa74824a
<REPO_ROOT>\apps\terminal-de-venta-system\products\tablet\app\public\surface-visual-governor\checkout-light-safe-shell\latest\atmosphere-assets\backgrounds\liquid-operations-ui-reference.png,<REPO_ROOT>\apps\terminal-de-venta-system\tools\prisma-surface-visual-governor\public-mirrors\tablet\checkout-light-safe-shell\latest\atmosphere-assets\backgrounds\liquid-operations-ui-reference.png,2918510,ba047f42db7038f9930a9473b73cffb9fe54fcd10c2b8e4382bce65f63d9171c
<REPO_ROOT>\apps\terminal-de-venta-system\products\tablet\app\public\surface-visual-governor\checkout-light-safe-shell\latest\atmosphere-assets\backgrounds\obsidian-cloud-motion.svg,<REPO_ROOT>\apps\terminal-de-venta-system\tools\prisma-surface-visual-governor\public-mirrors\tablet\checkout-light-safe-shell\latest\atmosphere-assets\backgrounds\obsidian-cloud-motion.svg,959,6ab40acf7fa6360d5dd65346b6046490f93d4072d37a519ec01d7a61795f9a5a
<REPO_ROOT>\apps\terminal-de-venta-system\products\tablet\app\public\surface-visual-governor\checkout-light-safe-shell\latest\atmosphere-assets\backgrounds\storm-cloud-operations-real.jpg,<REPO_ROOT>\apps\terminal-de-venta-system\tools\prisma-surface-visual-governor\public-mirrors\tablet\checkout-light-safe-shell\latest\atmosphere-assets\backgrounds\storm-cloud-operations-real.jpg,173999,9245d5f589df75a53a2e3509a5a5971ea14d2fe9366cde1e083586e917c35219
<REPO_ROOT>\apps\terminal-de-venta-system\products\tablet\app\public\surface-visual-governor\checkout-light-safe-shell\latest\atmosphere-assets\backgrounds\storm-glass-horizon.svg,<REPO_ROOT>\apps\terminal-de-venta-system\tools\prisma-surface-visual-governor\public-mirrors\tablet\checkout-light-safe-shell\latest\atmosphere-assets\backgrounds\storm-glass-horizon.svg,1286,89ce674e6d9a4f9474330b7b008e930b5e8eec2d7bc15cb94ea47e0a93dcf951
<REPO_ROOT>\apps\terminal-de-venta-system\products\tablet\app\public\surface-visual-governor\checkout-light-safe-shell\latest\atmosphere-assets\backgrounds\tablet-soft-gray-clouds.svg,<REPO_ROOT>\apps\terminal-de-venta-system\tools\prisma-surface-visual-governor\public-mirrors\tablet\checkout-light-safe-shell\latest\atmosphere-assets\backgrounds\tablet-soft-gray-clouds.svg,1335,ee21f92cb8004b1716aebe89f48272e5ed5ded32b11d66d9b04e0eb08c8ed7ba
<REPO_ROOT>\apps\terminal-de-venta-system\products\tablet\app\src\prisma-surface-governor\surface-runtime-adapter.ts,<REPO_ROOT>\apps\terminal-de-venta-system\tools\prisma-surface-visual-governor\contracts\runtime-adapters\tablet\surface-runtime-adapter.ts,1745,e2eb5b0234eed9071716081781297c3caac9f8c84976931031921569b25ae03a
<REPO_ROOT>\apps\terminal-de-venta-system\products\tablet\app\scripts\verify-surface-visual-governor-pilot05.mjs,<REPO_ROOT>\apps\terminal-de-venta-system\tools\prisma-surface-visual-governor\scripts\original-verifiers\tablet\verify-surface-visual-governor-pilot05.mjs,5348,d791e0f7407326ea2235535c41688814749ccb57b34431cd3d29ddcd3830d0ca
<REPO_ROOT>\apps\terminal-de-venta-system\products\tablet\app\scripts\verify-surface-visual-governor-pilot06-pos-gate.mjs,<REPO_ROOT>\apps\terminal-de-venta-system\tools\prisma-surface-visual-governor\scripts\original-verifiers\tablet\verify-surface-visual-governor-pilot06-pos-gate.mjs,2318,04f136f263f10e02e01c8b992464f70651a595c7533871f23ea132487cbb6d0d
<REPO_ROOT>\apps\terminal-de-venta-system\products\tablet\app\scripts\verify-surface-visual-governor-pilot07-pos-light-safe.mjs,<REPO_ROOT>\apps\terminal-de-venta-system\tools\prisma-surface-visual-governor\scripts\original-verifiers\tablet\verify-surface-visual-governor-pilot07-pos-light-safe.mjs,3798,25d8b851cad6f018eaa512dedb24aabfce03dbd6c51b64c638792179e18e261b
<REPO_ROOT>\apps\terminal-de-venta-system\products\tablet\app\scripts\verify-surface-visual-governor-pilot08-checkout-light-safe.mjs,<REPO_ROOT>\apps\terminal-de-venta-system\tools\prisma-surface-visual-governor\scripts\original-verifiers\tablet\verify-surface-visual-governor-pilot08-checkout-light-safe.mjs,4050,f0a45354625f24f37ff42e668a82339e9bb35d58f245452a5467a74dd3aed927
<REPO_ROOT>\apps\terminal-de-venta-system\products\mobile\app\docs\surface-visual-governor\pilot-09-mobile-supervisor-thin-mist-shell.md,<REPO_ROOT>\apps\terminal-de-venta-system\tools\prisma-surface-visual-governor\docs\app-docs\mobile\pilot-09-mobile-supervisor-thin-mist-shell.md,228,f829daace50a649c601b4dffc23977598dfd9e93c446bd636c756bba657eab0b
<REPO_ROOT>\apps\terminal-de-venta-system\products\mobile\app\public\surface-visual-governor\runtime-adapter\latest\index.json,<REPO_ROOT>\apps\terminal-de-venta-system\tools\prisma-surface-visual-governor\public-mirrors\mobile\runtime-adapter\latest\index.json,973,d5c1981e8a9e599304ab284ebb2116c27c0878af982bb02326d2792b9c75de9a
<REPO_ROOT>\apps\terminal-de-venta-system\products\mobile\app\public\surface-visual-governor\runtime-adapter\pilot-17\index.json,<REPO_ROOT>\apps\terminal-de-venta-system\tools\prisma-surface-visual-governor\public-mirrors\mobile\runtime-adapter\pilot-17\index.json,973,d5c1981e8a9e599304ab284ebb2116c27c0878af982bb02326d2792b9c75de9a
<REPO_ROOT>\apps\terminal-de-venta-system\products\mobile\app\public\surface-visual-governor\mobile-thin-mist-shell\latest\index.json,<REPO_ROOT>\apps\terminal-de-venta-system\tools\prisma-surface-visual-governor\public-mirrors\mobile\mobile-thin-mist-shell\latest\index.json,1428,3e3b6aab747960383cc44d4e4ad68e88eaa453e49a3e6131fbf05506933c9fac
<REPO_ROOT>\apps\terminal-de-venta-system\products\mobile\app\public\surface-visual-governor\mobile-thin-mist-shell\latest\README.md,<REPO_ROOT>\apps\terminal-de-venta-system\tools\prisma-surface-visual-governor\public-mirrors\mobile\mobile-thin-mist-shell\latest\README.md,131,8ed4d6c77875988da40213a3ffad58c993c085196056c61c2b25232b58207da1
<REPO_ROOT>\apps\terminal-de-venta-system\products\mobile\app\public\surface-visual-governor\mobile-thin-mist-shell\latest\receipt.expected.json,<REPO_ROOT>\apps\terminal-de-venta-system\tools\prisma-surface-visual-governor\public-mirrors\mobile\mobile-thin-mist-shell\latest\receipt.expected.json,381,0a98c06a48ca73743cd726879dfb85f68fecd03726c56d20486a21af12543477
<REPO_ROOT>\apps\terminal-de-venta-system\products\mobile\app\public\surface-visual-governor\mobile-thin-mist-shell\latest\route.visual-budget.mobile-thin-mist.json,<REPO_ROOT>\apps\terminal-de-venta-system\tools\prisma-surface-visual-governor\public-mirrors\mobile\mobile-thin-mist-shell\latest\route.visual-budget.mobile-thin-mist.json,404,de2fb8c21111dba800981695b943fe5e66723d9891954e5f8532ff3ae1990c55
<REPO_ROOT>\apps\terminal-de-venta-system\products\mobile\app\public\surface-visual-governor\mobile-thin-mist-shell\latest\surface.compatibility.mobile-thin-mist.json,<REPO_ROOT>\apps\terminal-de-venta-system\tools\prisma-surface-visual-governor\public-mirrors\mobile\mobile-thin-mist-shell\latest\surface.compatibility.mobile-thin-mist.json,461,394d68b0e074c8332d5e27bd8898580732738dcb9459f58d863cd043e06fac8b
<REPO_ROOT>\apps\terminal-de-venta-system\products\mobile\app\public\surface-visual-governor\mobile-thin-mist-shell\pilot-09\index.json,<REPO_ROOT>\apps\terminal-de-venta-system\tools\prisma-surface-visual-governor\public-mirrors\mobile\mobile-thin-mist-shell\pilot-09\index.json,1428,3e3b6aab747960383cc44d4e4ad68e88eaa453e49a3e6131fbf05506933c9fac
<REPO_ROOT>\apps\terminal-de-venta-system\products\mobile\app\public\surface-visual-governor\mobile-thin-mist-shell\pilot-09\README.md,<REPO_ROOT>\apps\terminal-de-venta-system\tools\prisma-surface-visual-governor\public-mirrors\mobile\mobile-thin-mist-shell\pilot-09\README.md,131,8ed4d6c77875988da40213a3ffad58c993c085196056c61c2b25232b58207da1
<REPO_ROOT>\apps\terminal-de-venta-system\products\mobile\app\public\surface-visual-governor\mobile-thin-mist-shell\pilot-09\receipt.expected.json,<REPO_ROOT>\apps\terminal-de-venta-system\tools\prisma-surface-visual-governor\public-mirrors\mobile\mobile-thin-mist-shell\pilot-09\receipt.expected.json,381,0a98c06a48ca73743cd726879dfb85f68fecd03726c56d20486a21af12543477
<REPO_ROOT>\apps\terminal-de-venta-system\products\mobile\app\public\surface-visual-governor\mobile-thin-mist-shell\pilot-09\route.visual-budget.mobile-thin-mist.json,<REPO_ROOT>\apps\terminal-de-venta-system\tools\prisma-surface-visual-governor\public-mirrors\mobile\mobile-thin-mist-shell\pilot-09\route.visual-budget.mobile-thin-mist.json,404,de2fb8c21111dba800981695b943fe5e66723d9891954e5f8532ff3ae1990c55
<REPO_ROOT>\apps\terminal-de-venta-system\products\mobile\app\public\surface-visual-governor\mobile-thin-mist-shell\pilot-09\surface.compatibility.mobile-thin-mist.json,<REPO_ROOT>\apps\terminal-de-venta-system\tools\prisma-surface-visual-governor\public-mirrors\mobile\mobile-thin-mist-shell\pilot-09\surface.compatibility.mobile-thin-mist.json,461,394d68b0e074c8332d5e27bd8898580732738dcb9459f58d863cd043e06fac8b
<REPO_ROOT>\apps\terminal-de-venta-system\products\mobile\app\public\surface-visual-governor\mobile-thin-mist-shell\pilot-09\atmosphere-assets\backgrounds\aurora-slate-veil.svg,<REPO_ROOT>\apps\terminal-de-venta-system\tools\prisma-surface-visual-governor\public-mirrors\mobile\mobile-thin-mist-shell\pilot-09\atmosphere-assets\backgrounds\aurora-slate-veil.svg,1191,7eacb0164fe1c392c9dcb71a0e08ac184ce6b5698e841b7f201577c6656898be
<REPO_ROOT>\apps\terminal-de-venta-system\products\mobile\app\public\surface-visual-governor\mobile-thin-mist-shell\pilot-09\atmosphere-assets\backgrounds\liquid-operations-smoke.svg,<REPO_ROOT>\apps\terminal-de-venta-system\tools\prisma-surface-visual-governor\public-mirrors\mobile\mobile-thin-mist-shell\pilot-09\atmosphere-assets\backgrounds\liquid-operations-smoke.svg,2520,6ddc58de617baef084ab591d6d778bce59a7e96ab67d348a37a31309aa74824a
<REPO_ROOT>\apps\terminal-de-venta-system\products\mobile\app\public\surface-visual-governor\mobile-thin-mist-shell\pilot-09\atmosphere-assets\backgrounds\liquid-operations-ui-reference.png,<REPO_ROOT>\apps\terminal-de-venta-system\tools\prisma-surface-visual-governor\public-mirrors\mobile\mobile-thin-mist-shell\pilot-09\atmosphere-assets\backgrounds\liquid-operations-ui-reference.png,2918510,ba047f42db7038f9930a9473b73cffb9fe54fcd10c2b8e4382bce65f63d9171c
<REPO_ROOT>\apps\terminal-de-venta-system\products\mobile\app\public\surface-visual-governor\mobile-thin-mist-shell\pilot-09\atmosphere-assets\backgrounds\obsidian-cloud-motion.svg,<REPO_ROOT>\apps\terminal-de-venta-system\tools\prisma-surface-visual-governor\public-mirrors\mobile\mobile-thin-mist-shell\pilot-09\atmosphere-assets\backgrounds\obsidian-cloud-motion.svg,959,6ab40acf7fa6360d5dd65346b6046490f93d4072d37a519ec01d7a61795f9a5a
<REPO_ROOT>\apps\terminal-de-venta-system\products\mobile\app\public\surface-visual-governor\mobile-thin-mist-shell\pilot-09\atmosphere-assets\backgrounds\storm-cloud-operations-real.jpg,<REPO_ROOT>\apps\terminal-de-venta-system\tools\prisma-surface-visual-governor\public-mirrors\mobile\mobile-thin-mist-shell\pilot-09\atmosphere-assets\backgrounds\storm-cloud-operations-real.jpg,173999,9245d5f589df75a53a2e3509a5a5971ea14d2fe9366cde1e083586e917c35219
<REPO_ROOT>\apps\terminal-de-venta-system\products\mobile\app\public\surface-visual-governor\mobile-thin-mist-shell\pilot-09\atmosphere-assets\backgrounds\storm-glass-horizon.svg,<REPO_ROOT>\apps\terminal-de-venta-system\tools\prisma-surface-visual-governor\public-mirrors\mobile\mobile-thin-mist-shell\pilot-09\atmosphere-assets\backgrounds\storm-glass-horizon.svg,1286,89ce674e6d9a4f9474330b7b008e930b5e8eec2d7bc15cb94ea47e0a93dcf951
<REPO_ROOT>\apps\terminal-de-venta-system\products\mobile\app\public\surface-visual-governor\mobile-thin-mist-shell\pilot-09\atmosphere-assets\backgrounds\tablet-soft-gray-clouds.svg,<REPO_ROOT>\apps\terminal-de-venta-system\tools\prisma-surface-visual-governor\public-mirrors\mobile\mobile-thin-mist-shell\pilot-09\atmosphere-assets\backgrounds\tablet-soft-gray-clouds.svg,1335,ee21f92cb8004b1716aebe89f48272e5ed5ded32b11d66d9b04e0eb08c8ed7ba
<REPO_ROOT>\apps\terminal-de-venta-system\products\mobile\app\public\surface-visual-governor\mobile-thin-mist-shell\latest\atmosphere-assets\backgrounds\aurora-slate-veil.svg,<REPO_ROOT>\apps\terminal-de-venta-system\tools\prisma-surface-visual-governor\public-mirrors\mobile\mobile-thin-mist-shell\latest\atmosphere-assets\backgrounds\aurora-slate-veil.svg,1191,7eacb0164fe1c392c9dcb71a0e08ac184ce6b5698e841b7f201577c6656898be
<REPO_ROOT>\apps\terminal-de-venta-system\products\mobile\app\public\surface-visual-governor\mobile-thin-mist-shell\latest\atmosphere-assets\backgrounds\liquid-operations-smoke.svg,<REPO_ROOT>\apps\terminal-de-venta-system\tools\prisma-surface-visual-governor\public-mirrors\mobile\mobile-thin-mist-shell\latest\atmosphere-assets\backgrounds\liquid-operations-smoke.svg,2520,6ddc58de617baef084ab591d6d778bce59a7e96ab67d348a37a31309aa74824a
<REPO_ROOT>\apps\terminal-de-venta-system\products\mobile\app\public\surface-visual-governor\mobile-thin-mist-shell\latest\atmosphere-assets\backgrounds\liquid-operations-ui-reference.png,<REPO_ROOT>\apps\terminal-de-venta-system\tools\prisma-surface-visual-governor\public-mirrors\mobile\mobile-thin-mist-shell\latest\atmosphere-assets\backgrounds\liquid-operations-ui-reference.png,2918510,ba047f42db7038f9930a9473b73cffb9fe54fcd10c2b8e4382bce65f63d9171c
<REPO_ROOT>\apps\terminal-de-venta-system\products\mobile\app\public\surface-visual-governor\mobile-thin-mist-shell\latest\atmosphere-assets\backgrounds\obsidian-cloud-motion.svg,<REPO_ROOT>\apps\terminal-de-venta-system\tools\prisma-surface-visual-governor\public-mirrors\mobile\mobile-thin-mist-shell\latest\atmosphere-assets\backgrounds\obsidian-cloud-motion.svg,959,6ab40acf7fa6360d5dd65346b6046490f93d4072d37a519ec01d7a61795f9a5a
<REPO_ROOT>\apps\terminal-de-venta-system\products\mobile\app\public\surface-visual-governor\mobile-thin-mist-shell\latest\atmosphere-assets\backgrounds\storm-cloud-operations-real.jpg,<REPO_ROOT>\apps\terminal-de-venta-system\tools\prisma-surface-visual-governor\public-mirrors\mobile\mobile-thin-mist-shell\latest\atmosphere-assets\backgrounds\storm-cloud-operations-real.jpg,173999,9245d5f589df75a53a2e3509a5a5971ea14d2fe9366cde1e083586e917c35219
<REPO_ROOT>\apps\terminal-de-venta-system\products\mobile\app\public\surface-visual-governor\mobile-thin-mist-shell\latest\atmosphere-assets\backgrounds\storm-glass-horizon.svg,<REPO_ROOT>\apps\terminal-de-venta-system\tools\prisma-surface-visual-governor\public-mirrors\mobile\mobile-thin-mist-shell\latest\atmosphere-assets\backgrounds\storm-glass-horizon.svg,1286,89ce674e6d9a4f9474330b7b008e930b5e8eec2d7bc15cb94ea47e0a93dcf951
<REPO_ROOT>\apps\terminal-de-venta-system\products\mobile\app\public\surface-visual-governor\mobile-thin-mist-shell\latest\atmosphere-assets\backgrounds\tablet-soft-gray-clouds.svg,<REPO_ROOT>\apps\terminal-de-venta-system\tools\prisma-surface-visual-governor\public-mirrors\mobile\mobile-thin-mist-shell\latest\atmosphere-assets\backgrounds\tablet-soft-gray-clouds.svg,1335,ee21f92cb8004b1716aebe89f48272e5ed5ded32b11d66d9b04e0eb08c8ed7ba
<REPO_ROOT>\apps\terminal-de-venta-system\products\mobile\app\src\prisma-surface-governor\surface-runtime-adapter.ts,<REPO_ROOT>\apps\terminal-de-venta-system\tools\prisma-surface-visual-governor\contracts\runtime-adapters\mobile\surface-runtime-adapter.ts,1745,ef3a8ec829d2da06f924ea61fd52b6ba9702ce2711a4b7f972b05453bbee054e
<REPO_ROOT>\apps\terminal-de-venta-system\products\mobile\app\scripts\verify-surface-visual-governor-pilot09-mobile-thin-mist.mjs,<REPO_ROOT>\apps\terminal-de-venta-system\tools\prisma-surface-visual-governor\scripts\original-verifiers\mobile\verify-surface-visual-governor-pilot09-mobile-thin-mist.mjs,4314,31d3d5de8dc2ae272bd90ee45c5f4fe73ac39ae6de92bdecb14513beb0d22c5b
<REPO_ROOT>\apps\terminal-de-venta-system\products\web\app\docs\surface-visual-governor\pilot-11-eit-web-public-sober-shell.md,<REPO_ROOT>\apps\terminal-de-venta-system\tools\prisma-surface-visual-governor\docs\app-docs\web\pilot-11-eit-web-public-sober-shell.md,176,f5bcb47d5aba09db5d99fc892e28fad93b2c018384928bf77a4d934cf694799c
<REPO_ROOT>\apps\terminal-de-venta-system\products\web\app\public\surface-visual-governor\eit-web-public-sober-shell\latest\index.json,<REPO_ROOT>\apps\terminal-de-venta-system\tools\prisma-surface-visual-governor\public-mirrors\web\eit-web-public-sober-shell\latest\index.json,758,3062a7ed6647b711b2bf432a642b824712c2a17a533902dffae6ae3147677820
<REPO_ROOT>\apps\terminal-de-venta-system\products\web\app\public\surface-visual-governor\eit-web-public-sober-shell\latest\README.md,<REPO_ROOT>\apps\terminal-de-venta-system\tools\prisma-surface-visual-governor\public-mirrors\web\eit-web-public-sober-shell\latest\README.md,122,a15119a024ee04cc80ab49ec7e273d437dc4b9f081ce944d43eabd3f325ef0eb
<REPO_ROOT>\apps\terminal-de-venta-system\products\web\app\public\surface-visual-governor\eit-web-public-sober-shell\latest\surface.compatibility.eit-web-public-sober.json,<REPO_ROOT>\apps\terminal-de-venta-system\tools\prisma-surface-visual-governor\public-mirrors\web\eit-web-public-sober-shell\latest\surface.compatibility.eit-web-public-sober.json,372,91fe88758b9c7e7ccb5aa050d818d9f1ab814c0af7f41a90853e3b3d47e66200
<REPO_ROOT>\apps\terminal-de-venta-system\products\web\app\public\surface-visual-governor\eit-web-public-sober-shell\pilot-11\index.json,<REPO_ROOT>\apps\terminal-de-venta-system\tools\prisma-surface-visual-governor\public-mirrors\web\eit-web-public-sober-shell\pilot-11\index.json,758,3062a7ed6647b711b2bf432a642b824712c2a17a533902dffae6ae3147677820
<REPO_ROOT>\apps\terminal-de-venta-system\products\web\app\public\surface-visual-governor\eit-web-public-sober-shell\pilot-11\README.md,<REPO_ROOT>\apps\terminal-de-venta-system\tools\prisma-surface-visual-governor\public-mirrors\web\eit-web-public-sober-shell\pilot-11\README.md,122,a15119a024ee04cc80ab49ec7e273d437dc4b9f081ce944d43eabd3f325ef0eb
<REPO_ROOT>\apps\terminal-de-venta-system\products\web\app\public\surface-visual-governor\eit-web-public-sober-shell\pilot-11\surface.compatibility.eit-web-public-sober.json,<REPO_ROOT>\apps\terminal-de-venta-system\tools\prisma-surface-visual-governor\public-mirrors\web\eit-web-public-sober-shell\pilot-11\surface.compatibility.eit-web-public-sober.json,372,91fe88758b9c7e7ccb5aa050d818d9f1ab814c0af7f41a90853e3b3d47e66200
<REPO_ROOT>\apps\terminal-de-venta-system\products\web\app\scripts\verify-surface-visual-governor-pilot11-eit-web-sober.mjs,<REPO_ROOT>\apps\terminal-de-venta-system\tools\prisma-surface-visual-governor\scripts\original-verifiers\web\verify-surface-visual-governor-pilot11-eit-web-sober.mjs,1955,7f6f4dc38e2568736cae30093b3830c587fd206a33dfc9b001ee93cea4b87235
__generated__,<REPO_ROOT>\apps\terminal-de-venta-system\tools\prisma-surface-visual-governor\evidence\result_zip_inventory.json,16207,6067c40fbd95d64fea2eeb3910e32e882aa2c6a693611be4599e98a736cf3638
__generated__,<REPO_ROOT>\apps\terminal-de-venta-system\tools\prisma-surface-visual-governor\evidence\result_zip_inventory.md,3917,8e628a31c2cda537e0c64257ff787430c71d94f5937614f771bf4becf172c307
__generated__,<REPO_ROOT>\apps\terminal-de-venta-system\tools\prisma-surface-visual-governor\manifest.json,740,231c96acc3daa1514d78cd0ea2097bf16546c2118e134e9694dcab6b21fdfe02
__generated__,<REPO_ROOT>\apps\terminal-de-venta-system\tools\prisma-surface-visual-governor\README.md,1783,a3d81fe3d82fb0ac5d3f34a418630cc65a5134b34b94fd30e2641bb17d3c6772
__generated__,<REPO_ROOT>\apps\terminal-de-venta-system\tools\prisma-surface-visual-governor\NEXT_STEPS.md,573,803f8081e1151cb45da999a83ac2f33f03c530a3b7ed474d410f05cbbbaa2157
__generated__,<REPO_ROOT>\apps\terminal-de-venta-system\tools\prisma-surface-visual-governor\inventory\copied-files.json,146303,660814269d2b0a08fe5331b22d7d4f385d29f356b78f6136abca05cb6a5e0305
