allowed_surfaces,blocked_surfaces,bytes,extension,family_id,family_label,filename,notes,relative_path,sha256
control_center_separate|control_center_embedded|visual_os,pos_checkout,1578386,.png,control_center_visual_governance,Control Center / Visual Governance,prisma-logo-dark.png,"Gobierno, salud, evidencia y command surfaces. Hits: control-center",Prisma Cloud Ctr/internal/assets/prisma-logo-dark.png,2fdc813316cbaa30a65b3d49439e59148e5417adefc058174bcfda3b53f235f7
control_center_separate|control_center_embedded|visual_os,pos_checkout,1578065,.png,control_center_visual_governance,Control Center / Visual Governance,prisma-logo.png,"Gobierno, salud, evidencia y command surfaces. Hits: control-center",Prisma Cloud Ctr/internal/assets/prisma-logo.png,df70ef209ccdaf3730983f167321eacdf7fd66b89e78bb30daddf202db0a26ed
control_center_separate|control_center_embedded|visual_os,pos_checkout,537981,.png,control_center_visual_governance,Control Center / Visual Governance,prisma-logo-crystal-mark.png,"Gobierno, salud, evidencia y command surfaces. Hits: control-center",prisma-control-center/internal/web/assets/prisma-logo-crystal-mark.png,5fefed96a08112408672345cdad348141349e611f6c06630cc87dabeb99f49ba
control_center_separate|control_center_embedded|visual_os,pos_checkout,1578065,.png,control_center_visual_governance,Control Center / Visual Governance,prisma-logo-full.png,"Gobierno, salud, evidencia y command surfaces. Hits: control-center",prisma-control-center/internal/web/assets/prisma-logo-full.png,df70ef209ccdaf3730983f167321eacdf7fd66b89e78bb30daddf202db0a26ed
control_center_separate|control_center_embedded|visual_os,pos_checkout,1578065,.png,control_center_visual_governance,Control Center / Visual Governance,prisma-logo-mark.png,"Gobierno, salud, evidencia y command surfaces. Hits: control-center",prisma-control-center/internal/web/assets/prisma-logo-mark.png,df70ef209ccdaf3730983f167321eacdf7fd66b89e78bb30daddf202db0a26ed
control_center_separate|control_center_embedded|visual_os,pos_checkout,1578065,.png,control_center_visual_governance,Control Center / Visual Governance,prisma-logo.png,"Gobierno, salud, evidencia y command surfaces. Hits: control-center",prisma-control-center/internal/web/assets/prisma-logo.png,df70ef209ccdaf3730983f167321eacdf7fd66b89e78bb30daddf202db0a26ed
control_center_separate|control_center_embedded|visual_os,pos_checkout,1482598,.png,control_center_visual_governance,Control Center / Visual Governance,prisma_logo_full.png,"Gobierno, salud, evidencia y command surfaces. Hits: control-center",prisma-control-center/internal/web/assets/prisma_logo_full.png,77667a6549d774573695cf34f60052775f9706c84d4cbf7480fda9cd8e0c5151
control_center_separate|control_center_embedded|visual_os,pos_checkout,734628,.png,control_center_visual_governance,Control Center / Visual Governance,prisma_logo_mark.png,"Gobierno, salud, evidencia y command surfaces. Hits: control-center",prisma-control-center/internal/web/assets/prisma_logo_mark.png,1401c95fe0ff0f8e4c3e4b6ab6d6711b37a59af5e1b4e511ac23a8c03f80a723
control_center_separate|control_center_embedded|visual_os,pos_checkout,701836,.jpg,control_center_visual_governance,Control Center / Visual Governance,simon-spring-zmMrlEHsFQY-unsplash.jpg,"Gobierno, salud, evidencia y command surfaces. Hits: control-center",prisma-control-center/internal/web/assets/simon-spring-zmMrlEHsFQY-unsplash.jpg,33b0d8f5b2a054e2d473454a4ffec7be6f6ed85b878f6f3fe8d8d95004c1feb8
chart_lab|control_center_separate|control_center_embedded|visual_os|pc_reference,tablet_productive|pos_checkout|checkout|dense_tables,2520,.svg,liquid_vapor_reference,Liquid / Vapor Reference,liquid-operations-smoke.svg,"Familia wow con humo/líquido. Entra con route budget y bozal. Hits: liquid, smoke",products/chart-lab/app/public/surface-visual-governor/atmosphere-assets/backgrounds/liquid-operations-smoke.svg,6ddc58de617baef084ab591d6d778bce59a7e96ab67d348a37a31309aa74824a
chart_lab|control_center_separate|control_center_embedded|visual_os|pc_reference,tablet_productive|pos_checkout|checkout|dense_tables,2918510,.png,liquid_vapor_reference,Liquid / Vapor Reference,liquid-operations-ui-reference.png,Familia wow con humo/líquido. Entra con route budget y bozal. Hits: liquid,products/chart-lab/app/public/surface-visual-governor/atmosphere-assets/backgrounds/liquid-operations-ui-reference.png,ba047f42db7038f9930a9473b73cffb9fe54fcd10c2b8e4382bce65f63d9171c
chart_lab|control_center_separate|control_center_embedded|visual_os|pc_reference,tablet_productive|pos_checkout|checkout|dense_tables,2520,.svg,liquid_vapor_reference,Liquid / Vapor Reference,liquid-operations-smoke.svg,"Familia wow con humo/líquido. Entra con route budget y bozal. Hits: liquid, smoke",products/mobile/app/public/surface-visual-governor/mobile-thin-mist-shell/latest/atmosphere-assets/backgrounds/liquid-operations-smoke.svg,6ddc58de617baef084ab591d6d778bce59a7e96ab67d348a37a31309aa74824a
chart_lab|control_center_separate|control_center_embedded|visual_os|pc_reference,tablet_productive|pos_checkout|checkout|dense_tables,2520,.svg,liquid_vapor_reference,Liquid / Vapor Reference,liquid-operations-smoke.svg,"Familia wow con humo/líquido. Entra con route budget y bozal. Hits: liquid, smoke",products/mobile/app/public/surface-visual-governor/mobile-thin-mist-shell/pilot-09/atmosphere-assets/backgrounds/liquid-operations-smoke.svg,6ddc58de617baef084ab591d6d778bce59a7e96ab67d348a37a31309aa74824a
chart_lab|control_center_separate|control_center_embedded|visual_os|pc_reference,tablet_productive|pos_checkout|checkout|dense_tables,2520,.svg,liquid_vapor_reference,Liquid / Vapor Reference,liquid-operations-smoke.svg,"Familia wow con humo/líquido. Entra con route budget y bozal. Hits: liquid, smoke",products/pc/app/public/surface-visual-governor/dashboard/latest/atmosphere-assets/backgrounds/liquid-operations-smoke.svg,6ddc58de617baef084ab591d6d778bce59a7e96ab67d348a37a31309aa74824a
chart_lab|control_center_separate|control_center_embedded|visual_os|pc_reference,tablet_productive|pos_checkout|checkout|dense_tables,2918510,.png,liquid_vapor_reference,Liquid / Vapor Reference,liquid-operations-ui-reference.png,Familia wow con humo/líquido. Entra con route budget y bozal. Hits: liquid,products/pc/app/public/surface-visual-governor/dashboard/latest/atmosphere-assets/backgrounds/liquid-operations-ui-reference.png,ba047f42db7038f9930a9473b73cffb9fe54fcd10c2b8e4382bce65f63d9171c
chart_lab|control_center_separate|control_center_embedded|visual_os|pc_reference,tablet_productive|pos_checkout|checkout|dense_tables,2520,.svg,liquid_vapor_reference,Liquid / Vapor Reference,liquid-operations-smoke.svg,"Familia wow con humo/líquido. Entra con route budget y bozal. Hits: liquid, smoke",products/pc/app/public/surface-visual-governor/dashboard/pilot-04/atmosphere-assets/backgrounds/liquid-operations-smoke.svg,6ddc58de617baef084ab591d6d778bce59a7e96ab67d348a37a31309aa74824a
chart_lab|control_center_separate|control_center_embedded|visual_os|pc_reference,tablet_productive|pos_checkout|checkout|dense_tables,2918510,.png,liquid_vapor_reference,Liquid / Vapor Reference,liquid-operations-ui-reference.png,Familia wow con humo/líquido. Entra con route budget y bozal. Hits: liquid,products/pc/app/public/surface-visual-governor/dashboard/pilot-04/atmosphere-assets/backgrounds/liquid-operations-ui-reference.png,ba047f42db7038f9930a9473b73cffb9fe54fcd10c2b8e4382bce65f63d9171c
chart_lab|control_center_separate|control_center_embedded|visual_os|pc_reference,tablet_productive|pos_checkout|checkout|dense_tables,2520,.svg,liquid_vapor_reference,Liquid / Vapor Reference,liquid-operations-smoke.svg,"Familia wow con humo/líquido. Entra con route budget y bozal. Hits: liquid, smoke",products/pc/app/public/surface-visual-governor/reference-visual/latest/atmosphere-assets/backgrounds/liquid-operations-smoke.svg,6ddc58de617baef084ab591d6d778bce59a7e96ab67d348a37a31309aa74824a
chart_lab|control_center_separate|control_center_embedded|visual_os|pc_reference,tablet_productive|pos_checkout|checkout|dense_tables,2918510,.png,liquid_vapor_reference,Liquid / Vapor Reference,liquid-operations-ui-reference.png,Familia wow con humo/líquido. Entra con route budget y bozal. Hits: liquid,products/pc/app/public/surface-visual-governor/reference-visual/latest/atmosphere-assets/backgrounds/liquid-operations-ui-reference.png,ba047f42db7038f9930a9473b73cffb9fe54fcd10c2b8e4382bce65f63d9171c
chart_lab|control_center_separate|control_center_embedded|visual_os|pc_reference,tablet_productive|pos_checkout|checkout|dense_tables,2520,.svg,liquid_vapor_reference,Liquid / Vapor Reference,liquid-operations-smoke.svg,"Familia wow con humo/líquido. Entra con route budget y bozal. Hits: liquid, smoke",products/pc/app/public/surface-visual-governor/reference-visual/pilot-03/atmosphere-assets/backgrounds/liquid-operations-smoke.svg,6ddc58de617baef084ab591d6d778bce59a7e96ab67d348a37a31309aa74824a
chart_lab|control_center_separate|control_center_embedded|visual_os|pc_reference,tablet_productive|pos_checkout|checkout|dense_tables,2918510,.png,liquid_vapor_reference,Liquid / Vapor Reference,liquid-operations-ui-reference.png,Familia wow con humo/líquido. Entra con route budget y bozal. Hits: liquid,products/pc/app/public/surface-visual-governor/reference-visual/pilot-03/atmosphere-assets/backgrounds/liquid-operations-ui-reference.png,ba047f42db7038f9930a9473b73cffb9fe54fcd10c2b8e4382bce65f63d9171c
chart_lab|control_center_separate|control_center_embedded|visual_os|pc_reference,tablet_productive|pos_checkout|checkout|dense_tables,1843731,.png,liquid_vapor_reference,Liquid / Vapor Reference,blanqueador-liquido-hogar-1l.png,Familia wow con humo/líquido. Entra con route budget y bozal. Hits: liquid,products/tablet/app/public/products/packshots/dark/blanqueador-liquido-hogar-1l.png,6fabaed4fbc7ab8d5358b979a04880387c4c4192247d16a00f9a50496867b735
chart_lab|control_center_separate|control_center_embedded|visual_os|pc_reference,tablet_productive|pos_checkout|checkout|dense_tables,1926307,.png,liquid_vapor_reference,Liquid / Vapor Reference,lavatrastes-liquido-750ml.png,Familia wow con humo/líquido. Entra con route budget y bozal. Hits: liquid,products/tablet/app/public/products/packshots/dark/lavatrastes-liquido-750ml.png,31128ed9d097ddd20862e1a097167cfe8289b3ec76a110db0c5e8f109e70a489
chart_lab|control_center_separate|control_center_embedded|visual_os|pc_reference,tablet_productive|pos_checkout|checkout|dense_tables,2004004,.png,liquid_vapor_reference,Liquid / Vapor Reference,leche-evaporada-387g.png,Familia wow con humo/líquido. Entra con route budget y bozal. Hits: vapor,products/tablet/app/public/products/packshots/dark/leche-evaporada-387g.png,0e00d865a0c4f288a5967a510e9fbcf3d99730cc029754214900fa0786753876
chart_lab|control_center_separate|control_center_embedded|visual_os|pc_reference,tablet_productive|pos_checkout|checkout|dense_tables,1612782,.png,liquid_vapor_reference,Liquid / Vapor Reference,blanqueador-liquido-hogar-1l.png,Familia wow con humo/líquido. Entra con route budget y bozal. Hits: liquid,products/tablet/app/public/products/packshots/light/blanqueador-liquido-hogar-1l.png,48ba7daa572eec0530db9b05ed05a7dc76c37c70aa01ae80fb790238e550a157
chart_lab|control_center_separate|control_center_embedded|visual_os|pc_reference,tablet_productive|pos_checkout|checkout|dense_tables,1712770,.png,liquid_vapor_reference,Liquid / Vapor Reference,lavatrastes-liquido-concentrado-750ml.png,Familia wow con humo/líquido. Entra con route budget y bozal. Hits: liquid,products/tablet/app/public/products/packshots/light/lavatrastes-liquido-concentrado-750ml.png,0dc7d1d70ddb52d81f18be474e7112ee75390d1392cf28d5c878ca6aa3f5e10e
chart_lab|control_center_separate|control_center_embedded|visual_os|pc_reference,tablet_productive|pos_checkout|checkout|dense_tables,1916676,.png,liquid_vapor_reference,Liquid / Vapor Reference,leche-evaporada-387g.png,Familia wow con humo/líquido. Entra con route budget y bozal. Hits: vapor,products/tablet/app/public/products/packshots/light/leche-evaporada-387g.png,bd33ba0c0495df3f86019301f791b20ad5a574f490e261cd5054a912a1493881
chart_lab|control_center_separate|control_center_embedded|visual_os|pc_reference,tablet_productive|pos_checkout|checkout|dense_tables,2520,.svg,liquid_vapor_reference,Liquid / Vapor Reference,liquid-operations-smoke.svg,"Familia wow con humo/líquido. Entra con route budget y bozal. Hits: liquid, smoke",products/tablet/app/public/surface-visual-governor/checkout-light-safe-shell/latest/atmosphere-assets/backgrounds/liquid-operations-smoke.svg,6ddc58de617baef084ab591d6d778bce59a7e96ab67d348a37a31309aa74824a
chart_lab|control_center_separate|control_center_embedded|visual_os|pc_reference,tablet_productive|pos_checkout|checkout|dense_tables,2918510,.png,liquid_vapor_reference,Liquid / Vapor Reference,liquid-operations-ui-reference.png,Familia wow con humo/líquido. Entra con route budget y bozal. Hits: liquid,products/tablet/app/public/surface-visual-governor/checkout-light-safe-shell/latest/atmosphere-assets/backgrounds/liquid-operations-ui-reference.png,ba047f42db7038f9930a9473b73cffb9fe54fcd10c2b8e4382bce65f63d9171c
chart_lab|control_center_separate|control_center_embedded|visual_os|pc_reference,tablet_productive|pos_checkout|checkout|dense_tables,2520,.svg,liquid_vapor_reference,Liquid / Vapor Reference,liquid-operations-smoke.svg,"Familia wow con humo/líquido. Entra con route budget y bozal. Hits: liquid, smoke",products/tablet/app/public/surface-visual-governor/checkout-light-safe-shell/pilot-08/atmosphere-assets/backgrounds/liquid-operations-smoke.svg,6ddc58de617baef084ab591d6d778bce59a7e96ab67d348a37a31309aa74824a
chart_lab|control_center_separate|control_center_embedded|visual_os|pc_reference,tablet_productive|pos_checkout|checkout|dense_tables,2918510,.png,liquid_vapor_reference,Liquid / Vapor Reference,liquid-operations-ui-reference.png,Familia wow con humo/líquido. Entra con route budget y bozal. Hits: liquid,products/tablet/app/public/surface-visual-governor/checkout-light-safe-shell/pilot-08/atmosphere-assets/backgrounds/liquid-operations-ui-reference.png,ba047f42db7038f9930a9473b73cffb9fe54fcd10c2b8e4382bce65f63d9171c
chart_lab|control_center_separate|control_center_embedded|visual_os|pc_reference,tablet_productive|pos_checkout|checkout|dense_tables,2520,.svg,liquid_vapor_reference,Liquid / Vapor Reference,liquid-operations-smoke.svg,"Familia wow con humo/líquido. Entra con route budget y bozal. Hits: liquid, smoke",products/tablet/app/public/surface-visual-governor/pos-light-safe-shell/latest/atmosphere-assets/backgrounds/liquid-operations-smoke.svg,6ddc58de617baef084ab591d6d778bce59a7e96ab67d348a37a31309aa74824a
chart_lab|control_center_separate|control_center_embedded|visual_os|pc_reference,tablet_productive|pos_checkout|checkout|dense_tables,2918510,.png,liquid_vapor_reference,Liquid / Vapor Reference,liquid-operations-ui-reference.png,Familia wow con humo/líquido. Entra con route budget y bozal. Hits: liquid,products/tablet/app/public/surface-visual-governor/pos-light-safe-shell/latest/atmosphere-assets/backgrounds/liquid-operations-ui-reference.png,ba047f42db7038f9930a9473b73cffb9fe54fcd10c2b8e4382bce65f63d9171c
chart_lab|control_center_separate|control_center_embedded|visual_os|pc_reference,tablet_productive|pos_checkout|checkout|dense_tables,2520,.svg,liquid_vapor_reference,Liquid / Vapor Reference,liquid-operations-smoke.svg,"Familia wow con humo/líquido. Entra con route budget y bozal. Hits: liquid, smoke",products/tablet/app/public/surface-visual-governor/pos-light-safe-shell/pilot-07/atmosphere-assets/backgrounds/liquid-operations-smoke.svg,6ddc58de617baef084ab591d6d778bce59a7e96ab67d348a37a31309aa74824a
chart_lab|control_center_separate|control_center_embedded|visual_os|pc_reference,tablet_productive|pos_checkout|checkout|dense_tables,2918510,.png,liquid_vapor_reference,Liquid / Vapor Reference,liquid-operations-ui-reference.png,Familia wow con humo/líquido. Entra con route budget y bozal. Hits: liquid,products/tablet/app/public/surface-visual-governor/pos-light-safe-shell/pilot-07/atmosphere-assets/backgrounds/liquid-operations-ui-reference.png,ba047f42db7038f9930a9473b73cffb9fe54fcd10c2b8e4382bce65f63d9171c
chart_lab|control_center_separate|control_center_embedded|visual_os|pc_reference,tablet_productive|pos_checkout|checkout|dense_tables,2520,.svg,liquid_vapor_reference,Liquid / Vapor Reference,liquid-operations-smoke.svg,"Familia wow con humo/líquido. Entra con route budget y bozal. Hits: liquid, smoke",products/tablet/app/public/surface-visual-governor/tablet-light-shell/latest/atmosphere-assets/backgrounds/liquid-operations-smoke.svg,6ddc58de617baef084ab591d6d778bce59a7e96ab67d348a37a31309aa74824a
chart_lab|control_center_separate|control_center_embedded|visual_os|pc_reference,tablet_productive|pos_checkout|checkout|dense_tables,2918510,.png,liquid_vapor_reference,Liquid / Vapor Reference,liquid-operations-ui-reference.png,Familia wow con humo/líquido. Entra con route budget y bozal. Hits: liquid,products/tablet/app/public/surface-visual-governor/tablet-light-shell/latest/atmosphere-assets/backgrounds/liquid-operations-ui-reference.png,ba047f42db7038f9930a9473b73cffb9fe54fcd10c2b8e4382bce65f63d9171c
chart_lab|control_center_separate|control_center_embedded|visual_os|pc_reference,tablet_productive|pos_checkout|checkout|dense_tables,2520,.svg,liquid_vapor_reference,Liquid / Vapor Reference,liquid-operations-smoke.svg,"Familia wow con humo/líquido. Entra con route budget y bozal. Hits: liquid, smoke",products/tablet/app/public/surface-visual-governor/tablet-light-shell/pilot-05/atmosphere-assets/backgrounds/liquid-operations-smoke.svg,6ddc58de617baef084ab591d6d778bce59a7e96ab67d348a37a31309aa74824a
chart_lab|control_center_separate|control_center_embedded|visual_os|pc_reference,tablet_productive|pos_checkout|checkout|dense_tables,2918510,.png,liquid_vapor_reference,Liquid / Vapor Reference,liquid-operations-ui-reference.png,Familia wow con humo/líquido. Entra con route budget y bozal. Hits: liquid,products/tablet/app/public/surface-visual-governor/tablet-light-shell/pilot-05/atmosphere-assets/backgrounds/liquid-operations-ui-reference.png,ba047f42db7038f9930a9473b73cffb9fe54fcd10c2b8e4382bce65f63d9171c
chart_lab|control_center_separate|control_center_embedded|visual_os|pc_reference,tablet_productive|pos_checkout|checkout|dense_tables,2520,.svg,liquid_vapor_reference,Liquid / Vapor Reference,liquid-operations-smoke.svg,"Familia wow con humo/líquido. Entra con route budget y bozal. Hits: liquid, smoke",products/tablet/app/public/visual-os/tablet-light-visual-preset-engine/assets/backgrounds/liquid-operations-smoke.svg,6ddc58de617baef084ab591d6d778bce59a7e96ab67d348a37a31309aa74824a
chart_lab|control_center_separate|control_center_embedded|visual_os|pc_reference,tablet_productive|pos_checkout|checkout|dense_tables,2918510,.png,liquid_vapor_reference,Liquid / Vapor Reference,liquid-operations-ui-reference.png,Familia wow con humo/líquido. Entra con route budget y bozal. Hits: liquid,products/tablet/app/public/visual-os/tablet-light-visual-preset-engine/assets/backgrounds/liquid-operations-ui-reference.png,ba047f42db7038f9930a9473b73cffb9fe54fcd10c2b8e4382bce65f63d9171c
chart_lab|control_center_separate|control_center_embedded|visual_os|pc_reference,tablet_productive|pos_checkout|checkout|dense_tables,2360,.svg,liquid_vapor_reference,Liquid / Vapor Reference,visual-smoke-test.expected.svg,Familia wow con humo/líquido. Entra con route budget y bozal. Hits: smoke,products/tablet/app/public/visual-os/tablet-light-visual-preset-engine/visual-smoke-test.expected.svg,9855ea1c013b351f52526d4735924a7131a1e655f263d1ad4a934ee34a17c989
chart_lab|control_center_separate|control_center_embedded|visual_os|pc_reference,tablet_productive|pos_checkout|checkout|dense_tables,2520,.svg,liquid_vapor_reference,Liquid / Vapor Reference,liquid-operations-smoke.svg,"Familia wow con humo/líquido. Entra con route budget y bozal. Hits: liquid, smoke",tools/prisma-surface-visual-governor/public-mirrors/chart-lab/atmosphere-assets/backgrounds/liquid-operations-smoke.svg,6ddc58de617baef084ab591d6d778bce59a7e96ab67d348a37a31309aa74824a
chart_lab|control_center_separate|control_center_embedded|visual_os|pc_reference,tablet_productive|pos_checkout|checkout|dense_tables,2918510,.png,liquid_vapor_reference,Liquid / Vapor Reference,liquid-operations-ui-reference.png,Familia wow con humo/líquido. Entra con route budget y bozal. Hits: liquid,tools/prisma-surface-visual-governor/public-mirrors/chart-lab/atmosphere-assets/backgrounds/liquid-operations-ui-reference.png,ba047f42db7038f9930a9473b73cffb9fe54fcd10c2b8e4382bce65f63d9171c
chart_lab|control_center_separate|control_center_embedded|visual_os|pc_reference,tablet_productive|pos_checkout|checkout|dense_tables,2520,.svg,liquid_vapor_reference,Liquid / Vapor Reference,liquid-operations-smoke.svg,"Familia wow con humo/líquido. Entra con route budget y bozal. Hits: liquid, smoke",tools/prisma-surface-visual-governor/public-mirrors/mobile/mobile-thin-mist-shell/latest/atmosphere-assets/backgrounds/liquid-operations-smoke.svg,6ddc58de617baef084ab591d6d778bce59a7e96ab67d348a37a31309aa74824a
chart_lab|control_center_separate|control_center_embedded|visual_os|pc_reference,tablet_productive|pos_checkout|checkout|dense_tables,2520,.svg,liquid_vapor_reference,Liquid / Vapor Reference,liquid-operations-smoke.svg,"Familia wow con humo/líquido. Entra con route budget y bozal. Hits: liquid, smoke",tools/prisma-surface-visual-governor/public-mirrors/mobile/mobile-thin-mist-shell/pilot-09/atmosphere-assets/backgrounds/liquid-operations-smoke.svg,6ddc58de617baef084ab591d6d778bce59a7e96ab67d348a37a31309aa74824a
chart_lab|control_center_separate|control_center_embedded|visual_os|pc_reference,tablet_productive|pos_checkout|checkout|dense_tables,2520,.svg,liquid_vapor_reference,Liquid / Vapor Reference,liquid-operations-smoke.svg,"Familia wow con humo/líquido. Entra con route budget y bozal. Hits: liquid, smoke",tools/prisma-surface-visual-governor/public-mirrors/pc/dashboard/latest/atmosphere-assets/backgrounds/liquid-operations-smoke.svg,6ddc58de617baef084ab591d6d778bce59a7e96ab67d348a37a31309aa74824a
chart_lab|control_center_separate|control_center_embedded|visual_os|pc_reference,tablet_productive|pos_checkout|checkout|dense_tables,2918510,.png,liquid_vapor_reference,Liquid / Vapor Reference,liquid-operations-ui-reference.png,Familia wow con humo/líquido. Entra con route budget y bozal. Hits: liquid,tools/prisma-surface-visual-governor/public-mirrors/pc/dashboard/latest/atmosphere-assets/backgrounds/liquid-operations-ui-reference.png,ba047f42db7038f9930a9473b73cffb9fe54fcd10c2b8e4382bce65f63d9171c
chart_lab|control_center_separate|control_center_embedded|visual_os|pc_reference,tablet_productive|pos_checkout|checkout|dense_tables,2520,.svg,liquid_vapor_reference,Liquid / Vapor Reference,liquid-operations-smoke.svg,"Familia wow con humo/líquido. Entra con route budget y bozal. Hits: liquid, smoke",tools/prisma-surface-visual-governor/public-mirrors/pc/dashboard/pilot-04/atmosphere-assets/backgrounds/liquid-operations-smoke.svg,6ddc58de617baef084ab591d6d778bce59a7e96ab67d348a37a31309aa74824a
chart_lab|control_center_separate|control_center_embedded|visual_os|pc_reference,tablet_productive|pos_checkout|checkout|dense_tables,2918510,.png,liquid_vapor_reference,Liquid / Vapor Reference,liquid-operations-ui-reference.png,Familia wow con humo/líquido. Entra con route budget y bozal. Hits: liquid,tools/prisma-surface-visual-governor/public-mirrors/pc/dashboard/pilot-04/atmosphere-assets/backgrounds/liquid-operations-ui-reference.png,ba047f42db7038f9930a9473b73cffb9fe54fcd10c2b8e4382bce65f63d9171c
chart_lab|control_center_separate|control_center_embedded|visual_os|pc_reference,tablet_productive|pos_checkout|checkout|dense_tables,2520,.svg,liquid_vapor_reference,Liquid / Vapor Reference,liquid-operations-smoke.svg,"Familia wow con humo/líquido. Entra con route budget y bozal. Hits: liquid, smoke",tools/prisma-surface-visual-governor/public-mirrors/pc/reference-visual/latest/atmosphere-assets/backgrounds/liquid-operations-smoke.svg,6ddc58de617baef084ab591d6d778bce59a7e96ab67d348a37a31309aa74824a
chart_lab|control_center_separate|control_center_embedded|visual_os|pc_reference,tablet_productive|pos_checkout|checkout|dense_tables,2918510,.png,liquid_vapor_reference,Liquid / Vapor Reference,liquid-operations-ui-reference.png,Familia wow con humo/líquido. Entra con route budget y bozal. Hits: liquid,tools/prisma-surface-visual-governor/public-mirrors/pc/reference-visual/latest/atmosphere-assets/backgrounds/liquid-operations-ui-reference.png,ba047f42db7038f9930a9473b73cffb9fe54fcd10c2b8e4382bce65f63d9171c
chart_lab|control_center_separate|control_center_embedded|visual_os|pc_reference,tablet_productive|pos_checkout|checkout|dense_tables,2520,.svg,liquid_vapor_reference,Liquid / Vapor Reference,liquid-operations-smoke.svg,"Familia wow con humo/líquido. Entra con route budget y bozal. Hits: liquid, smoke",tools/prisma-surface-visual-governor/public-mirrors/pc/reference-visual/pilot-03/atmosphere-assets/backgrounds/liquid-operations-smoke.svg,6ddc58de617baef084ab591d6d778bce59a7e96ab67d348a37a31309aa74824a
chart_lab|control_center_separate|control_center_embedded|visual_os|pc_reference,tablet_productive|pos_checkout|checkout|dense_tables,2918510,.png,liquid_vapor_reference,Liquid / Vapor Reference,liquid-operations-ui-reference.png,Familia wow con humo/líquido. Entra con route budget y bozal. Hits: liquid,tools/prisma-surface-visual-governor/public-mirrors/pc/reference-visual/pilot-03/atmosphere-assets/backgrounds/liquid-operations-ui-reference.png,ba047f42db7038f9930a9473b73cffb9fe54fcd10c2b8e4382bce65f63d9171c
chart_lab|control_center_separate|control_center_embedded|visual_os|pc_reference,tablet_productive|pos_checkout|checkout|dense_tables,2520,.svg,liquid_vapor_reference,Liquid / Vapor Reference,liquid-operations-smoke.svg,"Familia wow con humo/líquido. Entra con route budget y bozal. Hits: liquid, smoke",tools/prisma-surface-visual-governor/public-mirrors/tablet/checkout-light-safe-shell/latest/atmosphere-assets/backgrounds/liquid-operations-smoke.svg,6ddc58de617baef084ab591d6d778bce59a7e96ab67d348a37a31309aa74824a
chart_lab|control_center_separate|control_center_embedded|visual_os|pc_reference,tablet_productive|pos_checkout|checkout|dense_tables,2918510,.png,liquid_vapor_reference,Liquid / Vapor Reference,liquid-operations-ui-reference.png,Familia wow con humo/líquido. Entra con route budget y bozal. Hits: liquid,tools/prisma-surface-visual-governor/public-mirrors/tablet/checkout-light-safe-shell/latest/atmosphere-assets/backgrounds/liquid-operations-ui-reference.png,ba047f42db7038f9930a9473b73cffb9fe54fcd10c2b8e4382bce65f63d9171c
chart_lab|control_center_separate|control_center_embedded|visual_os|pc_reference,tablet_productive|pos_checkout|checkout|dense_tables,2520,.svg,liquid_vapor_reference,Liquid / Vapor Reference,liquid-operations-smoke.svg,"Familia wow con humo/líquido. Entra con route budget y bozal. Hits: liquid, smoke",tools/prisma-surface-visual-governor/public-mirrors/tablet/checkout-light-safe-shell/pilot-08/atmosphere-assets/backgrounds/liquid-operations-smoke.svg,6ddc58de617baef084ab591d6d778bce59a7e96ab67d348a37a31309aa74824a
chart_lab|control_center_separate|control_center_embedded|visual_os|pc_reference,tablet_productive|pos_checkout|checkout|dense_tables,2918510,.png,liquid_vapor_reference,Liquid / Vapor Reference,liquid-operations-ui-reference.png,Familia wow con humo/líquido. Entra con route budget y bozal. Hits: liquid,tools/prisma-surface-visual-governor/public-mirrors/tablet/checkout-light-safe-shell/pilot-08/atmosphere-assets/backgrounds/liquid-operations-ui-reference.png,ba047f42db7038f9930a9473b73cffb9fe54fcd10c2b8e4382bce65f63d9171c
chart_lab|control_center_separate|control_center_embedded|visual_os|pc_reference,tablet_productive|pos_checkout|checkout|dense_tables,2520,.svg,liquid_vapor_reference,Liquid / Vapor Reference,liquid-operations-smoke.svg,"Familia wow con humo/líquido. Entra con route budget y bozal. Hits: liquid, smoke",tools/prisma-surface-visual-governor/public-mirrors/tablet/pos-light-safe-shell/latest/atmosphere-assets/backgrounds/liquid-operations-smoke.svg,6ddc58de617baef084ab591d6d778bce59a7e96ab67d348a37a31309aa74824a
chart_lab|control_center_separate|control_center_embedded|visual_os|pc_reference,tablet_productive|pos_checkout|checkout|dense_tables,2918510,.png,liquid_vapor_reference,Liquid / Vapor Reference,liquid-operations-ui-reference.png,Familia wow con humo/líquido. Entra con route budget y bozal. Hits: liquid,tools/prisma-surface-visual-governor/public-mirrors/tablet/pos-light-safe-shell/latest/atmosphere-assets/backgrounds/liquid-operations-ui-reference.png,ba047f42db7038f9930a9473b73cffb9fe54fcd10c2b8e4382bce65f63d9171c
chart_lab|control_center_separate|control_center_embedded|visual_os|pc_reference,tablet_productive|pos_checkout|checkout|dense_tables,2520,.svg,liquid_vapor_reference,Liquid / Vapor Reference,liquid-operations-smoke.svg,"Familia wow con humo/líquido. Entra con route budget y bozal. Hits: liquid, smoke",tools/prisma-surface-visual-governor/public-mirrors/tablet/pos-light-safe-shell/pilot-07/atmosphere-assets/backgrounds/liquid-operations-smoke.svg,6ddc58de617baef084ab591d6d778bce59a7e96ab67d348a37a31309aa74824a
chart_lab|control_center_separate|control_center_embedded|visual_os|pc_reference,tablet_productive|pos_checkout|checkout|dense_tables,2918510,.png,liquid_vapor_reference,Liquid / Vapor Reference,liquid-operations-ui-reference.png,Familia wow con humo/líquido. Entra con route budget y bozal. Hits: liquid,tools/prisma-surface-visual-governor/public-mirrors/tablet/pos-light-safe-shell/pilot-07/atmosphere-assets/backgrounds/liquid-operations-ui-reference.png,ba047f42db7038f9930a9473b73cffb9fe54fcd10c2b8e4382bce65f63d9171c
chart_lab|control_center_separate|control_center_embedded|visual_os|pc_reference,tablet_productive|pos_checkout|checkout|dense_tables,2520,.svg,liquid_vapor_reference,Liquid / Vapor Reference,liquid-operations-smoke.svg,"Familia wow con humo/líquido. Entra con route budget y bozal. Hits: liquid, smoke",tools/prisma-surface-visual-governor/public-mirrors/tablet/tablet-light-shell/latest/atmosphere-assets/backgrounds/liquid-operations-smoke.svg,6ddc58de617baef084ab591d6d778bce59a7e96ab67d348a37a31309aa74824a
chart_lab|control_center_separate|control_center_embedded|visual_os|pc_reference,tablet_productive|pos_checkout|checkout|dense_tables,2918510,.png,liquid_vapor_reference,Liquid / Vapor Reference,liquid-operations-ui-reference.png,Familia wow con humo/líquido. Entra con route budget y bozal. Hits: liquid,tools/prisma-surface-visual-governor/public-mirrors/tablet/tablet-light-shell/latest/atmosphere-assets/backgrounds/liquid-operations-ui-reference.png,ba047f42db7038f9930a9473b73cffb9fe54fcd10c2b8e4382bce65f63d9171c
chart_lab|control_center_separate|control_center_embedded|visual_os|pc_reference,tablet_productive|pos_checkout|checkout|dense_tables,2520,.svg,liquid_vapor_reference,Liquid / Vapor Reference,liquid-operations-smoke.svg,"Familia wow con humo/líquido. Entra con route budget y bozal. Hits: liquid, smoke",tools/prisma-surface-visual-governor/public-mirrors/tablet/tablet-light-shell/pilot-05/atmosphere-assets/backgrounds/liquid-operations-smoke.svg,6ddc58de617baef084ab591d6d778bce59a7e96ab67d348a37a31309aa74824a
chart_lab|control_center_separate|control_center_embedded|visual_os|pc_reference,tablet_productive|pos_checkout|checkout|dense_tables,2918510,.png,liquid_vapor_reference,Liquid / Vapor Reference,liquid-operations-ui-reference.png,Familia wow con humo/líquido. Entra con route budget y bozal. Hits: liquid,tools/prisma-surface-visual-governor/public-mirrors/tablet/tablet-light-shell/pilot-05/atmosphere-assets/backgrounds/liquid-operations-ui-reference.png,ba047f42db7038f9930a9473b73cffb9fe54fcd10c2b8e4382bce65f63d9171c
mobile,pos_checkout,25823,.png,mobile_thin_mist,Mobile Thin Mist,apple-touch-icon-precomposed.png,"Bajo ruido, battery-friendly, reduced motion. Hits: mobile",products/mobile/app/public/apple-touch-icon-precomposed.png,25f22793051ff87fec5ba6cb907f432886228924e26714f8c03e72a71312a6ef
mobile,pos_checkout,25823,.png,mobile_thin_mist,Mobile Thin Mist,apple-touch-icon.png,"Bajo ruido, battery-friendly, reduced motion. Hits: mobile",products/mobile/app/public/apple-touch-icon.png,25f22793051ff87fec5ba6cb907f432886228924e26714f8c03e72a71312a6ef
mobile,pos_checkout,2104497,.svg,mobile_thin_mist,Mobile Thin Mist,prisma-app-icon.svg,"Bajo ruido, battery-friendly, reduced motion. Hits: mobile",products/mobile/app/public/icons/prisma-app-icon.svg,160ccb5fa9bf0809e880cddb9796c6423671b8fbc36f9e117df56ceedc85b8a8
mobile,pos_checkout,2104497,.svg,mobile_thin_mist,Mobile Thin Mist,prisma-app-maskable.svg,"Bajo ruido, battery-friendly, reduced motion. Hits: mobile",products/mobile/app/public/icons/prisma-app-maskable.svg,160ccb5fa9bf0809e880cddb9796c6423671b8fbc36f9e117df56ceedc85b8a8
mobile,pos_checkout,2104497,.svg,mobile_thin_mist,Mobile Thin Mist,prisma-app-monochrome.svg,"Bajo ruido, battery-friendly, reduced motion. Hits: mobile",products/mobile/app/public/icons/prisma-app-monochrome.svg,160ccb5fa9bf0809e880cddb9796c6423671b8fbc36f9e117df56ceedc85b8a8
mobile,pos_checkout,28728,.png,mobile_thin_mist,Mobile Thin Mist,prisma-pwa-192.png,"Bajo ruido, battery-friendly, reduced motion. Hits: mobile",products/mobile/app/public/icons/prisma-pwa-192.png,98c3da55789814d48d7dd0dc4ddf778b907c9fb2d2425bd667ac5d8ecf5ada68
mobile,pos_checkout,151837,.png,mobile_thin_mist,Mobile Thin Mist,prisma-pwa-512.png,"Bajo ruido, battery-friendly, reduced motion. Hits: mobile",products/mobile/app/public/icons/prisma-pwa-512.png,7db6fcc37277cf3c7f78bb4d93f98f8a4d7e372be0f113402b078596c0c8fcc5
mobile,pos_checkout,25831,.png,mobile_thin_mist,Mobile Thin Mist,prisma_ios_touch_icon_180.png,"Bajo ruido, battery-friendly, reduced motion. Hits: mobile",products/mobile/app/public/icons/prisma_ios_touch_icon_180.png,56b7f59beca53af4cfefe7e72d03c586dc084009a4e997c1cee327cec222ebde
mobile,pos_checkout,2104497,.svg,mobile_thin_mist,Mobile Thin Mist,prisma_playstore_icon(1).svg,"Bajo ruido, battery-friendly, reduced motion. Hits: mobile",products/mobile/app/public/icons/prisma_playstore_icon(1).svg,160ccb5fa9bf0809e880cddb9796c6423671b8fbc36f9e117df56ceedc85b8a8
mobile,pos_checkout,2104497,.svg,mobile_thin_mist,Mobile Thin Mist,prisma_playstore_icon(2).svg,"Bajo ruido, battery-friendly, reduced motion. Hits: mobile",products/mobile/app/public/icons/prisma_playstore_icon(2).svg,160ccb5fa9bf0809e880cddb9796c6423671b8fbc36f9e117df56ceedc85b8a8
mobile,pos_checkout,28728,.png,mobile_thin_mist,Mobile Thin Mist,prisma_playstore_icon_192.png,"Bajo ruido, battery-friendly, reduced motion. Hits: mobile",products/mobile/app/public/icons/prisma_playstore_icon_192.png,98c3da55789814d48d7dd0dc4ddf778b907c9fb2d2425bd667ac5d8ecf5ada68
mobile,pos_checkout,151837,.png,mobile_thin_mist,Mobile Thin Mist,prisma_playstore_icon_512.png,"Bajo ruido, battery-friendly, reduced motion. Hits: mobile",products/mobile/app/public/icons/prisma_playstore_icon_512.png,7db6fcc37277cf3c7f78bb4d93f98f8a4d7e372be0f113402b078596c0c8fcc5
mobile,pos_checkout,1578065,.png,mobile_thin_mist,Mobile Thin Mist,prisma_whatsapp_install_icon.png,"Bajo ruido, battery-friendly, reduced motion. Hits: mobile",products/mobile/app/public/icons/prisma_whatsapp_install_icon.png,df70ef209ccdaf3730983f167321eacdf7fd66b89e78bb30daddf202db0a26ed
mobile,pos_checkout,1578065,.png,mobile_thin_mist,Mobile Thin Mist,og-image.png,"Bajo ruido, battery-friendly, reduced motion. Hits: mobile",products/mobile/app/public/og-image.png,df70ef209ccdaf3730983f167321eacdf7fd66b89e78bb30daddf202db0a26ed
mobile,pos_checkout,399,.svg,mobile_thin_mist,Mobile Thin Mist,prisma-mobile-maskable-icon.svg,"Bajo ruido, battery-friendly, reduced motion. Hits: mobile",products/mobile/app/public/prisma-mobile-maskable-icon.svg,5bf107a00c4691ba770bb2c62e54881b2167769a681908e4d49475f73f5baf6d
mobile,pos_checkout,895,.svg,mobile_thin_mist,Mobile Thin Mist,prisma-mobile-premium-mark.svg,"Bajo ruido, battery-friendly, reduced motion. Hits: mobile",products/mobile/app/public/prisma-mobile-premium-mark.svg,b195ec0401ee6ac120c9ea2d352dd283f8ba6beef2092f88aed747af9089f93c
mobile,pos_checkout,1578065,.png,mobile_thin_mist,Mobile Thin Mist,prisma-whatsapp-preview.png,"Bajo ruido, battery-friendly, reduced motion. Hits: mobile",products/mobile/app/public/prisma-whatsapp-preview.png,df70ef209ccdaf3730983f167321eacdf7fd66b89e78bb30daddf202db0a26ed
mobile,pos_checkout,116182,.png,mobile_thin_mist,Mobile Thin Mist,prisma-mobile-pwa-dashboard.png,"Bajo ruido, battery-friendly, reduced motion. Hits: mobile",products/mobile/app/public/screenshots/prisma-mobile-pwa-dashboard.png,c82c182fac9fe9fcd614125497bd93b745f444450eb23c77cdcc6be5dc02ea9b
mobile,pos_checkout,2918510,.png,mobile_thin_mist,Mobile Thin Mist,liquid-operations-ui-reference.png,"Bajo ruido, battery-friendly, reduced motion. Hits: mobile, thin-mist",products/mobile/app/public/surface-visual-governor/mobile-thin-mist-shell/latest/atmosphere-assets/backgrounds/liquid-operations-ui-reference.png,ba047f42db7038f9930a9473b73cffb9fe54fcd10c2b8e4382bce65f63d9171c
mobile,pos_checkout,2918510,.png,mobile_thin_mist,Mobile Thin Mist,liquid-operations-ui-reference.png,"Bajo ruido, battery-friendly, reduced motion. Hits: mobile, thin-mist",products/mobile/app/public/surface-visual-governor/mobile-thin-mist-shell/pilot-09/atmosphere-assets/backgrounds/liquid-operations-ui-reference.png,ba047f42db7038f9930a9473b73cffb9fe54fcd10c2b8e4382bce65f63d9171c
mobile,pos_checkout,433453,.png,mobile_thin_mist,Mobile Thin Mist,chart-lab-maps-mobile-frame.png,"Bajo ruido, battery-friendly, reduced motion. Hits: mobile",tools/_local/evidence/chart-lab/screenshots/chart-lab-maps-mobile-frame.png,53b83992b5e042de169bc311cdac20edfe98f120a1324f502c174bcfa27b2b6a
mobile,pos_checkout,362009,.png,mobile_thin_mist,Mobile Thin Mist,chart-lab-mobile-viewport.png,"Bajo ruido, battery-friendly, reduced motion. Hits: mobile",tools/_local/evidence/chart-lab/screenshots/chart-lab-mobile-viewport.png,126c7171e60f1a080749e13504265a46acde6d1addb6bf9630d620f4e3223b53
mobile,pos_checkout,2918510,.png,mobile_thin_mist,Mobile Thin Mist,liquid-operations-ui-reference.png,"Bajo ruido, battery-friendly, reduced motion. Hits: mobile, thin-mist",tools/prisma-surface-visual-governor/public-mirrors/mobile/mobile-thin-mist-shell/latest/atmosphere-assets/backgrounds/liquid-operations-ui-reference.png,ba047f42db7038f9930a9473b73cffb9fe54fcd10c2b8e4382bce65f63d9171c
mobile,pos_checkout,2918510,.png,mobile_thin_mist,Mobile Thin Mist,liquid-operations-ui-reference.png,"Bajo ruido, battery-friendly, reduced motion. Hits: mobile, thin-mist",tools/prisma-surface-visual-governor/public-mirrors/mobile/mobile-thin-mist-shell/pilot-09/atmosphere-assets/backgrounds/liquid-operations-ui-reference.png,ba047f42db7038f9930a9473b73cffb9fe54fcd10c2b8e4382bce65f63d9171c
pc|chart_lab|control_center_separate|control_center_embedded,pos_checkout,19761037,.png,pc_graphite_cloudglass_stack,PC Graphite Cloudglass Stack,01_prisma_base_graphite_cloudglass.png,"Casa matriz Cloudglass: base graphite + fracture/light + mist/dust. Hits: 01_prisma_base_graphite_cloudglass, graphite",products/pc/app/public/backgrounds/prisma/01_prisma_base_graphite_cloudglass.png,3015a4e7007ed200267cd6c50d2f2b10f2a4b000148dcd749c8e4c7dd95c4d88
pc|chart_lab|control_center_separate|control_center_embedded,pos_checkout,4424931,.png,pc_graphite_cloudglass_stack,PC Graphite Cloudglass Stack,02_prisma_fractures_light_overlay_alpha.png,"Casa matriz Cloudglass: base graphite + fracture/light + mist/dust. Hits: 02_prisma_fractures_light_overlay, fracture",products/pc/app/public/backgrounds/prisma/02_prisma_fractures_light_overlay_alpha.png,e78c27fe22498b30a8f01badc476adc2ed479b2a88906b6b2a003f82558bb553
pc|chart_lab|control_center_separate|control_center_embedded,pos_checkout,10566164,.png,pc_graphite_cloudglass_stack,PC Graphite Cloudglass Stack,03_prisma_mist_dust_overlay_alpha.png,"Casa matriz Cloudglass: base graphite + fracture/light + mist/dust. Hits: 03_prisma_mist_dust_overlay, mist_dust",products/pc/app/public/backgrounds/prisma/03_prisma_mist_dust_overlay_alpha.png,f94bfa24f656db356a45e435f68b9a0a1584663c418c8375cdf3cf64a7c3dc67
pc_reference|chart_lab|control_center_separate|control_center_embedded|visual_os,tablet_productive|pos_checkout|checkout|web_eit_public,1191,.svg,storm_graphite_dark_showcase,Storm / Graphite Dark Showcase,aurora-slate-veil.svg,"Premium oscuro para showcase, Visual OS, Chart Lab y PC referencia. No POS/Checkout. Hits: aurora, slate, aurora-slate",products/chart-lab/app/public/surface-visual-governor/atmosphere-assets/backgrounds/aurora-slate-veil.svg,7eacb0164fe1c392c9dcb71a0e08ac184ce6b5698e841b7f201577c6656898be
pc_reference|chart_lab|control_center_separate|control_center_embedded|visual_os,tablet_productive|pos_checkout|checkout|web_eit_public,959,.svg,storm_graphite_dark_showcase,Storm / Graphite Dark Showcase,obsidian-cloud-motion.svg,"Premium oscuro para showcase, Visual OS, Chart Lab y PC referencia. No POS/Checkout. Hits: obsidian, obsidian-cloud",products/chart-lab/app/public/surface-visual-governor/atmosphere-assets/backgrounds/obsidian-cloud-motion.svg,6ab40acf7fa6360d5dd65346b6046490f93d4072d37a519ec01d7a61795f9a5a
pc_reference|chart_lab|control_center_separate|control_center_embedded|visual_os,tablet_productive|pos_checkout|checkout|web_eit_public,173999,.jpg,storm_graphite_dark_showcase,Storm / Graphite Dark Showcase,storm-cloud-operations-real.jpg,"Premium oscuro para showcase, Visual OS, Chart Lab y PC referencia. No POS/Checkout. Hits: storm, storm-cloud",products/chart-lab/app/public/surface-visual-governor/atmosphere-assets/backgrounds/storm-cloud-operations-real.jpg,9245d5f589df75a53a2e3509a5a5971ea14d2fe9366cde1e083586e917c35219
pc_reference|chart_lab|control_center_separate|control_center_embedded|visual_os,tablet_productive|pos_checkout|checkout|web_eit_public,1286,.svg,storm_graphite_dark_showcase,Storm / Graphite Dark Showcase,storm-glass-horizon.svg,"Premium oscuro para showcase, Visual OS, Chart Lab y PC referencia. No POS/Checkout. Hits: storm, storm-glass",products/chart-lab/app/public/surface-visual-governor/atmosphere-assets/backgrounds/storm-glass-horizon.svg,89ce674e6d9a4f9474330b7b008e930b5e8eec2d7bc15cb94ea47e0a93dcf951
pc_reference|chart_lab|control_center_separate|control_center_embedded|visual_os,tablet_productive|pos_checkout|checkout|web_eit_public,1191,.svg,storm_graphite_dark_showcase,Storm / Graphite Dark Showcase,aurora-slate-veil.svg,"Premium oscuro para showcase, Visual OS, Chart Lab y PC referencia. No POS/Checkout. Hits: aurora, slate, aurora-slate",products/mobile/app/public/surface-visual-governor/mobile-thin-mist-shell/latest/atmosphere-assets/backgrounds/aurora-slate-veil.svg,7eacb0164fe1c392c9dcb71a0e08ac184ce6b5698e841b7f201577c6656898be
pc_reference|chart_lab|control_center_separate|control_center_embedded|visual_os,tablet_productive|pos_checkout|checkout|web_eit_public,959,.svg,storm_graphite_dark_showcase,Storm / Graphite Dark Showcase,obsidian-cloud-motion.svg,"Premium oscuro para showcase, Visual OS, Chart Lab y PC referencia. No POS/Checkout. Hits: obsidian, obsidian-cloud",products/mobile/app/public/surface-visual-governor/mobile-thin-mist-shell/latest/atmosphere-assets/backgrounds/obsidian-cloud-motion.svg,6ab40acf7fa6360d5dd65346b6046490f93d4072d37a519ec01d7a61795f9a5a
pc_reference|chart_lab|control_center_separate|control_center_embedded|visual_os,tablet_productive|pos_checkout|checkout|web_eit_public,173999,.jpg,storm_graphite_dark_showcase,Storm / Graphite Dark Showcase,storm-cloud-operations-real.jpg,"Premium oscuro para showcase, Visual OS, Chart Lab y PC referencia. No POS/Checkout. Hits: storm, storm-cloud",products/mobile/app/public/surface-visual-governor/mobile-thin-mist-shell/latest/atmosphere-assets/backgrounds/storm-cloud-operations-real.jpg,9245d5f589df75a53a2e3509a5a5971ea14d2fe9366cde1e083586e917c35219
pc_reference|chart_lab|control_center_separate|control_center_embedded|visual_os,tablet_productive|pos_checkout|checkout|web_eit_public,1286,.svg,storm_graphite_dark_showcase,Storm / Graphite Dark Showcase,storm-glass-horizon.svg,"Premium oscuro para showcase, Visual OS, Chart Lab y PC referencia. No POS/Checkout. Hits: storm, storm-glass",products/mobile/app/public/surface-visual-governor/mobile-thin-mist-shell/latest/atmosphere-assets/backgrounds/storm-glass-horizon.svg,89ce674e6d9a4f9474330b7b008e930b5e8eec2d7bc15cb94ea47e0a93dcf951
pc_reference|chart_lab|control_center_separate|control_center_embedded|visual_os,tablet_productive|pos_checkout|checkout|web_eit_public,1191,.svg,storm_graphite_dark_showcase,Storm / Graphite Dark Showcase,aurora-slate-veil.svg,"Premium oscuro para showcase, Visual OS, Chart Lab y PC referencia. No POS/Checkout. Hits: aurora, slate, aurora-slate",products/mobile/app/public/surface-visual-governor/mobile-thin-mist-shell/pilot-09/atmosphere-assets/backgrounds/aurora-slate-veil.svg,7eacb0164fe1c392c9dcb71a0e08ac184ce6b5698e841b7f201577c6656898be
pc_reference|chart_lab|control_center_separate|control_center_embedded|visual_os,tablet_productive|pos_checkout|checkout|web_eit_public,959,.svg,storm_graphite_dark_showcase,Storm / Graphite Dark Showcase,obsidian-cloud-motion.svg,"Premium oscuro para showcase, Visual OS, Chart Lab y PC referencia. No POS/Checkout. Hits: obsidian, obsidian-cloud",products/mobile/app/public/surface-visual-governor/mobile-thin-mist-shell/pilot-09/atmosphere-assets/backgrounds/obsidian-cloud-motion.svg,6ab40acf7fa6360d5dd65346b6046490f93d4072d37a519ec01d7a61795f9a5a
pc_reference|chart_lab|control_center_separate|control_center_embedded|visual_os,tablet_productive|pos_checkout|checkout|web_eit_public,173999,.jpg,storm_graphite_dark_showcase,Storm / Graphite Dark Showcase,storm-cloud-operations-real.jpg,"Premium oscuro para showcase, Visual OS, Chart Lab y PC referencia. No POS/Checkout. Hits: storm, storm-cloud",products/mobile/app/public/surface-visual-governor/mobile-thin-mist-shell/pilot-09/atmosphere-assets/backgrounds/storm-cloud-operations-real.jpg,9245d5f589df75a53a2e3509a5a5971ea14d2fe9366cde1e083586e917c35219
pc_reference|chart_lab|control_center_separate|control_center_embedded|visual_os,tablet_productive|pos_checkout|checkout|web_eit_public,1286,.svg,storm_graphite_dark_showcase,Storm / Graphite Dark Showcase,storm-glass-horizon.svg,"Premium oscuro para showcase, Visual OS, Chart Lab y PC referencia. No POS/Checkout. Hits: storm, storm-glass",products/mobile/app/public/surface-visual-governor/mobile-thin-mist-shell/pilot-09/atmosphere-assets/backgrounds/storm-glass-horizon.svg,89ce674e6d9a4f9474330b7b008e930b5e8eec2d7bc15cb94ea47e0a93dcf951
pc_reference|chart_lab|control_center_separate|control_center_embedded|visual_os,tablet_productive|pos_checkout|checkout|web_eit_public,1191,.svg,storm_graphite_dark_showcase,Storm / Graphite Dark Showcase,aurora-slate-veil.svg,"Premium oscuro para showcase, Visual OS, Chart Lab y PC referencia. No POS/Checkout. Hits: aurora, slate, aurora-slate",products/pc/app/public/surface-visual-governor/dashboard/latest/atmosphere-assets/backgrounds/aurora-slate-veil.svg,7eacb0164fe1c392c9dcb71a0e08ac184ce6b5698e841b7f201577c6656898be
pc_reference|chart_lab|control_center_separate|control_center_embedded|visual_os,tablet_productive|pos_checkout|checkout|web_eit_public,959,.svg,storm_graphite_dark_showcase,Storm / Graphite Dark Showcase,obsidian-cloud-motion.svg,"Premium oscuro para showcase, Visual OS, Chart Lab y PC referencia. No POS/Checkout. Hits: obsidian, obsidian-cloud",products/pc/app/public/surface-visual-governor/dashboard/latest/atmosphere-assets/backgrounds/obsidian-cloud-motion.svg,6ab40acf7fa6360d5dd65346b6046490f93d4072d37a519ec01d7a61795f9a5a
pc_reference|chart_lab|control_center_separate|control_center_embedded|visual_os,tablet_productive|pos_checkout|checkout|web_eit_public,173999,.jpg,storm_graphite_dark_showcase,Storm / Graphite Dark Showcase,storm-cloud-operations-real.jpg,"Premium oscuro para showcase, Visual OS, Chart Lab y PC referencia. No POS/Checkout. Hits: storm, storm-cloud",products/pc/app/public/surface-visual-governor/dashboard/latest/atmosphere-assets/backgrounds/storm-cloud-operations-real.jpg,9245d5f589df75a53a2e3509a5a5971ea14d2fe9366cde1e083586e917c35219
pc_reference|chart_lab|control_center_separate|control_center_embedded|visual_os,tablet_productive|pos_checkout|checkout|web_eit_public,1286,.svg,storm_graphite_dark_showcase,Storm / Graphite Dark Showcase,storm-glass-horizon.svg,"Premium oscuro para showcase, Visual OS, Chart Lab y PC referencia. No POS/Checkout. Hits: storm, storm-glass",products/pc/app/public/surface-visual-governor/dashboard/latest/atmosphere-assets/backgrounds/storm-glass-horizon.svg,89ce674e6d9a4f9474330b7b008e930b5e8eec2d7bc15cb94ea47e0a93dcf951
pc_reference|chart_lab|control_center_separate|control_center_embedded|visual_os,tablet_productive|pos_checkout|checkout|web_eit_public,1191,.svg,storm_graphite_dark_showcase,Storm / Graphite Dark Showcase,aurora-slate-veil.svg,"Premium oscuro para showcase, Visual OS, Chart Lab y PC referencia. No POS/Checkout. Hits: aurora, slate, aurora-slate",products/pc/app/public/surface-visual-governor/dashboard/pilot-04/atmosphere-assets/backgrounds/aurora-slate-veil.svg,7eacb0164fe1c392c9dcb71a0e08ac184ce6b5698e841b7f201577c6656898be
pc_reference|chart_lab|control_center_separate|control_center_embedded|visual_os,tablet_productive|pos_checkout|checkout|web_eit_public,959,.svg,storm_graphite_dark_showcase,Storm / Graphite Dark Showcase,obsidian-cloud-motion.svg,"Premium oscuro para showcase, Visual OS, Chart Lab y PC referencia. No POS/Checkout. Hits: obsidian, obsidian-cloud",products/pc/app/public/surface-visual-governor/dashboard/pilot-04/atmosphere-assets/backgrounds/obsidian-cloud-motion.svg,6ab40acf7fa6360d5dd65346b6046490f93d4072d37a519ec01d7a61795f9a5a
pc_reference|chart_lab|control_center_separate|control_center_embedded|visual_os,tablet_productive|pos_checkout|checkout|web_eit_public,173999,.jpg,storm_graphite_dark_showcase,Storm / Graphite Dark Showcase,storm-cloud-operations-real.jpg,"Premium oscuro para showcase, Visual OS, Chart Lab y PC referencia. No POS/Checkout. Hits: storm, storm-cloud",products/pc/app/public/surface-visual-governor/dashboard/pilot-04/atmosphere-assets/backgrounds/storm-cloud-operations-real.jpg,9245d5f589df75a53a2e3509a5a5971ea14d2fe9366cde1e083586e917c35219
pc_reference|chart_lab|control_center_separate|control_center_embedded|visual_os,tablet_productive|pos_checkout|checkout|web_eit_public,1286,.svg,storm_graphite_dark_showcase,Storm / Graphite Dark Showcase,storm-glass-horizon.svg,"Premium oscuro para showcase, Visual OS, Chart Lab y PC referencia. No POS/Checkout. Hits: storm, storm-glass",products/pc/app/public/surface-visual-governor/dashboard/pilot-04/atmosphere-assets/backgrounds/storm-glass-horizon.svg,89ce674e6d9a4f9474330b7b008e930b5e8eec2d7bc15cb94ea47e0a93dcf951
pc_reference|chart_lab|control_center_separate|control_center_embedded|visual_os,tablet_productive|pos_checkout|checkout|web_eit_public,1191,.svg,storm_graphite_dark_showcase,Storm / Graphite Dark Showcase,aurora-slate-veil.svg,"Premium oscuro para showcase, Visual OS, Chart Lab y PC referencia. No POS/Checkout. Hits: aurora, slate, aurora-slate",products/pc/app/public/surface-visual-governor/reference-visual/latest/atmosphere-assets/backgrounds/aurora-slate-veil.svg,7eacb0164fe1c392c9dcb71a0e08ac184ce6b5698e841b7f201577c6656898be
pc_reference|chart_lab|control_center_separate|control_center_embedded|visual_os,tablet_productive|pos_checkout|checkout|web_eit_public,959,.svg,storm_graphite_dark_showcase,Storm / Graphite Dark Showcase,obsidian-cloud-motion.svg,"Premium oscuro para showcase, Visual OS, Chart Lab y PC referencia. No POS/Checkout. Hits: obsidian, obsidian-cloud",products/pc/app/public/surface-visual-governor/reference-visual/latest/atmosphere-assets/backgrounds/obsidian-cloud-motion.svg,6ab40acf7fa6360d5dd65346b6046490f93d4072d37a519ec01d7a61795f9a5a
pc_reference|chart_lab|control_center_separate|control_center_embedded|visual_os,tablet_productive|pos_checkout|checkout|web_eit_public,173999,.jpg,storm_graphite_dark_showcase,Storm / Graphite Dark Showcase,storm-cloud-operations-real.jpg,"Premium oscuro para showcase, Visual OS, Chart Lab y PC referencia. No POS/Checkout. Hits: storm, storm-cloud",products/pc/app/public/surface-visual-governor/reference-visual/latest/atmosphere-assets/backgrounds/storm-cloud-operations-real.jpg,9245d5f589df75a53a2e3509a5a5971ea14d2fe9366cde1e083586e917c35219
pc_reference|chart_lab|control_center_separate|control_center_embedded|visual_os,tablet_productive|pos_checkout|checkout|web_eit_public,1286,.svg,storm_graphite_dark_showcase,Storm / Graphite Dark Showcase,storm-glass-horizon.svg,"Premium oscuro para showcase, Visual OS, Chart Lab y PC referencia. No POS/Checkout. Hits: storm, storm-glass",products/pc/app/public/surface-visual-governor/reference-visual/latest/atmosphere-assets/backgrounds/storm-glass-horizon.svg,89ce674e6d9a4f9474330b7b008e930b5e8eec2d7bc15cb94ea47e0a93dcf951
pc_reference|chart_lab|control_center_separate|control_center_embedded|visual_os,tablet_productive|pos_checkout|checkout|web_eit_public,1191,.svg,storm_graphite_dark_showcase,Storm / Graphite Dark Showcase,aurora-slate-veil.svg,"Premium oscuro para showcase, Visual OS, Chart Lab y PC referencia. No POS/Checkout. Hits: aurora, slate, aurora-slate",products/pc/app/public/surface-visual-governor/reference-visual/pilot-03/atmosphere-assets/backgrounds/aurora-slate-veil.svg,7eacb0164fe1c392c9dcb71a0e08ac184ce6b5698e841b7f201577c6656898be
pc_reference|chart_lab|control_center_separate|control_center_embedded|visual_os,tablet_productive|pos_checkout|checkout|web_eit_public,959,.svg,storm_graphite_dark_showcase,Storm / Graphite Dark Showcase,obsidian-cloud-motion.svg,"Premium oscuro para showcase, Visual OS, Chart Lab y PC referencia. No POS/Checkout. Hits: obsidian, obsidian-cloud",products/pc/app/public/surface-visual-governor/reference-visual/pilot-03/atmosphere-assets/backgrounds/obsidian-cloud-motion.svg,6ab40acf7fa6360d5dd65346b6046490f93d4072d37a519ec01d7a61795f9a5a
pc_reference|chart_lab|control_center_separate|control_center_embedded|visual_os,tablet_productive|pos_checkout|checkout|web_eit_public,173999,.jpg,storm_graphite_dark_showcase,Storm / Graphite Dark Showcase,storm-cloud-operations-real.jpg,"Premium oscuro para showcase, Visual OS, Chart Lab y PC referencia. No POS/Checkout. Hits: storm, storm-cloud",products/pc/app/public/surface-visual-governor/reference-visual/pilot-03/atmosphere-assets/backgrounds/storm-cloud-operations-real.jpg,9245d5f589df75a53a2e3509a5a5971ea14d2fe9366cde1e083586e917c35219
pc_reference|chart_lab|control_center_separate|control_center_embedded|visual_os,tablet_productive|pos_checkout|checkout|web_eit_public,1286,.svg,storm_graphite_dark_showcase,Storm / Graphite Dark Showcase,storm-glass-horizon.svg,"Premium oscuro para showcase, Visual OS, Chart Lab y PC referencia. No POS/Checkout. Hits: storm, storm-glass",products/pc/app/public/surface-visual-governor/reference-visual/pilot-03/atmosphere-assets/backgrounds/storm-glass-horizon.svg,89ce674e6d9a4f9474330b7b008e930b5e8eec2d7bc15cb94ea47e0a93dcf951
pc_reference|chart_lab|control_center_separate|control_center_embedded|visual_os,tablet_productive|pos_checkout|checkout|web_eit_public,1191,.svg,storm_graphite_dark_showcase,Storm / Graphite Dark Showcase,aurora-slate-veil.svg,"Premium oscuro para showcase, Visual OS, Chart Lab y PC referencia. No POS/Checkout. Hits: aurora, slate, aurora-slate",products/tablet/app/public/surface-visual-governor/checkout-light-safe-shell/latest/atmosphere-assets/backgrounds/aurora-slate-veil.svg,7eacb0164fe1c392c9dcb71a0e08ac184ce6b5698e841b7f201577c6656898be
pc_reference|chart_lab|control_center_separate|control_center_embedded|visual_os,tablet_productive|pos_checkout|checkout|web_eit_public,959,.svg,storm_graphite_dark_showcase,Storm / Graphite Dark Showcase,obsidian-cloud-motion.svg,"Premium oscuro para showcase, Visual OS, Chart Lab y PC referencia. No POS/Checkout. Hits: obsidian, obsidian-cloud",products/tablet/app/public/surface-visual-governor/checkout-light-safe-shell/latest/atmosphere-assets/backgrounds/obsidian-cloud-motion.svg,6ab40acf7fa6360d5dd65346b6046490f93d4072d37a519ec01d7a61795f9a5a
pc_reference|chart_lab|control_center_separate|control_center_embedded|visual_os,tablet_productive|pos_checkout|checkout|web_eit_public,173999,.jpg,storm_graphite_dark_showcase,Storm / Graphite Dark Showcase,storm-cloud-operations-real.jpg,"Premium oscuro para showcase, Visual OS, Chart Lab y PC referencia. No POS/Checkout. Hits: storm, storm-cloud",products/tablet/app/public/surface-visual-governor/checkout-light-safe-shell/latest/atmosphere-assets/backgrounds/storm-cloud-operations-real.jpg,9245d5f589df75a53a2e3509a5a5971ea14d2fe9366cde1e083586e917c35219
pc_reference|chart_lab|control_center_separate|control_center_embedded|visual_os,tablet_productive|pos_checkout|checkout|web_eit_public,1286,.svg,storm_graphite_dark_showcase,Storm / Graphite Dark Showcase,storm-glass-horizon.svg,"Premium oscuro para showcase, Visual OS, Chart Lab y PC referencia. No POS/Checkout. Hits: storm, storm-glass",products/tablet/app/public/surface-visual-governor/checkout-light-safe-shell/latest/atmosphere-assets/backgrounds/storm-glass-horizon.svg,89ce674e6d9a4f9474330b7b008e930b5e8eec2d7bc15cb94ea47e0a93dcf951
pc_reference|chart_lab|control_center_separate|control_center_embedded|visual_os,tablet_productive|pos_checkout|checkout|web_eit_public,1191,.svg,storm_graphite_dark_showcase,Storm / Graphite Dark Showcase,aurora-slate-veil.svg,"Premium oscuro para showcase, Visual OS, Chart Lab y PC referencia. No POS/Checkout. Hits: aurora, slate, aurora-slate",products/tablet/app/public/surface-visual-governor/checkout-light-safe-shell/pilot-08/atmosphere-assets/backgrounds/aurora-slate-veil.svg,7eacb0164fe1c392c9dcb71a0e08ac184ce6b5698e841b7f201577c6656898be
pc_reference|chart_lab|control_center_separate|control_center_embedded|visual_os,tablet_productive|pos_checkout|checkout|web_eit_public,959,.svg,storm_graphite_dark_showcase,Storm / Graphite Dark Showcase,obsidian-cloud-motion.svg,"Premium oscuro para showcase, Visual OS, Chart Lab y PC referencia. No POS/Checkout. Hits: obsidian, obsidian-cloud",products/tablet/app/public/surface-visual-governor/checkout-light-safe-shell/pilot-08/atmosphere-assets/backgrounds/obsidian-cloud-motion.svg,6ab40acf7fa6360d5dd65346b6046490f93d4072d37a519ec01d7a61795f9a5a
pc_reference|chart_lab|control_center_separate|control_center_embedded|visual_os,tablet_productive|pos_checkout|checkout|web_eit_public,173999,.jpg,storm_graphite_dark_showcase,Storm / Graphite Dark Showcase,storm-cloud-operations-real.jpg,"Premium oscuro para showcase, Visual OS, Chart Lab y PC referencia. No POS/Checkout. Hits: storm, storm-cloud",products/tablet/app/public/surface-visual-governor/checkout-light-safe-shell/pilot-08/atmosphere-assets/backgrounds/storm-cloud-operations-real.jpg,9245d5f589df75a53a2e3509a5a5971ea14d2fe9366cde1e083586e917c35219
pc_reference|chart_lab|control_center_separate|control_center_embedded|visual_os,tablet_productive|pos_checkout|checkout|web_eit_public,1286,.svg,storm_graphite_dark_showcase,Storm / Graphite Dark Showcase,storm-glass-horizon.svg,"Premium oscuro para showcase, Visual OS, Chart Lab y PC referencia. No POS/Checkout. Hits: storm, storm-glass",products/tablet/app/public/surface-visual-governor/checkout-light-safe-shell/pilot-08/atmosphere-assets/backgrounds/storm-glass-horizon.svg,89ce674e6d9a4f9474330b7b008e930b5e8eec2d7bc15cb94ea47e0a93dcf951
pc_reference|chart_lab|control_center_separate|control_center_embedded|visual_os,tablet_productive|pos_checkout|checkout|web_eit_public,1191,.svg,storm_graphite_dark_showcase,Storm / Graphite Dark Showcase,aurora-slate-veil.svg,"Premium oscuro para showcase, Visual OS, Chart Lab y PC referencia. No POS/Checkout. Hits: aurora, slate, aurora-slate",products/tablet/app/public/surface-visual-governor/pos-light-safe-shell/latest/atmosphere-assets/backgrounds/aurora-slate-veil.svg,7eacb0164fe1c392c9dcb71a0e08ac184ce6b5698e841b7f201577c6656898be
pc_reference|chart_lab|control_center_separate|control_center_embedded|visual_os,tablet_productive|pos_checkout|checkout|web_eit_public,959,.svg,storm_graphite_dark_showcase,Storm / Graphite Dark Showcase,obsidian-cloud-motion.svg,"Premium oscuro para showcase, Visual OS, Chart Lab y PC referencia. No POS/Checkout. Hits: obsidian, obsidian-cloud",products/tablet/app/public/surface-visual-governor/pos-light-safe-shell/latest/atmosphere-assets/backgrounds/obsidian-cloud-motion.svg,6ab40acf7fa6360d5dd65346b6046490f93d4072d37a519ec01d7a61795f9a5a
pc_reference|chart_lab|control_center_separate|control_center_embedded|visual_os,tablet_productive|pos_checkout|checkout|web_eit_public,173999,.jpg,storm_graphite_dark_showcase,Storm / Graphite Dark Showcase,storm-cloud-operations-real.jpg,"Premium oscuro para showcase, Visual OS, Chart Lab y PC referencia. No POS/Checkout. Hits: storm, storm-cloud",products/tablet/app/public/surface-visual-governor/pos-light-safe-shell/latest/atmosphere-assets/backgrounds/storm-cloud-operations-real.jpg,9245d5f589df75a53a2e3509a5a5971ea14d2fe9366cde1e083586e917c35219
pc_reference|chart_lab|control_center_separate|control_center_embedded|visual_os,tablet_productive|pos_checkout|checkout|web_eit_public,1286,.svg,storm_graphite_dark_showcase,Storm / Graphite Dark Showcase,storm-glass-horizon.svg,"Premium oscuro para showcase, Visual OS, Chart Lab y PC referencia. No POS/Checkout. Hits: storm, storm-glass",products/tablet/app/public/surface-visual-governor/pos-light-safe-shell/latest/atmosphere-assets/backgrounds/storm-glass-horizon.svg,89ce674e6d9a4f9474330b7b008e930b5e8eec2d7bc15cb94ea47e0a93dcf951
pc_reference|chart_lab|control_center_separate|control_center_embedded|visual_os,tablet_productive|pos_checkout|checkout|web_eit_public,1191,.svg,storm_graphite_dark_showcase,Storm / Graphite Dark Showcase,aurora-slate-veil.svg,"Premium oscuro para showcase, Visual OS, Chart Lab y PC referencia. No POS/Checkout. Hits: aurora, slate, aurora-slate",products/tablet/app/public/surface-visual-governor/pos-light-safe-shell/pilot-07/atmosphere-assets/backgrounds/aurora-slate-veil.svg,7eacb0164fe1c392c9dcb71a0e08ac184ce6b5698e841b7f201577c6656898be
pc_reference|chart_lab|control_center_separate|control_center_embedded|visual_os,tablet_productive|pos_checkout|checkout|web_eit_public,959,.svg,storm_graphite_dark_showcase,Storm / Graphite Dark Showcase,obsidian-cloud-motion.svg,"Premium oscuro para showcase, Visual OS, Chart Lab y PC referencia. No POS/Checkout. Hits: obsidian, obsidian-cloud",products/tablet/app/public/surface-visual-governor/pos-light-safe-shell/pilot-07/atmosphere-assets/backgrounds/obsidian-cloud-motion.svg,6ab40acf7fa6360d5dd65346b6046490f93d4072d37a519ec01d7a61795f9a5a
pc_reference|chart_lab|control_center_separate|control_center_embedded|visual_os,tablet_productive|pos_checkout|checkout|web_eit_public,173999,.jpg,storm_graphite_dark_showcase,Storm / Graphite Dark Showcase,storm-cloud-operations-real.jpg,"Premium oscuro para showcase, Visual OS, Chart Lab y PC referencia. No POS/Checkout. Hits: storm, storm-cloud",products/tablet/app/public/surface-visual-governor/pos-light-safe-shell/pilot-07/atmosphere-assets/backgrounds/storm-cloud-operations-real.jpg,9245d5f589df75a53a2e3509a5a5971ea14d2fe9366cde1e083586e917c35219
pc_reference|chart_lab|control_center_separate|control_center_embedded|visual_os,tablet_productive|pos_checkout|checkout|web_eit_public,1286,.svg,storm_graphite_dark_showcase,Storm / Graphite Dark Showcase,storm-glass-horizon.svg,"Premium oscuro para showcase, Visual OS, Chart Lab y PC referencia. No POS/Checkout. Hits: storm, storm-glass",products/tablet/app/public/surface-visual-governor/pos-light-safe-shell/pilot-07/atmosphere-assets/backgrounds/storm-glass-horizon.svg,89ce674e6d9a4f9474330b7b008e930b5e8eec2d7bc15cb94ea47e0a93dcf951
pc_reference|chart_lab|control_center_separate|control_center_embedded|visual_os,tablet_productive|pos_checkout|checkout|web_eit_public,1191,.svg,storm_graphite_dark_showcase,Storm / Graphite Dark Showcase,aurora-slate-veil.svg,"Premium oscuro para showcase, Visual OS, Chart Lab y PC referencia. No POS/Checkout. Hits: aurora, slate, aurora-slate",products/tablet/app/public/surface-visual-governor/tablet-light-shell/latest/atmosphere-assets/backgrounds/aurora-slate-veil.svg,7eacb0164fe1c392c9dcb71a0e08ac184ce6b5698e841b7f201577c6656898be
pc_reference|chart_lab|control_center_separate|control_center_embedded|visual_os,tablet_productive|pos_checkout|checkout|web_eit_public,959,.svg,storm_graphite_dark_showcase,Storm / Graphite Dark Showcase,obsidian-cloud-motion.svg,"Premium oscuro para showcase, Visual OS, Chart Lab y PC referencia. No POS/Checkout. Hits: obsidian, obsidian-cloud",products/tablet/app/public/surface-visual-governor/tablet-light-shell/latest/atmosphere-assets/backgrounds/obsidian-cloud-motion.svg,6ab40acf7fa6360d5dd65346b6046490f93d4072d37a519ec01d7a61795f9a5a
pc_reference|chart_lab|control_center_separate|control_center_embedded|visual_os,tablet_productive|pos_checkout|checkout|web_eit_public,173999,.jpg,storm_graphite_dark_showcase,Storm / Graphite Dark Showcase,storm-cloud-operations-real.jpg,"Premium oscuro para showcase, Visual OS, Chart Lab y PC referencia. No POS/Checkout. Hits: storm, storm-cloud",products/tablet/app/public/surface-visual-governor/tablet-light-shell/latest/atmosphere-assets/backgrounds/storm-cloud-operations-real.jpg,9245d5f589df75a53a2e3509a5a5971ea14d2fe9366cde1e083586e917c35219
pc_reference|chart_lab|control_center_separate|control_center_embedded|visual_os,tablet_productive|pos_checkout|checkout|web_eit_public,1286,.svg,storm_graphite_dark_showcase,Storm / Graphite Dark Showcase,storm-glass-horizon.svg,"Premium oscuro para showcase, Visual OS, Chart Lab y PC referencia. No POS/Checkout. Hits: storm, storm-glass",products/tablet/app/public/surface-visual-governor/tablet-light-shell/latest/atmosphere-assets/backgrounds/storm-glass-horizon.svg,89ce674e6d9a4f9474330b7b008e930b5e8eec2d7bc15cb94ea47e0a93dcf951
pc_reference|chart_lab|control_center_separate|control_center_embedded|visual_os,tablet_productive|pos_checkout|checkout|web_eit_public,1191,.svg,storm_graphite_dark_showcase,Storm / Graphite Dark Showcase,aurora-slate-veil.svg,"Premium oscuro para showcase, Visual OS, Chart Lab y PC referencia. No POS/Checkout. Hits: aurora, slate, aurora-slate",products/tablet/app/public/surface-visual-governor/tablet-light-shell/pilot-05/atmosphere-assets/backgrounds/aurora-slate-veil.svg,7eacb0164fe1c392c9dcb71a0e08ac184ce6b5698e841b7f201577c6656898be
pc_reference|chart_lab|control_center_separate|control_center_embedded|visual_os,tablet_productive|pos_checkout|checkout|web_eit_public,959,.svg,storm_graphite_dark_showcase,Storm / Graphite Dark Showcase,obsidian-cloud-motion.svg,"Premium oscuro para showcase, Visual OS, Chart Lab y PC referencia. No POS/Checkout. Hits: obsidian, obsidian-cloud",products/tablet/app/public/surface-visual-governor/tablet-light-shell/pilot-05/atmosphere-assets/backgrounds/obsidian-cloud-motion.svg,6ab40acf7fa6360d5dd65346b6046490f93d4072d37a519ec01d7a61795f9a5a
pc_reference|chart_lab|control_center_separate|control_center_embedded|visual_os,tablet_productive|pos_checkout|checkout|web_eit_public,173999,.jpg,storm_graphite_dark_showcase,Storm / Graphite Dark Showcase,storm-cloud-operations-real.jpg,"Premium oscuro para showcase, Visual OS, Chart Lab y PC referencia. No POS/Checkout. Hits: storm, storm-cloud",products/tablet/app/public/surface-visual-governor/tablet-light-shell/pilot-05/atmosphere-assets/backgrounds/storm-cloud-operations-real.jpg,9245d5f589df75a53a2e3509a5a5971ea14d2fe9366cde1e083586e917c35219
pc_reference|chart_lab|control_center_separate|control_center_embedded|visual_os,tablet_productive|pos_checkout|checkout|web_eit_public,1286,.svg,storm_graphite_dark_showcase,Storm / Graphite Dark Showcase,storm-glass-horizon.svg,"Premium oscuro para showcase, Visual OS, Chart Lab y PC referencia. No POS/Checkout. Hits: storm, storm-glass",products/tablet/app/public/surface-visual-governor/tablet-light-shell/pilot-05/atmosphere-assets/backgrounds/storm-glass-horizon.svg,89ce674e6d9a4f9474330b7b008e930b5e8eec2d7bc15cb94ea47e0a93dcf951
pc_reference|chart_lab|control_center_separate|control_center_embedded|visual_os,tablet_productive|pos_checkout|checkout|web_eit_public,1191,.svg,storm_graphite_dark_showcase,Storm / Graphite Dark Showcase,aurora-slate-veil.svg,"Premium oscuro para showcase, Visual OS, Chart Lab y PC referencia. No POS/Checkout. Hits: aurora, slate, aurora-slate",products/tablet/app/public/visual-os/tablet-light-visual-preset-engine/assets/backgrounds/aurora-slate-veil.svg,7eacb0164fe1c392c9dcb71a0e08ac184ce6b5698e841b7f201577c6656898be
pc_reference|chart_lab|control_center_separate|control_center_embedded|visual_os,tablet_productive|pos_checkout|checkout|web_eit_public,959,.svg,storm_graphite_dark_showcase,Storm / Graphite Dark Showcase,obsidian-cloud-motion.svg,"Premium oscuro para showcase, Visual OS, Chart Lab y PC referencia. No POS/Checkout. Hits: obsidian, obsidian-cloud",products/tablet/app/public/visual-os/tablet-light-visual-preset-engine/assets/backgrounds/obsidian-cloud-motion.svg,6ab40acf7fa6360d5dd65346b6046490f93d4072d37a519ec01d7a61795f9a5a
pc_reference|chart_lab|control_center_separate|control_center_embedded|visual_os,tablet_productive|pos_checkout|checkout|web_eit_public,173999,.jpg,storm_graphite_dark_showcase,Storm / Graphite Dark Showcase,storm-cloud-operations-real.jpg,"Premium oscuro para showcase, Visual OS, Chart Lab y PC referencia. No POS/Checkout. Hits: storm, storm-cloud",products/tablet/app/public/visual-os/tablet-light-visual-preset-engine/assets/backgrounds/storm-cloud-operations-real.jpg,9245d5f589df75a53a2e3509a5a5971ea14d2fe9366cde1e083586e917c35219
pc_reference|chart_lab|control_center_separate|control_center_embedded|visual_os,tablet_productive|pos_checkout|checkout|web_eit_public,1286,.svg,storm_graphite_dark_showcase,Storm / Graphite Dark Showcase,storm-glass-horizon.svg,"Premium oscuro para showcase, Visual OS, Chart Lab y PC referencia. No POS/Checkout. Hits: storm, storm-glass",products/tablet/app/public/visual-os/tablet-light-visual-preset-engine/assets/backgrounds/storm-glass-horizon.svg,89ce674e6d9a4f9474330b7b008e930b5e8eec2d7bc15cb94ea47e0a93dcf951
pc_reference|chart_lab|control_center_separate|control_center_embedded|visual_os,tablet_productive|pos_checkout|checkout|web_eit_public,1191,.svg,storm_graphite_dark_showcase,Storm / Graphite Dark Showcase,aurora-slate-veil.svg,"Premium oscuro para showcase, Visual OS, Chart Lab y PC referencia. No POS/Checkout. Hits: aurora, slate, aurora-slate",tools/prisma-surface-visual-governor/public-mirrors/chart-lab/atmosphere-assets/backgrounds/aurora-slate-veil.svg,7eacb0164fe1c392c9dcb71a0e08ac184ce6b5698e841b7f201577c6656898be
pc_reference|chart_lab|control_center_separate|control_center_embedded|visual_os,tablet_productive|pos_checkout|checkout|web_eit_public,959,.svg,storm_graphite_dark_showcase,Storm / Graphite Dark Showcase,obsidian-cloud-motion.svg,"Premium oscuro para showcase, Visual OS, Chart Lab y PC referencia. No POS/Checkout. Hits: obsidian, obsidian-cloud",tools/prisma-surface-visual-governor/public-mirrors/chart-lab/atmosphere-assets/backgrounds/obsidian-cloud-motion.svg,6ab40acf7fa6360d5dd65346b6046490f93d4072d37a519ec01d7a61795f9a5a
pc_reference|chart_lab|control_center_separate|control_center_embedded|visual_os,tablet_productive|pos_checkout|checkout|web_eit_public,173999,.jpg,storm_graphite_dark_showcase,Storm / Graphite Dark Showcase,storm-cloud-operations-real.jpg,"Premium oscuro para showcase, Visual OS, Chart Lab y PC referencia. No POS/Checkout. Hits: storm, storm-cloud",tools/prisma-surface-visual-governor/public-mirrors/chart-lab/atmosphere-assets/backgrounds/storm-cloud-operations-real.jpg,9245d5f589df75a53a2e3509a5a5971ea14d2fe9366cde1e083586e917c35219
pc_reference|chart_lab|control_center_separate|control_center_embedded|visual_os,tablet_productive|pos_checkout|checkout|web_eit_public,1286,.svg,storm_graphite_dark_showcase,Storm / Graphite Dark Showcase,storm-glass-horizon.svg,"Premium oscuro para showcase, Visual OS, Chart Lab y PC referencia. No POS/Checkout. Hits: storm, storm-glass",tools/prisma-surface-visual-governor/public-mirrors/chart-lab/atmosphere-assets/backgrounds/storm-glass-horizon.svg,89ce674e6d9a4f9474330b7b008e930b5e8eec2d7bc15cb94ea47e0a93dcf951
pc_reference|chart_lab|control_center_separate|control_center_embedded|visual_os,tablet_productive|pos_checkout|checkout|web_eit_public,1191,.svg,storm_graphite_dark_showcase,Storm / Graphite Dark Showcase,aurora-slate-veil.svg,"Premium oscuro para showcase, Visual OS, Chart Lab y PC referencia. No POS/Checkout. Hits: aurora, slate, aurora-slate",tools/prisma-surface-visual-governor/public-mirrors/mobile/mobile-thin-mist-shell/latest/atmosphere-assets/backgrounds/aurora-slate-veil.svg,7eacb0164fe1c392c9dcb71a0e08ac184ce6b5698e841b7f201577c6656898be
pc_reference|chart_lab|control_center_separate|control_center_embedded|visual_os,tablet_productive|pos_checkout|checkout|web_eit_public,959,.svg,storm_graphite_dark_showcase,Storm / Graphite Dark Showcase,obsidian-cloud-motion.svg,"Premium oscuro para showcase, Visual OS, Chart Lab y PC referencia. No POS/Checkout. Hits: obsidian, obsidian-cloud",tools/prisma-surface-visual-governor/public-mirrors/mobile/mobile-thin-mist-shell/latest/atmosphere-assets/backgrounds/obsidian-cloud-motion.svg,6ab40acf7fa6360d5dd65346b6046490f93d4072d37a519ec01d7a61795f9a5a
pc_reference|chart_lab|control_center_separate|control_center_embedded|visual_os,tablet_productive|pos_checkout|checkout|web_eit_public,173999,.jpg,storm_graphite_dark_showcase,Storm / Graphite Dark Showcase,storm-cloud-operations-real.jpg,"Premium oscuro para showcase, Visual OS, Chart Lab y PC referencia. No POS/Checkout. Hits: storm, storm-cloud",tools/prisma-surface-visual-governor/public-mirrors/mobile/mobile-thin-mist-shell/latest/atmosphere-assets/backgrounds/storm-cloud-operations-real.jpg,9245d5f589df75a53a2e3509a5a5971ea14d2fe9366cde1e083586e917c35219
pc_reference|chart_lab|control_center_separate|control_center_embedded|visual_os,tablet_productive|pos_checkout|checkout|web_eit_public,1286,.svg,storm_graphite_dark_showcase,Storm / Graphite Dark Showcase,storm-glass-horizon.svg,"Premium oscuro para showcase, Visual OS, Chart Lab y PC referencia. No POS/Checkout. Hits: storm, storm-glass",tools/prisma-surface-visual-governor/public-mirrors/mobile/mobile-thin-mist-shell/latest/atmosphere-assets/backgrounds/storm-glass-horizon.svg,89ce674e6d9a4f9474330b7b008e930b5e8eec2d7bc15cb94ea47e0a93dcf951
pc_reference|chart_lab|control_center_separate|control_center_embedded|visual_os,tablet_productive|pos_checkout|checkout|web_eit_public,1191,.svg,storm_graphite_dark_showcase,Storm / Graphite Dark Showcase,aurora-slate-veil.svg,"Premium oscuro para showcase, Visual OS, Chart Lab y PC referencia. No POS/Checkout. Hits: aurora, slate, aurora-slate",tools/prisma-surface-visual-governor/public-mirrors/mobile/mobile-thin-mist-shell/pilot-09/atmosphere-assets/backgrounds/aurora-slate-veil.svg,7eacb0164fe1c392c9dcb71a0e08ac184ce6b5698e841b7f201577c6656898be
pc_reference|chart_lab|control_center_separate|control_center_embedded|visual_os,tablet_productive|pos_checkout|checkout|web_eit_public,959,.svg,storm_graphite_dark_showcase,Storm / Graphite Dark Showcase,obsidian-cloud-motion.svg,"Premium oscuro para showcase, Visual OS, Chart Lab y PC referencia. No POS/Checkout. Hits: obsidian, obsidian-cloud",tools/prisma-surface-visual-governor/public-mirrors/mobile/mobile-thin-mist-shell/pilot-09/atmosphere-assets/backgrounds/obsidian-cloud-motion.svg,6ab40acf7fa6360d5dd65346b6046490f93d4072d37a519ec01d7a61795f9a5a
pc_reference|chart_lab|control_center_separate|control_center_embedded|visual_os,tablet_productive|pos_checkout|checkout|web_eit_public,173999,.jpg,storm_graphite_dark_showcase,Storm / Graphite Dark Showcase,storm-cloud-operations-real.jpg,"Premium oscuro para showcase, Visual OS, Chart Lab y PC referencia. No POS/Checkout. Hits: storm, storm-cloud",tools/prisma-surface-visual-governor/public-mirrors/mobile/mobile-thin-mist-shell/pilot-09/atmosphere-assets/backgrounds/storm-cloud-operations-real.jpg,9245d5f589df75a53a2e3509a5a5971ea14d2fe9366cde1e083586e917c35219
pc_reference|chart_lab|control_center_separate|control_center_embedded|visual_os,tablet_productive|pos_checkout|checkout|web_eit_public,1286,.svg,storm_graphite_dark_showcase,Storm / Graphite Dark Showcase,storm-glass-horizon.svg,"Premium oscuro para showcase, Visual OS, Chart Lab y PC referencia. No POS/Checkout. Hits: storm, storm-glass",tools/prisma-surface-visual-governor/public-mirrors/mobile/mobile-thin-mist-shell/pilot-09/atmosphere-assets/backgrounds/storm-glass-horizon.svg,89ce674e6d9a4f9474330b7b008e930b5e8eec2d7bc15cb94ea47e0a93dcf951
pc_reference|chart_lab|control_center_separate|control_center_embedded|visual_os,tablet_productive|pos_checkout|checkout|web_eit_public,1191,.svg,storm_graphite_dark_showcase,Storm / Graphite Dark Showcase,aurora-slate-veil.svg,"Premium oscuro para showcase, Visual OS, Chart Lab y PC referencia. No POS/Checkout. Hits: aurora, slate, aurora-slate",tools/prisma-surface-visual-governor/public-mirrors/pc/dashboard/latest/atmosphere-assets/backgrounds/aurora-slate-veil.svg,7eacb0164fe1c392c9dcb71a0e08ac184ce6b5698e841b7f201577c6656898be
pc_reference|chart_lab|control_center_separate|control_center_embedded|visual_os,tablet_productive|pos_checkout|checkout|web_eit_public,959,.svg,storm_graphite_dark_showcase,Storm / Graphite Dark Showcase,obsidian-cloud-motion.svg,"Premium oscuro para showcase, Visual OS, Chart Lab y PC referencia. No POS/Checkout. Hits: obsidian, obsidian-cloud",tools/prisma-surface-visual-governor/public-mirrors/pc/dashboard/latest/atmosphere-assets/backgrounds/obsidian-cloud-motion.svg,6ab40acf7fa6360d5dd65346b6046490f93d4072d37a519ec01d7a61795f9a5a
pc_reference|chart_lab|control_center_separate|control_center_embedded|visual_os,tablet_productive|pos_checkout|checkout|web_eit_public,173999,.jpg,storm_graphite_dark_showcase,Storm / Graphite Dark Showcase,storm-cloud-operations-real.jpg,"Premium oscuro para showcase, Visual OS, Chart Lab y PC referencia. No POS/Checkout. Hits: storm, storm-cloud",tools/prisma-surface-visual-governor/public-mirrors/pc/dashboard/latest/atmosphere-assets/backgrounds/storm-cloud-operations-real.jpg,9245d5f589df75a53a2e3509a5a5971ea14d2fe9366cde1e083586e917c35219
pc_reference|chart_lab|control_center_separate|control_center_embedded|visual_os,tablet_productive|pos_checkout|checkout|web_eit_public,1286,.svg,storm_graphite_dark_showcase,Storm / Graphite Dark Showcase,storm-glass-horizon.svg,"Premium oscuro para showcase, Visual OS, Chart Lab y PC referencia. No POS/Checkout. Hits: storm, storm-glass",tools/prisma-surface-visual-governor/public-mirrors/pc/dashboard/latest/atmosphere-assets/backgrounds/storm-glass-horizon.svg,89ce674e6d9a4f9474330b7b008e930b5e8eec2d7bc15cb94ea47e0a93dcf951
pc_reference|chart_lab|control_center_separate|control_center_embedded|visual_os,tablet_productive|pos_checkout|checkout|web_eit_public,1191,.svg,storm_graphite_dark_showcase,Storm / Graphite Dark Showcase,aurora-slate-veil.svg,"Premium oscuro para showcase, Visual OS, Chart Lab y PC referencia. No POS/Checkout. Hits: aurora, slate, aurora-slate",tools/prisma-surface-visual-governor/public-mirrors/pc/dashboard/pilot-04/atmosphere-assets/backgrounds/aurora-slate-veil.svg,7eacb0164fe1c392c9dcb71a0e08ac184ce6b5698e841b7f201577c6656898be
pc_reference|chart_lab|control_center_separate|control_center_embedded|visual_os,tablet_productive|pos_checkout|checkout|web_eit_public,959,.svg,storm_graphite_dark_showcase,Storm / Graphite Dark Showcase,obsidian-cloud-motion.svg,"Premium oscuro para showcase, Visual OS, Chart Lab y PC referencia. No POS/Checkout. Hits: obsidian, obsidian-cloud",tools/prisma-surface-visual-governor/public-mirrors/pc/dashboard/pilot-04/atmosphere-assets/backgrounds/obsidian-cloud-motion.svg,6ab40acf7fa6360d5dd65346b6046490f93d4072d37a519ec01d7a61795f9a5a
pc_reference|chart_lab|control_center_separate|control_center_embedded|visual_os,tablet_productive|pos_checkout|checkout|web_eit_public,173999,.jpg,storm_graphite_dark_showcase,Storm / Graphite Dark Showcase,storm-cloud-operations-real.jpg,"Premium oscuro para showcase, Visual OS, Chart Lab y PC referencia. No POS/Checkout. Hits: storm, storm-cloud",tools/prisma-surface-visual-governor/public-mirrors/pc/dashboard/pilot-04/atmosphere-assets/backgrounds/storm-cloud-operations-real.jpg,9245d5f589df75a53a2e3509a5a5971ea14d2fe9366cde1e083586e917c35219
pc_reference|chart_lab|control_center_separate|control_center_embedded|visual_os,tablet_productive|pos_checkout|checkout|web_eit_public,1286,.svg,storm_graphite_dark_showcase,Storm / Graphite Dark Showcase,storm-glass-horizon.svg,"Premium oscuro para showcase, Visual OS, Chart Lab y PC referencia. No POS/Checkout. Hits: storm, storm-glass",tools/prisma-surface-visual-governor/public-mirrors/pc/dashboard/pilot-04/atmosphere-assets/backgrounds/storm-glass-horizon.svg,89ce674e6d9a4f9474330b7b008e930b5e8eec2d7bc15cb94ea47e0a93dcf951
pc_reference|chart_lab|control_center_separate|control_center_embedded|visual_os,tablet_productive|pos_checkout|checkout|web_eit_public,1191,.svg,storm_graphite_dark_showcase,Storm / Graphite Dark Showcase,aurora-slate-veil.svg,"Premium oscuro para showcase, Visual OS, Chart Lab y PC referencia. No POS/Checkout. Hits: aurora, slate, aurora-slate",tools/prisma-surface-visual-governor/public-mirrors/pc/reference-visual/latest/atmosphere-assets/backgrounds/aurora-slate-veil.svg,7eacb0164fe1c392c9dcb71a0e08ac184ce6b5698e841b7f201577c6656898be
pc_reference|chart_lab|control_center_separate|control_center_embedded|visual_os,tablet_productive|pos_checkout|checkout|web_eit_public,959,.svg,storm_graphite_dark_showcase,Storm / Graphite Dark Showcase,obsidian-cloud-motion.svg,"Premium oscuro para showcase, Visual OS, Chart Lab y PC referencia. No POS/Checkout. Hits: obsidian, obsidian-cloud",tools/prisma-surface-visual-governor/public-mirrors/pc/reference-visual/latest/atmosphere-assets/backgrounds/obsidian-cloud-motion.svg,6ab40acf7fa6360d5dd65346b6046490f93d4072d37a519ec01d7a61795f9a5a
pc_reference|chart_lab|control_center_separate|control_center_embedded|visual_os,tablet_productive|pos_checkout|checkout|web_eit_public,173999,.jpg,storm_graphite_dark_showcase,Storm / Graphite Dark Showcase,storm-cloud-operations-real.jpg,"Premium oscuro para showcase, Visual OS, Chart Lab y PC referencia. No POS/Checkout. Hits: storm, storm-cloud",tools/prisma-surface-visual-governor/public-mirrors/pc/reference-visual/latest/atmosphere-assets/backgrounds/storm-cloud-operations-real.jpg,9245d5f589df75a53a2e3509a5a5971ea14d2fe9366cde1e083586e917c35219
pc_reference|chart_lab|control_center_separate|control_center_embedded|visual_os,tablet_productive|pos_checkout|checkout|web_eit_public,1286,.svg,storm_graphite_dark_showcase,Storm / Graphite Dark Showcase,storm-glass-horizon.svg,"Premium oscuro para showcase, Visual OS, Chart Lab y PC referencia. No POS/Checkout. Hits: storm, storm-glass",tools/prisma-surface-visual-governor/public-mirrors/pc/reference-visual/latest/atmosphere-assets/backgrounds/storm-glass-horizon.svg,89ce674e6d9a4f9474330b7b008e930b5e8eec2d7bc15cb94ea47e0a93dcf951
pc_reference|chart_lab|control_center_separate|control_center_embedded|visual_os,tablet_productive|pos_checkout|checkout|web_eit_public,1191,.svg,storm_graphite_dark_showcase,Storm / Graphite Dark Showcase,aurora-slate-veil.svg,"Premium oscuro para showcase, Visual OS, Chart Lab y PC referencia. No POS/Checkout. Hits: aurora, slate, aurora-slate",tools/prisma-surface-visual-governor/public-mirrors/pc/reference-visual/pilot-03/atmosphere-assets/backgrounds/aurora-slate-veil.svg,7eacb0164fe1c392c9dcb71a0e08ac184ce6b5698e841b7f201577c6656898be
pc_reference|chart_lab|control_center_separate|control_center_embedded|visual_os,tablet_productive|pos_checkout|checkout|web_eit_public,959,.svg,storm_graphite_dark_showcase,Storm / Graphite Dark Showcase,obsidian-cloud-motion.svg,"Premium oscuro para showcase, Visual OS, Chart Lab y PC referencia. No POS/Checkout. Hits: obsidian, obsidian-cloud",tools/prisma-surface-visual-governor/public-mirrors/pc/reference-visual/pilot-03/atmosphere-assets/backgrounds/obsidian-cloud-motion.svg,6ab40acf7fa6360d5dd65346b6046490f93d4072d37a519ec01d7a61795f9a5a
pc_reference|chart_lab|control_center_separate|control_center_embedded|visual_os,tablet_productive|pos_checkout|checkout|web_eit_public,173999,.jpg,storm_graphite_dark_showcase,Storm / Graphite Dark Showcase,storm-cloud-operations-real.jpg,"Premium oscuro para showcase, Visual OS, Chart Lab y PC referencia. No POS/Checkout. Hits: storm, storm-cloud",tools/prisma-surface-visual-governor/public-mirrors/pc/reference-visual/pilot-03/atmosphere-assets/backgrounds/storm-cloud-operations-real.jpg,9245d5f589df75a53a2e3509a5a5971ea14d2fe9366cde1e083586e917c35219
pc_reference|chart_lab|control_center_separate|control_center_embedded|visual_os,tablet_productive|pos_checkout|checkout|web_eit_public,1286,.svg,storm_graphite_dark_showcase,Storm / Graphite Dark Showcase,storm-glass-horizon.svg,"Premium oscuro para showcase, Visual OS, Chart Lab y PC referencia. No POS/Checkout. Hits: storm, storm-glass",tools/prisma-surface-visual-governor/public-mirrors/pc/reference-visual/pilot-03/atmosphere-assets/backgrounds/storm-glass-horizon.svg,89ce674e6d9a4f9474330b7b008e930b5e8eec2d7bc15cb94ea47e0a93dcf951
pc_reference|chart_lab|control_center_separate|control_center_embedded|visual_os,tablet_productive|pos_checkout|checkout|web_eit_public,1191,.svg,storm_graphite_dark_showcase,Storm / Graphite Dark Showcase,aurora-slate-veil.svg,"Premium oscuro para showcase, Visual OS, Chart Lab y PC referencia. No POS/Checkout. Hits: aurora, slate, aurora-slate",tools/prisma-surface-visual-governor/public-mirrors/tablet/checkout-light-safe-shell/latest/atmosphere-assets/backgrounds/aurora-slate-veil.svg,7eacb0164fe1c392c9dcb71a0e08ac184ce6b5698e841b7f201577c6656898be
pc_reference|chart_lab|control_center_separate|control_center_embedded|visual_os,tablet_productive|pos_checkout|checkout|web_eit_public,959,.svg,storm_graphite_dark_showcase,Storm / Graphite Dark Showcase,obsidian-cloud-motion.svg,"Premium oscuro para showcase, Visual OS, Chart Lab y PC referencia. No POS/Checkout. Hits: obsidian, obsidian-cloud",tools/prisma-surface-visual-governor/public-mirrors/tablet/checkout-light-safe-shell/latest/atmosphere-assets/backgrounds/obsidian-cloud-motion.svg,6ab40acf7fa6360d5dd65346b6046490f93d4072d37a519ec01d7a61795f9a5a
pc_reference|chart_lab|control_center_separate|control_center_embedded|visual_os,tablet_productive|pos_checkout|checkout|web_eit_public,173999,.jpg,storm_graphite_dark_showcase,Storm / Graphite Dark Showcase,storm-cloud-operations-real.jpg,"Premium oscuro para showcase, Visual OS, Chart Lab y PC referencia. No POS/Checkout. Hits: storm, storm-cloud",tools/prisma-surface-visual-governor/public-mirrors/tablet/checkout-light-safe-shell/latest/atmosphere-assets/backgrounds/storm-cloud-operations-real.jpg,9245d5f589df75a53a2e3509a5a5971ea14d2fe9366cde1e083586e917c35219
pc_reference|chart_lab|control_center_separate|control_center_embedded|visual_os,tablet_productive|pos_checkout|checkout|web_eit_public,1286,.svg,storm_graphite_dark_showcase,Storm / Graphite Dark Showcase,storm-glass-horizon.svg,"Premium oscuro para showcase, Visual OS, Chart Lab y PC referencia. No POS/Checkout. Hits: storm, storm-glass",tools/prisma-surface-visual-governor/public-mirrors/tablet/checkout-light-safe-shell/latest/atmosphere-assets/backgrounds/storm-glass-horizon.svg,89ce674e6d9a4f9474330b7b008e930b5e8eec2d7bc15cb94ea47e0a93dcf951
pc_reference|chart_lab|control_center_separate|control_center_embedded|visual_os,tablet_productive|pos_checkout|checkout|web_eit_public,1191,.svg,storm_graphite_dark_showcase,Storm / Graphite Dark Showcase,aurora-slate-veil.svg,"Premium oscuro para showcase, Visual OS, Chart Lab y PC referencia. No POS/Checkout. Hits: aurora, slate, aurora-slate",tools/prisma-surface-visual-governor/public-mirrors/tablet/checkout-light-safe-shell/pilot-08/atmosphere-assets/backgrounds/aurora-slate-veil.svg,7eacb0164fe1c392c9dcb71a0e08ac184ce6b5698e841b7f201577c6656898be
pc_reference|chart_lab|control_center_separate|control_center_embedded|visual_os,tablet_productive|pos_checkout|checkout|web_eit_public,959,.svg,storm_graphite_dark_showcase,Storm / Graphite Dark Showcase,obsidian-cloud-motion.svg,"Premium oscuro para showcase, Visual OS, Chart Lab y PC referencia. No POS/Checkout. Hits: obsidian, obsidian-cloud",tools/prisma-surface-visual-governor/public-mirrors/tablet/checkout-light-safe-shell/pilot-08/atmosphere-assets/backgrounds/obsidian-cloud-motion.svg,6ab40acf7fa6360d5dd65346b6046490f93d4072d37a519ec01d7a61795f9a5a
pc_reference|chart_lab|control_center_separate|control_center_embedded|visual_os,tablet_productive|pos_checkout|checkout|web_eit_public,173999,.jpg,storm_graphite_dark_showcase,Storm / Graphite Dark Showcase,storm-cloud-operations-real.jpg,"Premium oscuro para showcase, Visual OS, Chart Lab y PC referencia. No POS/Checkout. Hits: storm, storm-cloud",tools/prisma-surface-visual-governor/public-mirrors/tablet/checkout-light-safe-shell/pilot-08/atmosphere-assets/backgrounds/storm-cloud-operations-real.jpg,9245d5f589df75a53a2e3509a5a5971ea14d2fe9366cde1e083586e917c35219
pc_reference|chart_lab|control_center_separate|control_center_embedded|visual_os,tablet_productive|pos_checkout|checkout|web_eit_public,1286,.svg,storm_graphite_dark_showcase,Storm / Graphite Dark Showcase,storm-glass-horizon.svg,"Premium oscuro para showcase, Visual OS, Chart Lab y PC referencia. No POS/Checkout. Hits: storm, storm-glass",tools/prisma-surface-visual-governor/public-mirrors/tablet/checkout-light-safe-shell/pilot-08/atmosphere-assets/backgrounds/storm-glass-horizon.svg,89ce674e6d9a4f9474330b7b008e930b5e8eec2d7bc15cb94ea47e0a93dcf951
pc_reference|chart_lab|control_center_separate|control_center_embedded|visual_os,tablet_productive|pos_checkout|checkout|web_eit_public,1191,.svg,storm_graphite_dark_showcase,Storm / Graphite Dark Showcase,aurora-slate-veil.svg,"Premium oscuro para showcase, Visual OS, Chart Lab y PC referencia. No POS/Checkout. Hits: aurora, slate, aurora-slate",tools/prisma-surface-visual-governor/public-mirrors/tablet/pos-light-safe-shell/latest/atmosphere-assets/backgrounds/aurora-slate-veil.svg,7eacb0164fe1c392c9dcb71a0e08ac184ce6b5698e841b7f201577c6656898be
pc_reference|chart_lab|control_center_separate|control_center_embedded|visual_os,tablet_productive|pos_checkout|checkout|web_eit_public,959,.svg,storm_graphite_dark_showcase,Storm / Graphite Dark Showcase,obsidian-cloud-motion.svg,"Premium oscuro para showcase, Visual OS, Chart Lab y PC referencia. No POS/Checkout. Hits: obsidian, obsidian-cloud",tools/prisma-surface-visual-governor/public-mirrors/tablet/pos-light-safe-shell/latest/atmosphere-assets/backgrounds/obsidian-cloud-motion.svg,6ab40acf7fa6360d5dd65346b6046490f93d4072d37a519ec01d7a61795f9a5a
pc_reference|chart_lab|control_center_separate|control_center_embedded|visual_os,tablet_productive|pos_checkout|checkout|web_eit_public,173999,.jpg,storm_graphite_dark_showcase,Storm / Graphite Dark Showcase,storm-cloud-operations-real.jpg,"Premium oscuro para showcase, Visual OS, Chart Lab y PC referencia. No POS/Checkout. Hits: storm, storm-cloud",tools/prisma-surface-visual-governor/public-mirrors/tablet/pos-light-safe-shell/latest/atmosphere-assets/backgrounds/storm-cloud-operations-real.jpg,9245d5f589df75a53a2e3509a5a5971ea14d2fe9366cde1e083586e917c35219
pc_reference|chart_lab|control_center_separate|control_center_embedded|visual_os,tablet_productive|pos_checkout|checkout|web_eit_public,1286,.svg,storm_graphite_dark_showcase,Storm / Graphite Dark Showcase,storm-glass-horizon.svg,"Premium oscuro para showcase, Visual OS, Chart Lab y PC referencia. No POS/Checkout. Hits: storm, storm-glass",tools/prisma-surface-visual-governor/public-mirrors/tablet/pos-light-safe-shell/latest/atmosphere-assets/backgrounds/storm-glass-horizon.svg,89ce674e6d9a4f9474330b7b008e930b5e8eec2d7bc15cb94ea47e0a93dcf951
pc_reference|chart_lab|control_center_separate|control_center_embedded|visual_os,tablet_productive|pos_checkout|checkout|web_eit_public,1191,.svg,storm_graphite_dark_showcase,Storm / Graphite Dark Showcase,aurora-slate-veil.svg,"Premium oscuro para showcase, Visual OS, Chart Lab y PC referencia. No POS/Checkout. Hits: aurora, slate, aurora-slate",tools/prisma-surface-visual-governor/public-mirrors/tablet/pos-light-safe-shell/pilot-07/atmosphere-assets/backgrounds/aurora-slate-veil.svg,7eacb0164fe1c392c9dcb71a0e08ac184ce6b5698e841b7f201577c6656898be
pc_reference|chart_lab|control_center_separate|control_center_embedded|visual_os,tablet_productive|pos_checkout|checkout|web_eit_public,959,.svg,storm_graphite_dark_showcase,Storm / Graphite Dark Showcase,obsidian-cloud-motion.svg,"Premium oscuro para showcase, Visual OS, Chart Lab y PC referencia. No POS/Checkout. Hits: obsidian, obsidian-cloud",tools/prisma-surface-visual-governor/public-mirrors/tablet/pos-light-safe-shell/pilot-07/atmosphere-assets/backgrounds/obsidian-cloud-motion.svg,6ab40acf7fa6360d5dd65346b6046490f93d4072d37a519ec01d7a61795f9a5a
pc_reference|chart_lab|control_center_separate|control_center_embedded|visual_os,tablet_productive|pos_checkout|checkout|web_eit_public,173999,.jpg,storm_graphite_dark_showcase,Storm / Graphite Dark Showcase,storm-cloud-operations-real.jpg,"Premium oscuro para showcase, Visual OS, Chart Lab y PC referencia. No POS/Checkout. Hits: storm, storm-cloud",tools/prisma-surface-visual-governor/public-mirrors/tablet/pos-light-safe-shell/pilot-07/atmosphere-assets/backgrounds/storm-cloud-operations-real.jpg,9245d5f589df75a53a2e3509a5a5971ea14d2fe9366cde1e083586e917c35219
pc_reference|chart_lab|control_center_separate|control_center_embedded|visual_os,tablet_productive|pos_checkout|checkout|web_eit_public,1286,.svg,storm_graphite_dark_showcase,Storm / Graphite Dark Showcase,storm-glass-horizon.svg,"Premium oscuro para showcase, Visual OS, Chart Lab y PC referencia. No POS/Checkout. Hits: storm, storm-glass",tools/prisma-surface-visual-governor/public-mirrors/tablet/pos-light-safe-shell/pilot-07/atmosphere-assets/backgrounds/storm-glass-horizon.svg,89ce674e6d9a4f9474330b7b008e930b5e8eec2d7bc15cb94ea47e0a93dcf951
pc_reference|chart_lab|control_center_separate|control_center_embedded|visual_os,tablet_productive|pos_checkout|checkout|web_eit_public,1191,.svg,storm_graphite_dark_showcase,Storm / Graphite Dark Showcase,aurora-slate-veil.svg,"Premium oscuro para showcase, Visual OS, Chart Lab y PC referencia. No POS/Checkout. Hits: aurora, slate, aurora-slate",tools/prisma-surface-visual-governor/public-mirrors/tablet/tablet-light-shell/latest/atmosphere-assets/backgrounds/aurora-slate-veil.svg,7eacb0164fe1c392c9dcb71a0e08ac184ce6b5698e841b7f201577c6656898be
pc_reference|chart_lab|control_center_separate|control_center_embedded|visual_os,tablet_productive|pos_checkout|checkout|web_eit_public,959,.svg,storm_graphite_dark_showcase,Storm / Graphite Dark Showcase,obsidian-cloud-motion.svg,"Premium oscuro para showcase, Visual OS, Chart Lab y PC referencia. No POS/Checkout. Hits: obsidian, obsidian-cloud",tools/prisma-surface-visual-governor/public-mirrors/tablet/tablet-light-shell/latest/atmosphere-assets/backgrounds/obsidian-cloud-motion.svg,6ab40acf7fa6360d5dd65346b6046490f93d4072d37a519ec01d7a61795f9a5a
pc_reference|chart_lab|control_center_separate|control_center_embedded|visual_os,tablet_productive|pos_checkout|checkout|web_eit_public,173999,.jpg,storm_graphite_dark_showcase,Storm / Graphite Dark Showcase,storm-cloud-operations-real.jpg,"Premium oscuro para showcase, Visual OS, Chart Lab y PC referencia. No POS/Checkout. Hits: storm, storm-cloud",tools/prisma-surface-visual-governor/public-mirrors/tablet/tablet-light-shell/latest/atmosphere-assets/backgrounds/storm-cloud-operations-real.jpg,9245d5f589df75a53a2e3509a5a5971ea14d2fe9366cde1e083586e917c35219
pc_reference|chart_lab|control_center_separate|control_center_embedded|visual_os,tablet_productive|pos_checkout|checkout|web_eit_public,1286,.svg,storm_graphite_dark_showcase,Storm / Graphite Dark Showcase,storm-glass-horizon.svg,"Premium oscuro para showcase, Visual OS, Chart Lab y PC referencia. No POS/Checkout. Hits: storm, storm-glass",tools/prisma-surface-visual-governor/public-mirrors/tablet/tablet-light-shell/latest/atmosphere-assets/backgrounds/storm-glass-horizon.svg,89ce674e6d9a4f9474330b7b008e930b5e8eec2d7bc15cb94ea47e0a93dcf951
pc_reference|chart_lab|control_center_separate|control_center_embedded|visual_os,tablet_productive|pos_checkout|checkout|web_eit_public,1191,.svg,storm_graphite_dark_showcase,Storm / Graphite Dark Showcase,aurora-slate-veil.svg,"Premium oscuro para showcase, Visual OS, Chart Lab y PC referencia. No POS/Checkout. Hits: aurora, slate, aurora-slate",tools/prisma-surface-visual-governor/public-mirrors/tablet/tablet-light-shell/pilot-05/atmosphere-assets/backgrounds/aurora-slate-veil.svg,7eacb0164fe1c392c9dcb71a0e08ac184ce6b5698e841b7f201577c6656898be
pc_reference|chart_lab|control_center_separate|control_center_embedded|visual_os,tablet_productive|pos_checkout|checkout|web_eit_public,959,.svg,storm_graphite_dark_showcase,Storm / Graphite Dark Showcase,obsidian-cloud-motion.svg,"Premium oscuro para showcase, Visual OS, Chart Lab y PC referencia. No POS/Checkout. Hits: obsidian, obsidian-cloud",tools/prisma-surface-visual-governor/public-mirrors/tablet/tablet-light-shell/pilot-05/atmosphere-assets/backgrounds/obsidian-cloud-motion.svg,6ab40acf7fa6360d5dd65346b6046490f93d4072d37a519ec01d7a61795f9a5a
pc_reference|chart_lab|control_center_separate|control_center_embedded|visual_os,tablet_productive|pos_checkout|checkout|web_eit_public,173999,.jpg,storm_graphite_dark_showcase,Storm / Graphite Dark Showcase,storm-cloud-operations-real.jpg,"Premium oscuro para showcase, Visual OS, Chart Lab y PC referencia. No POS/Checkout. Hits: storm, storm-cloud",tools/prisma-surface-visual-governor/public-mirrors/tablet/tablet-light-shell/pilot-05/atmosphere-assets/backgrounds/storm-cloud-operations-real.jpg,9245d5f589df75a53a2e3509a5a5971ea14d2fe9366cde1e083586e917c35219
pc_reference|chart_lab|control_center_separate|control_center_embedded|visual_os,tablet_productive|pos_checkout|checkout|web_eit_public,1286,.svg,storm_graphite_dark_showcase,Storm / Graphite Dark Showcase,storm-glass-horizon.svg,"Premium oscuro para showcase, Visual OS, Chart Lab y PC referencia. No POS/Checkout. Hits: storm, storm-glass",tools/prisma-surface-visual-governor/public-mirrors/tablet/tablet-light-shell/pilot-05/atmosphere-assets/backgrounds/storm-glass-horizon.svg,89ce674e6d9a4f9474330b7b008e930b5e8eec2d7bc15cb94ea47e0a93dcf951
tablet_productive|tablet_settings|tablet_sync|mobile,pc_dark_showcase,1335,.svg,tablet_light_soft_clouds,Tablet Light Soft Clouds,tablet-soft-gray-clouds.svg,"Light-first para Tablet productiva. POS sólo con gate explícito. Hits: tablet-soft-gray-clouds, soft-gray",products/chart-lab/app/public/surface-visual-governor/atmosphere-assets/backgrounds/tablet-soft-gray-clouds.svg,ee21f92cb8004b1716aebe89f48272e5ed5ded32b11d66d9b04e0eb08c8ed7ba
tablet_productive|tablet_settings|tablet_sync|mobile,pc_dark_showcase,1335,.svg,tablet_light_soft_clouds,Tablet Light Soft Clouds,tablet-soft-gray-clouds.svg,"Light-first para Tablet productiva. POS sólo con gate explícito. Hits: tablet-soft-gray-clouds, soft-gray",products/mobile/app/public/surface-visual-governor/mobile-thin-mist-shell/latest/atmosphere-assets/backgrounds/tablet-soft-gray-clouds.svg,ee21f92cb8004b1716aebe89f48272e5ed5ded32b11d66d9b04e0eb08c8ed7ba
tablet_productive|tablet_settings|tablet_sync|mobile,pc_dark_showcase,1335,.svg,tablet_light_soft_clouds,Tablet Light Soft Clouds,tablet-soft-gray-clouds.svg,"Light-first para Tablet productiva. POS sólo con gate explícito. Hits: tablet-soft-gray-clouds, soft-gray",products/mobile/app/public/surface-visual-governor/mobile-thin-mist-shell/pilot-09/atmosphere-assets/backgrounds/tablet-soft-gray-clouds.svg,ee21f92cb8004b1716aebe89f48272e5ed5ded32b11d66d9b04e0eb08c8ed7ba
tablet_productive|tablet_settings|tablet_sync|mobile,pc_dark_showcase,1335,.svg,tablet_light_soft_clouds,Tablet Light Soft Clouds,tablet-soft-gray-clouds.svg,"Light-first para Tablet productiva. POS sólo con gate explícito. Hits: tablet-soft-gray-clouds, soft-gray",products/pc/app/public/surface-visual-governor/dashboard/latest/atmosphere-assets/backgrounds/tablet-soft-gray-clouds.svg,ee21f92cb8004b1716aebe89f48272e5ed5ded32b11d66d9b04e0eb08c8ed7ba
tablet_productive|tablet_settings|tablet_sync|mobile,pc_dark_showcase,1335,.svg,tablet_light_soft_clouds,Tablet Light Soft Clouds,tablet-soft-gray-clouds.svg,"Light-first para Tablet productiva. POS sólo con gate explícito. Hits: tablet-soft-gray-clouds, soft-gray",products/pc/app/public/surface-visual-governor/dashboard/pilot-04/atmosphere-assets/backgrounds/tablet-soft-gray-clouds.svg,ee21f92cb8004b1716aebe89f48272e5ed5ded32b11d66d9b04e0eb08c8ed7ba
tablet_productive|tablet_settings|tablet_sync|mobile,pc_dark_showcase,1335,.svg,tablet_light_soft_clouds,Tablet Light Soft Clouds,tablet-soft-gray-clouds.svg,"Light-first para Tablet productiva. POS sólo con gate explícito. Hits: tablet-soft-gray-clouds, soft-gray",products/pc/app/public/surface-visual-governor/reference-visual/latest/atmosphere-assets/backgrounds/tablet-soft-gray-clouds.svg,ee21f92cb8004b1716aebe89f48272e5ed5ded32b11d66d9b04e0eb08c8ed7ba
tablet_productive|tablet_settings|tablet_sync|mobile,pc_dark_showcase,1335,.svg,tablet_light_soft_clouds,Tablet Light Soft Clouds,tablet-soft-gray-clouds.svg,"Light-first para Tablet productiva. POS sólo con gate explícito. Hits: tablet-soft-gray-clouds, soft-gray",products/pc/app/public/surface-visual-governor/reference-visual/pilot-03/atmosphere-assets/backgrounds/tablet-soft-gray-clouds.svg,ee21f92cb8004b1716aebe89f48272e5ed5ded32b11d66d9b04e0eb08c8ed7ba
tablet_productive|tablet_settings|tablet_sync|mobile,pc_dark_showcase,1335,.svg,tablet_light_soft_clouds,Tablet Light Soft Clouds,tablet-soft-gray-clouds.svg,"Light-first para Tablet productiva. POS sólo con gate explícito. Hits: tablet-soft-gray-clouds, soft-gray",products/tablet/app/public/surface-visual-governor/checkout-light-safe-shell/latest/atmosphere-assets/backgrounds/tablet-soft-gray-clouds.svg,ee21f92cb8004b1716aebe89f48272e5ed5ded32b11d66d9b04e0eb08c8ed7ba
tablet_productive|tablet_settings|tablet_sync|mobile,pc_dark_showcase,1335,.svg,tablet_light_soft_clouds,Tablet Light Soft Clouds,tablet-soft-gray-clouds.svg,"Light-first para Tablet productiva. POS sólo con gate explícito. Hits: tablet-soft-gray-clouds, soft-gray",products/tablet/app/public/surface-visual-governor/checkout-light-safe-shell/pilot-08/atmosphere-assets/backgrounds/tablet-soft-gray-clouds.svg,ee21f92cb8004b1716aebe89f48272e5ed5ded32b11d66d9b04e0eb08c8ed7ba
tablet_productive|tablet_settings|tablet_sync|mobile,pc_dark_showcase,1335,.svg,tablet_light_soft_clouds,Tablet Light Soft Clouds,tablet-soft-gray-clouds.svg,"Light-first para Tablet productiva. POS sólo con gate explícito. Hits: tablet-soft-gray-clouds, soft-gray",products/tablet/app/public/surface-visual-governor/pos-light-safe-shell/latest/atmosphere-assets/backgrounds/tablet-soft-gray-clouds.svg,ee21f92cb8004b1716aebe89f48272e5ed5ded32b11d66d9b04e0eb08c8ed7ba
tablet_productive|tablet_settings|tablet_sync|mobile,pc_dark_showcase,1335,.svg,tablet_light_soft_clouds,Tablet Light Soft Clouds,tablet-soft-gray-clouds.svg,"Light-first para Tablet productiva. POS sólo con gate explícito. Hits: tablet-soft-gray-clouds, soft-gray",products/tablet/app/public/surface-visual-governor/pos-light-safe-shell/pilot-07/atmosphere-assets/backgrounds/tablet-soft-gray-clouds.svg,ee21f92cb8004b1716aebe89f48272e5ed5ded32b11d66d9b04e0eb08c8ed7ba
tablet_productive|tablet_settings|tablet_sync|mobile,pc_dark_showcase,1335,.svg,tablet_light_soft_clouds,Tablet Light Soft Clouds,tablet-soft-gray-clouds.svg,"Light-first para Tablet productiva. POS sólo con gate explícito. Hits: tablet-soft-gray-clouds, soft-gray, tablet-light",products/tablet/app/public/surface-visual-governor/tablet-light-shell/latest/atmosphere-assets/backgrounds/tablet-soft-gray-clouds.svg,ee21f92cb8004b1716aebe89f48272e5ed5ded32b11d66d9b04e0eb08c8ed7ba
tablet_productive|tablet_settings|tablet_sync|mobile,pc_dark_showcase,1335,.svg,tablet_light_soft_clouds,Tablet Light Soft Clouds,tablet-soft-gray-clouds.svg,"Light-first para Tablet productiva. POS sólo con gate explícito. Hits: tablet-soft-gray-clouds, soft-gray, tablet-light",products/tablet/app/public/surface-visual-governor/tablet-light-shell/pilot-05/atmosphere-assets/backgrounds/tablet-soft-gray-clouds.svg,ee21f92cb8004b1716aebe89f48272e5ed5ded32b11d66d9b04e0eb08c8ed7ba
tablet_productive|tablet_settings|tablet_sync|mobile,pc_dark_showcase,1335,.svg,tablet_light_soft_clouds,Tablet Light Soft Clouds,tablet-soft-gray-clouds.svg,"Light-first para Tablet productiva. POS sólo con gate explícito. Hits: tablet-soft-gray-clouds, soft-gray, tablet-light",products/tablet/app/public/visual-os/tablet-light-visual-preset-engine/assets/backgrounds/tablet-soft-gray-clouds.svg,ee21f92cb8004b1716aebe89f48272e5ed5ded32b11d66d9b04e0eb08c8ed7ba
tablet_productive|tablet_settings|tablet_sync|mobile,pc_dark_showcase,1335,.svg,tablet_light_soft_clouds,Tablet Light Soft Clouds,tablet-soft-gray-clouds.svg,"Light-first para Tablet productiva. POS sólo con gate explícito. Hits: tablet-soft-gray-clouds, soft-gray",tools/prisma-surface-visual-governor/public-mirrors/chart-lab/atmosphere-assets/backgrounds/tablet-soft-gray-clouds.svg,ee21f92cb8004b1716aebe89f48272e5ed5ded32b11d66d9b04e0eb08c8ed7ba
tablet_productive|tablet_settings|tablet_sync|mobile,pc_dark_showcase,1335,.svg,tablet_light_soft_clouds,Tablet Light Soft Clouds,tablet-soft-gray-clouds.svg,"Light-first para Tablet productiva. POS sólo con gate explícito. Hits: tablet-soft-gray-clouds, soft-gray",tools/prisma-surface-visual-governor/public-mirrors/mobile/mobile-thin-mist-shell/latest/atmosphere-assets/backgrounds/tablet-soft-gray-clouds.svg,ee21f92cb8004b1716aebe89f48272e5ed5ded32b11d66d9b04e0eb08c8ed7ba
tablet_productive|tablet_settings|tablet_sync|mobile,pc_dark_showcase,1335,.svg,tablet_light_soft_clouds,Tablet Light Soft Clouds,tablet-soft-gray-clouds.svg,"Light-first para Tablet productiva. POS sólo con gate explícito. Hits: tablet-soft-gray-clouds, soft-gray",tools/prisma-surface-visual-governor/public-mirrors/mobile/mobile-thin-mist-shell/pilot-09/atmosphere-assets/backgrounds/tablet-soft-gray-clouds.svg,ee21f92cb8004b1716aebe89f48272e5ed5ded32b11d66d9b04e0eb08c8ed7ba
tablet_productive|tablet_settings|tablet_sync|mobile,pc_dark_showcase,1335,.svg,tablet_light_soft_clouds,Tablet Light Soft Clouds,tablet-soft-gray-clouds.svg,"Light-first para Tablet productiva. POS sólo con gate explícito. Hits: tablet-soft-gray-clouds, soft-gray",tools/prisma-surface-visual-governor/public-mirrors/pc/dashboard/latest/atmosphere-assets/backgrounds/tablet-soft-gray-clouds.svg,ee21f92cb8004b1716aebe89f48272e5ed5ded32b11d66d9b04e0eb08c8ed7ba
tablet_productive|tablet_settings|tablet_sync|mobile,pc_dark_showcase,1335,.svg,tablet_light_soft_clouds,Tablet Light Soft Clouds,tablet-soft-gray-clouds.svg,"Light-first para Tablet productiva. POS sólo con gate explícito. Hits: tablet-soft-gray-clouds, soft-gray",tools/prisma-surface-visual-governor/public-mirrors/pc/dashboard/pilot-04/atmosphere-assets/backgrounds/tablet-soft-gray-clouds.svg,ee21f92cb8004b1716aebe89f48272e5ed5ded32b11d66d9b04e0eb08c8ed7ba
tablet_productive|tablet_settings|tablet_sync|mobile,pc_dark_showcase,1335,.svg,tablet_light_soft_clouds,Tablet Light Soft Clouds,tablet-soft-gray-clouds.svg,"Light-first para Tablet productiva. POS sólo con gate explícito. Hits: tablet-soft-gray-clouds, soft-gray",tools/prisma-surface-visual-governor/public-mirrors/pc/reference-visual/latest/atmosphere-assets/backgrounds/tablet-soft-gray-clouds.svg,ee21f92cb8004b1716aebe89f48272e5ed5ded32b11d66d9b04e0eb08c8ed7ba
tablet_productive|tablet_settings|tablet_sync|mobile,pc_dark_showcase,1335,.svg,tablet_light_soft_clouds,Tablet Light Soft Clouds,tablet-soft-gray-clouds.svg,"Light-first para Tablet productiva. POS sólo con gate explícito. Hits: tablet-soft-gray-clouds, soft-gray",tools/prisma-surface-visual-governor/public-mirrors/pc/reference-visual/pilot-03/atmosphere-assets/backgrounds/tablet-soft-gray-clouds.svg,ee21f92cb8004b1716aebe89f48272e5ed5ded32b11d66d9b04e0eb08c8ed7ba
tablet_productive|tablet_settings|tablet_sync|mobile,pc_dark_showcase,1335,.svg,tablet_light_soft_clouds,Tablet Light Soft Clouds,tablet-soft-gray-clouds.svg,"Light-first para Tablet productiva. POS sólo con gate explícito. Hits: tablet-soft-gray-clouds, soft-gray",tools/prisma-surface-visual-governor/public-mirrors/tablet/checkout-light-safe-shell/latest/atmosphere-assets/backgrounds/tablet-soft-gray-clouds.svg,ee21f92cb8004b1716aebe89f48272e5ed5ded32b11d66d9b04e0eb08c8ed7ba
tablet_productive|tablet_settings|tablet_sync|mobile,pc_dark_showcase,1335,.svg,tablet_light_soft_clouds,Tablet Light Soft Clouds,tablet-soft-gray-clouds.svg,"Light-first para Tablet productiva. POS sólo con gate explícito. Hits: tablet-soft-gray-clouds, soft-gray",tools/prisma-surface-visual-governor/public-mirrors/tablet/checkout-light-safe-shell/pilot-08/atmosphere-assets/backgrounds/tablet-soft-gray-clouds.svg,ee21f92cb8004b1716aebe89f48272e5ed5ded32b11d66d9b04e0eb08c8ed7ba
tablet_productive|tablet_settings|tablet_sync|mobile,pc_dark_showcase,1335,.svg,tablet_light_soft_clouds,Tablet Light Soft Clouds,tablet-soft-gray-clouds.svg,"Light-first para Tablet productiva. POS sólo con gate explícito. Hits: tablet-soft-gray-clouds, soft-gray",tools/prisma-surface-visual-governor/public-mirrors/tablet/pos-light-safe-shell/latest/atmosphere-assets/backgrounds/tablet-soft-gray-clouds.svg,ee21f92cb8004b1716aebe89f48272e5ed5ded32b11d66d9b04e0eb08c8ed7ba
tablet_productive|tablet_settings|tablet_sync|mobile,pc_dark_showcase,1335,.svg,tablet_light_soft_clouds,Tablet Light Soft Clouds,tablet-soft-gray-clouds.svg,"Light-first para Tablet productiva. POS sólo con gate explícito. Hits: tablet-soft-gray-clouds, soft-gray",tools/prisma-surface-visual-governor/public-mirrors/tablet/pos-light-safe-shell/pilot-07/atmosphere-assets/backgrounds/tablet-soft-gray-clouds.svg,ee21f92cb8004b1716aebe89f48272e5ed5ded32b11d66d9b04e0eb08c8ed7ba
tablet_productive|tablet_settings|tablet_sync|mobile,pc_dark_showcase,1335,.svg,tablet_light_soft_clouds,Tablet Light Soft Clouds,tablet-soft-gray-clouds.svg,"Light-first para Tablet productiva. POS sólo con gate explícito. Hits: tablet-soft-gray-clouds, soft-gray, tablet-light",tools/prisma-surface-visual-governor/public-mirrors/tablet/tablet-light-shell/latest/atmosphere-assets/backgrounds/tablet-soft-gray-clouds.svg,ee21f92cb8004b1716aebe89f48272e5ed5ded32b11d66d9b04e0eb08c8ed7ba
tablet_productive|tablet_settings|tablet_sync|mobile,pc_dark_showcase,1335,.svg,tablet_light_soft_clouds,Tablet Light Soft Clouds,tablet-soft-gray-clouds.svg,"Light-first para Tablet productiva. POS sólo con gate explícito. Hits: tablet-soft-gray-clouds, soft-gray, tablet-light",tools/prisma-surface-visual-governor/public-mirrors/tablet/tablet-light-shell/pilot-05/atmosphere-assets/backgrounds/tablet-soft-gray-clouds.svg,ee21f92cb8004b1716aebe89f48272e5ed5ded32b11d66d9b04e0eb08c8ed7ba
,,70889,.svg,unclassified_visual_asset,Unclassified visual asset,dependency_graph_package_silver_frost_cyan_terminal-de-venta-system_20260518_164438.svg,"Asset visual detectado, pero requiere decisión humana antes de usarse.",_dependency_graphs/dependency_graph_package_silver_frost_cyan_terminal-de-venta-system_20260518_164438.svg,348db9c243c1be4bc9981fa04e2a0af463c00c7c95f229855217f514755448ef
,,109287,.svg,unclassified_visual_asset,Unclassified visual asset,visual_control_map_terminal-de-venta-system_silver_frost_cyan_20260518_164438.svg,"Asset visual detectado, pero requiere decisión humana antes de usarse.",_dependency_graphs/visual_control_map_terminal-de-venta-system_silver_frost_cyan_20260518_164438.svg,0b1d3ec44c74820dad54397a1b01ea020a15faba7702497abdb5e5963539febc
,,104448,.png,unclassified_visual_asset,Unclassified visual asset,checkout_preview.png,"Asset visual detectado, pero requiere decisión humana antes de usarse.",products/tablet/app/docs/qa/t01/checkout_preview.png,3a5b37ab3450f12436564592ec02500c7fab3e1a52bde2b89b1843cd23a4b931
,,105748,.png,unclassified_visual_asset,Unclassified visual asset,sales_preview.png,"Asset visual detectado, pero requiere decisión humana antes de usarse.",products/tablet/app/docs/qa/t01/sales_preview.png,41aabd7532ab2a6baed4c3b96f19663a81c0b3914cd7e3556c0af5b12be2b9fe
,,1094306,.png,unclassified_visual_asset,Unclassified visual asset,returns_preview.png,"Asset visual detectado, pero requiere decisión humana antes de usarse.",products/tablet/app/docs/qa/t02/returns_preview.png,c06804daa7377eeb5c7b6a4fb3643fd6dd0acbaa9bf510b3a46fffbb2c5d5212
,,1087837,.png,unclassified_visual_asset,Unclassified visual asset,shift_preview.png,"Asset visual detectado, pero requiere decisión humana antes de usarse.",products/tablet/app/docs/qa/t02/shift_preview.png,ad9cad57aa7ac2a332421a36b9a8e585e6f60f4b38ac831f10b3361b6a8b1021
,,105995,.png,unclassified_visual_asset,Unclassified visual asset,offline_preview.png,"Asset visual detectado, pero requiere decisión humana antes de usarse.",products/tablet/app/docs/qa/t03/offline_preview.png,a3626130e813e69a5c4a78ae602b338101edf08f15ab6f1acc8ed89bcc774f62
,,105995,.png,unclassified_visual_asset,Unclassified visual asset,sync_preview.png,"Asset visual detectado, pero requiere decisión humana antes de usarse.",products/tablet/app/docs/qa/t03/sync_preview.png,a3626130e813e69a5c4a78ae602b338101edf08f15ab6f1acc8ed89bcc774f62
,,100539,.png,unclassified_visual_asset,Unclassified visual asset,checkout_stock_preview.png,"Asset visual detectado, pero requiere decisión humana antes de usarse.",products/tablet/app/docs/qa/t04/checkout_stock_preview.png,f5b180af6be512e8d13e9c60a8ab8f1e4376fc4d958288717d4a269292dfccaa
,,98913,.png,unclassified_visual_asset,Unclassified visual asset,sales_stock_preview.png,"Asset visual detectado, pero requiere decisión humana antes de usarse.",products/tablet/app/docs/qa/t04/sales_stock_preview.png,d6dc6c045f6c01a0bda2b89b5f7898f5080f79314391721170a6e8171a446129
,,94436,.png,unclassified_visual_asset,Unclassified visual asset,stock_preview.png,"Asset visual detectado, pero requiere decisión humana antes de usarse.",products/tablet/app/docs/qa/t04/stock_preview.png,a69d13d6ab7a1553a82006746f81898e307a330d010b626c8608b7099a996566
,,68758,.png,unclassified_visual_asset,Unclassified visual asset,dashboard_home_preview.png,"Asset visual detectado, pero requiere decisión humana antes de usarse.",products/tablet/app/docs/qa/t05/dashboard_home_preview.png,7aea906a95fe8f70cf5ff12475b173e948168637cd964e85063cf6a80db73683
,,67981,.png,unclassified_visual_asset,Unclassified visual asset,dashboard_risks_preview.png,"Asset visual detectado, pero requiere decisión humana antes de usarse.",products/tablet/app/docs/qa/t05/dashboard_risks_preview.png,3af2a5c244f06d756003e642d6f309d22e067d88eadbc28b1b9999a723d10b4d
,,68286,.png,unclassified_visual_asset,Unclassified visual asset,dashboard_sync_stock_preview.png,"Asset visual detectado, pero requiere decisión humana antes de usarse.",products/tablet/app/docs/qa/t05/dashboard_sync_stock_preview.png,d3d7e7926159067f716ba5990acf21afe94ef2527af200aa53c8ea11c5aee71f
,,797667,.png,unclassified_visual_asset,Unclassified visual asset,fallback_evidence.png,"Asset visual detectado, pero requiere decisión humana antes de usarse.",products/tablet/app/docs/qa/t06/fallback_evidence.png,36d52cd59b683c84cf5f8b10cf1c117cd508b66ffee4a443c7c4dbe517a0b5c4
,,20882,.png,unclassified_visual_asset,Unclassified visual asset,home_hardening_preview.png,"Asset visual detectado, pero requiere decisión humana antes de usarse.",products/tablet/app/docs/qa/t06/home_hardening_preview.png,edcf239320f22700bea3464758cca5df10d73679c6dd729dd60add6c187639e6
,,21128,.png,unclassified_visual_asset,Unclassified visual asset,not_found_preview.png,"Asset visual detectado, pero requiere decisión humana antes de usarse.",products/tablet/app/docs/qa/t06/not_found_preview.png,94554a42b5083259d1155fee5f36fc05298f8efb4d351119402c361ac4c443e4
,,797462,.png,unclassified_visual_asset,Unclassified visual asset,operator_flow_evidence.png,"Asset visual detectado, pero requiere decisión humana antes de usarse.",products/tablet/app/docs/qa/t06/operator_flow_evidence.png,ad6bd67c60872e1b34b150d10fa5b442e63e1a9eca3252a2dc84fc83e638a9ed
,,797742,.png,unclassified_visual_asset,Unclassified visual asset,release_gate_evidence.png,"Asset visual detectado, pero requiere decisión humana antes de usarse.",products/tablet/app/docs/qa/t06/release_gate_evidence.png,27112372126a190b1d6f3b61c437875bfeab078957649019caf714167e5194dd
,,20935,.png,unclassified_visual_asset,Unclassified visual asset,runtime_error_preview.png,"Asset visual detectado, pero requiere decisión humana antes de usarse.",products/tablet/app/docs/qa/t06/runtime_error_preview.png,90c152d5bacfb68699055bcc9ef0ef3cf7b0c0c5a4259a99fb1c3a22058e6b05
,,84273,.png,unclassified_visual_asset,Unclassified visual asset,checkout_rail_preview.png,"Asset visual detectado, pero requiere decisión humana antes de usarse.",products/tablet/app/docs/qa/t07/checkout_rail_preview.png,f22ddd2f0b12cd4f738e940393870e2e1d63cf0eaa84a49134c1350b45003f9a
,,84270,.png,unclassified_visual_asset,Unclassified visual asset,home_ux_preview.png,"Asset visual detectado, pero requiere decisión humana antes de usarse.",products/tablet/app/docs/qa/t07/home_ux_preview.png,9729bbcafcf085b83570962ab7a96dfcca5c0b7e1e432626860428beada3aa24
,,84391,.png,unclassified_visual_asset,Unclassified visual asset,sales_fastlane_preview.png,"Asset visual detectado, pero requiere decisión humana antes de usarse.",products/tablet/app/docs/qa/t07/sales_fastlane_preview.png,c75b99da0d6b2a4860fd7ff1b3c91e4511a0dd49b4c52123b36f1f3a632ce922
,,84803,.png,unclassified_visual_asset,Unclassified visual asset,shift_returns_preview.png,"Asset visual detectado, pero requiere decisión humana antes de usarse.",products/tablet/app/docs/qa/t07/shift_returns_preview.png,40a03c5febf688b7201ba905cd9d1bd985745f3b2544a6da54c6ce34852c00be
,,426148,.png,unclassified_visual_asset,Unclassified visual asset,chart-lab-controls-causal.png,"Asset visual detectado, pero requiere decisión humana antes de usarse.",tools/_local/evidence/chart-lab/screenshots/chart-lab-controls-causal.png,3a750fbe97a34c574eafd69c33b5e38408842f6592cb11be0352d07cba263068
,,433794,.png,unclassified_visual_asset,Unclassified visual asset,chart-lab-landing.png,"Asset visual detectado, pero requiere decisión humana antes de usarse.",tools/_local/evidence/chart-lab/screenshots/chart-lab-landing.png,5bcadfc370477d88d609b0fed846d6f0fb6ccff9b8eb7280bd4d78f4c3099706
,,444001,.png,unclassified_visual_asset,Unclassified visual asset,chart-lab-passport.png,"Asset visual detectado, pero requiere decisión humana antes de usarse.",tools/_local/evidence/chart-lab/screenshots/chart-lab-passport.png,070b6f3e69557d4393d04046c83f790090296be33622dd09b57f6986d2d85f89
,,408352,.png,unclassified_visual_asset,Unclassified visual asset,chart-lab-tablet-viewport.png,"Asset visual detectado, pero requiere decisión humana antes de usarse.",tools/_local/evidence/chart-lab/screenshots/chart-lab-tablet-viewport.png,86c16e4c8675e3370afa03eca802cb7eaf8eae8c3273b82bc290a5c86d6726a6
web_eit_public,showcase|demo,454535,.png,web_eit_sober,Web/EIT Public Sober,prisma-logo-full.png,Público sobrio. Nada de exceso visual. Hits: public,products/chart-lab/app/public/brand/prisma-logo-full.png,bbb8a3b81bb2afdfce13d37d450eee9c760e668b253e668a59d01397507cc728
web_eit_public,showcase|demo,25567,.png,web_eit_sober,Web/EIT Public Sober,prisma-prism-mark-192.png,Público sobrio. Nada de exceso visual. Hits: public,products/chart-lab/app/public/brand/prisma-prism-mark-192.png,07e11278cac4235dea7592f7d106e573b64d68b31648dc7d7d0f3cd0086e4543
web_eit_public,showcase|demo,250924,.png,web_eit_sober,Web/EIT Public Sober,prisma-prism-mark.png,Público sobrio. Nada de exceso visual. Hits: public,products/chart-lab/app/public/brand/prisma-prism-mark.png,6660d8dd1b5425fdd7cca3adef9d9455f83188225eb638cb907c250538fdc9f6
web_eit_public,showcase|demo,787,.svg,web_eit_sober,Web/EIT Public Sober,favicon.svg,Público sobrio. Nada de exceso visual. Hits: public,products/chart-lab/app/public/favicon.svg,6a251dca0a806a9a4a8c2020db097b6f0532f15c80473cd646ba52244d85e162
web_eit_public,showcase|demo,15348,.png,web_eit_sober,Web/EIT Public Sober,prisma-logo-main.png,Público sobrio. Nada de exceso visual. Hits: public,products/pc/app/public/brand/prisma-logo-main.png,d69e4c76cfe5d74cd1aca6f97ae96a2b64b32c801230b48d4e36ce4344be03e6
web_eit_public,showcase|demo,1578065,.png,web_eit_sober,Web/EIT Public Sober,prisma-logo-official.png,Público sobrio. Nada de exceso visual. Hits: public,products/pc/app/public/brand/prisma-logo-official.png,df70ef209ccdaf3730983f167321eacdf7fd66b89e78bb30daddf202db0a26ed
web_eit_public,showcase|demo,715,.svg,web_eit_sober,Web/EIT Public Sober,prisma-mark.svg,Público sobrio. Nada de exceso visual. Hits: public,products/pc/app/public/brand/prisma-mark.svg,5b3e2aec523a71ded3a955b2b1d54cdc04631eadebba8156aaab6213c3b69108
web_eit_public,showcase|demo,2649,.svg,web_eit_sober,Web/EIT Public Sober,prisma-ecosystem.svg,Público sobrio. Nada de exceso visual. Hits: public,products/pc/app/public/landing/prisma-ecosystem.svg,cfdfffcc4b5317522946ad7e270c8644d5cea8e680435178eb5044cc2e575045
web_eit_public,showcase|demo,1339697,.png,web_eit_sober,Web/EIT Public Sober,prisma-home-hero-commercial.png,Público sobrio. Nada de exceso visual. Hits: public,products/pc/app/public/landing/prisma-home-hero-commercial.png,2ca9b03a4585e1e388b23812a104a54f01105416f49f127cde4432b3b437aa75
web_eit_public,showcase|demo,2183,.svg,web_eit_sober,Web/EIT Public Sober,prisma-multistore-map.svg,Público sobrio. Nada de exceso visual. Hits: public,products/pc/app/public/landing/prisma-multistore-map.svg,4dfb52f1fbb402e4ed03cbb25b9f7d6411bc4be945cdebfc8e98ee498ebcec03
web_eit_public,showcase|demo,1573777,.png,web_eit_sober,Web/EIT Public Sober,prisma-multisucursal-control-total.png,Público sobrio. Nada de exceso visual. Hits: public,products/pc/app/public/landing/prisma-multisucursal-control-total.png,0278a5109af7c11acedcdc9b5e21cc273bec4d39ff4d933cf9d3900920f599c8
web_eit_public,showcase|demo,1649742,.png,web_eit_sober,Web/EIT Public Sober,prisma-pc-controla-operacion.png,Público sobrio. Nada de exceso visual. Hits: public,products/pc/app/public/landing/prisma-pc-controla-operacion.png,0f181be06c4a94894247540018237e17a18b4219a48bd3a7ec78351b1891de03
web_eit_public,showcase|demo,1799391,.png,web_eit_sober,Web/EIT Public Sober,prisma-pos-vende-con-orden.png,Público sobrio. Nada de exceso visual. Hits: public,products/pc/app/public/landing/prisma-pos-vende-con-orden.png,94284971c39accf980a1ef3f40e0f094e6b917ce70ab38c1861bb890267666e1
web_eit_public,showcase|demo,2099,.svg,web_eit_sober,Web/EIT Public Sober,prisma-smart-replenishment.svg,Público sobrio. Nada de exceso visual. Hits: public,products/pc/app/public/landing/prisma-smart-replenishment.svg,083c257f5f83c79dbce1cb6b98a813f0e449dee2dcddca8873d15b25640af22f
web_eit_public,showcase|demo,38671,.png,web_eit_sober,Web/EIT Public Sober,bread_loaf_512.png,Público sobrio. Nada de exceso visual. Hits: public,products/tablet/app/public/pos-packshots/bread_loaf_512.png,b8e58096ccc2da0d17c3e21200b6efc808a583733c3516fb9543c18235b071b3
web_eit_public,showcase|demo,25321,.png,web_eit_sober,Web/EIT Public Sober,candy_bar_512.png,Público sobrio. Nada de exceso visual. Hits: public,products/tablet/app/public/pos-packshots/candy_bar_512.png,51d3619aeb9fde5693326701bf6ffe75826d64057eb19cbbc5ad2c04bdbbb2fe
web_eit_public,showcase|demo,25133,.png,web_eit_sober,Web/EIT Public Sober,cereal_box_512.png,Público sobrio. Nada de exceso visual. Hits: public,products/tablet/app/public/pos-packshots/cereal_box_512.png,198f2099ddd2df1ce0388a676cd962cf266c71d0d85da4554aaf505188040e17
web_eit_public,showcase|demo,32270,.png,web_eit_sober,Web/EIT Public Sober,chips_bag_512.png,Público sobrio. Nada de exceso visual. Hits: public,products/tablet/app/public/pos-packshots/chips_bag_512.png,a3cfb8b261e01f1f183f5c0772667fff833778ea19564cc0d124faad8b6ea222
web_eit_public,showcase|demo,41644,.png,web_eit_sober,Web/EIT Public Sober,coffee_jar_512.png,Público sobrio. Nada de exceso visual. Hits: public,products/tablet/app/public/pos-packshots/coffee_jar_512.png,60061bf46be47ef1265c057af9cdc5d7f59cbb6189e38974f75602024c8988ae
web_eit_public,showcase|demo,34346,.png,web_eit_sober,Web/EIT Public Sober,cola_bottle_512.png,Público sobrio. Nada de exceso visual. Hits: public,products/tablet/app/public/pos-packshots/cola_bottle_512.png,bd24fa356cb6a98e12d95062a6d0c715b1cd27c0220ea4d7dda4e1555f082f5b
web_eit_public,showcase|demo,26621,.png,web_eit_sober,Web/EIT Public Sober,counter_goods_512.png,Público sobrio. Nada de exceso visual. Hits: public,products/tablet/app/public/pos-packshots/counter_goods_512.png,fc3a5eeda254f032665d6d883dffea5cfc7a53a8d8afb6e9000bee91c98b4a59
web_eit_public,showcase|demo,29644,.png,web_eit_sober,Web/EIT Public Sober,detergent_bag_512.png,Público sobrio. Nada de exceso visual. Hits: public,products/tablet/app/public/pos-packshots/detergent_bag_512.png,9689899c2e184f73e2b9475e81b98dbc1a5202c1633b96dfe06c5a8395cc8381
web_eit_public,showcase|demo,31601,.png,web_eit_sober,Web/EIT Public Sober,disposables_stack_512.png,Público sobrio. Nada de exceso visual. Hits: public,products/tablet/app/public/pos-packshots/disposables_stack_512.png,f2f489304b7d4cd5896839133cb1b62f740218d66ba0565e1316437521225818
web_eit_public,showcase|demo,33955,.png,web_eit_sober,Web/EIT Public Sober,hygiene_bottle_512.png,Público sobrio. Nada de exceso visual. Hits: public,products/tablet/app/public/pos-packshots/hygiene_bottle_512.png,e0ad23cead2db18b7f7919b09096b6b994b70494b64548f95d8607634e004a19
web_eit_public,showcase|demo,25893,.png,web_eit_sober,Web/EIT Public Sober,icecream_bar_512.png,Público sobrio. Nada de exceso visual. Hits: public,products/tablet/app/public/pos-packshots/icecream_bar_512.png,af2d525c28071b337b68ea4dc0c07b3f63e21ff9519e0688d62e702d4664cdb0
web_eit_public,showcase|demo,21922,.png,web_eit_sober,Web/EIT Public Sober,milk_carton_512.png,Público sobrio. Nada de exceso visual. Hits: public,products/tablet/app/public/pos-packshots/milk_carton_512.png,2d2bb937102842e212ce3c201ba2690a5993bb235dd072209292b799afa82516
web_eit_public,showcase|demo,38290,.png,web_eit_sober,Web/EIT Public Sober,noodles_cup_512.png,Público sobrio. Nada de exceso visual. Hits: public,products/tablet/app/public/pos-packshots/noodles_cup_512.png,bc0138288364d26d7852195ba4fca16d344bc8d3026f2d2187bae4d6f052bbd0
web_eit_public,showcase|demo,37633,.png,web_eit_sober,Web/EIT Public Sober,pet_food_bag_512.png,Público sobrio. Nada de exceso visual. Hits: public,products/tablet/app/public/pos-packshots/pet_food_bag_512.png,7e6c515c471f3469e1bf56c6c636364a6efa588d6b05388e727a9465911946f9
web_eit_public,showcase|demo,35941,.png,web_eit_sober,Web/EIT Public Sober,water_bottle_512.png,Público sobrio. Nada de exceso visual. Hits: public,products/tablet/app/public/pos-packshots/water_bottle_512.png,5b0ee1e6855b75b2ed438fff051cac4c72c428ef8146a098dfc7ee6cb8d41831
web_eit_public,showcase|demo,1578386,.png,web_eit_sober,Web/EIT Public Sober,logo-prisma-primary.png,Público sobrio. Nada de exceso visual. Hits: public,products/tablet/app/public/prisma/logo-prisma-primary.png,2fdc813316cbaa30a65b3d49439e59148e5417adefc058174bcfda3b53f235f7
web_eit_public,showcase|demo,22115,.png,web_eit_sober,Web/EIT Public Sober,ace-1kg.png,Público sobrio. Nada de exceso visual. Hits: public,products/tablet/app/public/products/packshots/ace-1kg.png,ff004604697dd6e69f5856187fdad93315ac595eca7a64a12c925dfdbef77ce3
web_eit_public,showcase|demo,21361,.png,web_eit_sober,Web/EIT Public Sober,agua-ciel-1l.png,Público sobrio. Nada de exceso visual. Hits: public,products/tablet/app/public/products/packshots/agua-ciel-1l.png,ccc4bfd75e80408d130056ae8aa34c7be1fd82b557df394c75a2380840da1459
web_eit_public,showcase|demo,19545,.png,web_eit_sober,Web/EIT Public Sober,coca-cola-600ml.png,Público sobrio. Nada de exceso visual. Hits: public,products/tablet/app/public/products/packshots/coca-cola-600ml.png,bf9bb8a1f674a102ccae229d4a25ff270a1644d814203d0a87ffb6ad29402eee
web_eit_public,showcase|demo,1861526,.png,web_eit_sober,Web/EIT Public Sober,aceite-vegetal.png,"Público sobrio. Nada de exceso visual. Hits: public, eit",products/tablet/app/public/products/packshots/dark/aceite-vegetal.png,c6c91890aadfdffefafb1a8eaf7698a83d94757bfd360f2a88d461bace434656
web_eit_public,showcase|demo,2231535,.png,web_eit_sober,Web/EIT Public Sober,agua-con-gas-burbuja-fina-600ml-02.png,Público sobrio. Nada de exceso visual. Hits: public,products/tablet/app/public/products/packshots/dark/agua-con-gas-burbuja-fina-600ml-02.png,06b87b8afda908c14ad516c3c57a494230ab1618a9d5c45d2f833703a6cc6edf
web_eit_public,showcase|demo,2104742,.png,web_eit_sober,Web/EIT Public Sober,agua-con-gas-burbuja-fina-600ml.png,Público sobrio. Nada de exceso visual. Hits: public,products/tablet/app/public/products/packshots/dark/agua-con-gas-burbuja-fina-600ml.png,e7cc1842c672adc84e2a62686fb738f38230073a46bed74048d7b9baa8ede5d6
web_eit_public,showcase|demo,2251810,.png,web_eit_sober,Web/EIT Public Sober,agua-mineral-600ml-02.png,Público sobrio. Nada de exceso visual. Hits: public,products/tablet/app/public/products/packshots/dark/agua-mineral-600ml-02.png,c58faeb9edb1f807a16fa84ab23996be63e75bd2aab4e53911fe25ec7dc52e28
web_eit_public,showcase|demo,2038068,.png,web_eit_sober,Web/EIT Public Sober,agua-mineral-600ml.png,Público sobrio. Nada de exceso visual. Hits: public,products/tablet/app/public/products/packshots/dark/agua-mineral-600ml.png,9d982381ac2f9dd3d1ce164794af50ad8f82125da26d4446b2695282b0f9413e
web_eit_public,showcase|demo,1823313,.png,web_eit_sober,Web/EIT Public Sober,agua-purificada-600ml.png,Público sobrio. Nada de exceso visual. Hits: public,products/tablet/app/public/products/packshots/dark/agua-purificada-600ml.png,b9117932757cadb857167ef0e1017548e92b64d4a65ab3fc23807f0ea07c1f28
web_eit_public,showcase|demo,2305519,.png,web_eit_sober,Web/EIT Public Sober,agua-tonica-600ml.png,Público sobrio. Nada de exceso visual. Hits: public,products/tablet/app/public/products/packshots/dark/agua-tonica-600ml.png,2b25dda80e2a3121ff5cf071794433876158d30f24176244168c964a8c1e7d09
web_eit_public,showcase|demo,2122751,.png,web_eit_sober,Web/EIT Public Sober,alimento-para-gato-adulto-2kg.png,Público sobrio. Nada de exceso visual. Hits: public,products/tablet/app/public/products/packshots/dark/alimento-para-gato-adulto-2kg.png,efc52e45a73b9826596533ea3244f11ee7a11a11a51cda111deed110b1f1d686
web_eit_public,showcase|demo,1794096,.png,web_eit_sober,Web/EIT Public Sober,arroz-1kg.png,Público sobrio. Nada de exceso visual. Hits: public,products/tablet/app/public/products/packshots/dark/arroz-1kg.png,96311d37f7bce885a65b368e02a5414247ac1b2f903c07cf5a881594fa12976f
web_eit_public,showcase|demo,2013194,.png,web_eit_sober,Web/EIT Public Sober,arroz-premium-grano-largo-1kg.png,Público sobrio. Nada de exceso visual. Hits: public,products/tablet/app/public/products/packshots/dark/arroz-premium-grano-largo-1kg.png,e7f2e57669a70bf80e919bf918e4ae9999f7b3648206c79f2e72ee12ef8aee60
web_eit_public,showcase|demo,1806479,.png,web_eit_sober,Web/EIT Public Sober,atun-en-agua-140g.png,Público sobrio. Nada de exceso visual. Hits: public,products/tablet/app/public/products/packshots/dark/atun-en-agua-140g.png,786e9dabbffe06e841ac59d439d8c7379bc936d33426814ec478a508d706a56a
web_eit_public,showcase|demo,1986709,.png,web_eit_sober,Web/EIT Public Sober,atun-en-agua-80g.png,Público sobrio. Nada de exceso visual. Hits: public,products/tablet/app/public/products/packshots/dark/atun-en-agua-80g.png,0146385d9824d1dfff1382121e1012f06a2796e3447fcae1d14d6a5450e9f264
web_eit_public,showcase|demo,2072066,.png,web_eit_sober,Web/EIT Public Sober,avena-hojuelas-500g.png,Público sobrio. Nada de exceso visual. Hits: public,products/tablet/app/public/products/packshots/dark/avena-hojuelas-500g.png,27e12f74ac73988320f585904606625debfdd6440aac42ecec83aa98b781e6df
web_eit_public,showcase|demo,1741128,.png,web_eit_sober,Web/EIT Public Sober,azucar-refinada-1kg.png,Público sobrio. Nada de exceso visual. Hits: public,products/tablet/app/public/products/packshots/dark/azucar-refinada-1kg.png,e6a7538d7d16e7614a74e4357b407d87a6d798773c4e432cdf29cc624a2eadf0
web_eit_public,showcase|demo,2082023,.png,web_eit_sober,Web/EIT Public Sober,bebida-de-almendra-1l-02.png,Público sobrio. Nada de exceso visual. Hits: public,products/tablet/app/public/products/packshots/dark/bebida-de-almendra-1l-02.png,bd446106cb75db30f846d99f3aa3c5a48947853856a0b08f069e7b2c0224bc32
web_eit_public,showcase|demo,2242754,.png,web_eit_sober,Web/EIT Public Sober,bebida-de-almendra-1l.png,Público sobrio. Nada de exceso visual. Hits: public,products/tablet/app/public/products/packshots/dark/bebida-de-almendra-1l.png,84319cc95a43c2b99e6d7c10d269eb395c630084720f827aecff00fc013bc018
web_eit_public,showcase|demo,2154592,.png,web_eit_sober,Web/EIT Public Sober,bebida-de-arroz-1l.png,Público sobrio. Nada de exceso visual. Hits: public,products/tablet/app/public/products/packshots/dark/bebida-de-arroz-1l.png,5050b81339431b179674501681293f490cddef338e1a6996e0942d985bafe53d
web_eit_public,showcase|demo,2111175,.png,web_eit_sober,Web/EIT Public Sober,bebida-de-avena-1l.png,Público sobrio. Nada de exceso visual. Hits: public,products/tablet/app/public/products/packshots/dark/bebida-de-avena-1l.png,5d749de430a0e34fc501ce48222dbffc0d0eeabf368a0ec43530648b86e3f812
web_eit_public,showcase|demo,2172981,.png,web_eit_sober,Web/EIT Public Sober,bebida-de-soya-1l.png,Público sobrio. Nada de exceso visual. Hits: public,products/tablet/app/public/products/packshots/dark/bebida-de-soya-1l.png,881dbb051a81d7fc4830a1d5083c361135038b92e1a4f2abcb1bb2b7675c06c3
web_eit_public,showcase|demo,1931500,.png,web_eit_sober,Web/EIT Public Sober,bebida-de-yogur-natural-1l.png,Público sobrio. Nada de exceso visual. Hits: public,products/tablet/app/public/products/packshots/dark/bebida-de-yogur-natural-1l.png,4a4b4baa295c3af5d94053cd16bd71be39882cc2b94c5d5581f4ff3bb51057d4
web_eit_public,showcase|demo,2130758,.png,web_eit_sober,Web/EIT Public Sober,bebida-energetica-energia-intensa-355ml.png,Público sobrio. Nada de exceso visual. Hits: public,products/tablet/app/public/products/packshots/dark/bebida-energetica-energia-intensa-355ml.png,e52415d2571338370dd009d3975a970c7d78ee11a1fd86673f1c79248c096e5f
web_eit_public,showcase|demo,2227256,.png,web_eit_sober,Web/EIT Public Sober,bebida-isotonica-600ml.png,Público sobrio. Nada de exceso visual. Hits: public,products/tablet/app/public/products/packshots/dark/bebida-isotonica-600ml.png,b4e230b087a1c4f925cb823ecc18d5141d719b80da10e82c3e9b69f8b5465a04
web_eit_public,showcase|demo,2059047,.png,web_eit_sober,Web/EIT Public Sober,cacao-en-polvo-400g.png,Público sobrio. Nada de exceso visual. Hits: public,products/tablet/app/public/products/packshots/dark/cacao-en-polvo-400g.png,423ab4b7e00ef7f7e10598198a5d541f0e561c5761dcff64601844edddb884c1
web_eit_public,showcase|demo,2156155,.png,web_eit_sober,Web/EIT Public Sober,cafe-molido-seleccion-premium-250g.png,Público sobrio. Nada de exceso visual. Hits: public,products/tablet/app/public/products/packshots/dark/cafe-molido-seleccion-premium-250g.png,1a85935df4df6814f7876f8079f1efbb1d9343d04eae59a0fdf0fb50c06eb753
web_eit_public,showcase|demo,1855874,.png,web_eit_sober,Web/EIT Public Sober,cafe-soluble-200g.png,Público sobrio. Nada de exceso visual. Hits: public,products/tablet/app/public/products/packshots/dark/cafe-soluble-200g.png,c7a56aeaa86299b2f5d51de8b1773f83ab4cb0265969ac16f167c8317d8824f5
web_eit_public,showcase|demo,1998409,.png,web_eit_sober,Web/EIT Public Sober,cereal-500g.png,Público sobrio. Nada de exceso visual. Hits: public,products/tablet/app/public/products/packshots/dark/cereal-500g.png,b104d926c380891cd77a1fffe122eab4777764e47bae6a379ffed8e003bf8a20
web_eit_public,showcase|demo,1924709,.png,web_eit_sober,Web/EIT Public Sober,chicharos-tiernos-285g.png,Público sobrio. Nada de exceso visual. Hits: public,products/tablet/app/public/products/packshots/dark/chicharos-tiernos-285g.png,2e07e9c7b00024c5106d38e4a5d70ffb670f273a120c7f1e2ce4524a2dbebf37
web_eit_public,showcase|demo,2271625,.png,web_eit_sober,Web/EIT Public Sober,crema-acida-400g-02.png,Público sobrio. Nada de exceso visual. Hits: public,products/tablet/app/public/products/packshots/dark/crema-acida-400g-02.png,80d9fce15fa5baa709a98b52d4a858f284cdc9a33e72f8c2a3302120e0640c9a
web_eit_public,showcase|demo,2271625,.png,web_eit_sober,Web/EIT Public Sober,crema-acida-400g.png,Público sobrio. Nada de exceso visual. Hits: public,products/tablet/app/public/products/packshots/dark/crema-acida-400g.png,80d9fce15fa5baa709a98b52d4a858f284cdc9a33e72f8c2a3302120e0640c9a
web_eit_public,showcase|demo,1967776,.png,web_eit_sober,Web/EIT Public Sober,crema-corporal-nutricion-intensa-750ml.png,Público sobrio. Nada de exceso visual. Hits: public,products/tablet/app/public/products/packshots/dark/crema-corporal-nutricion-intensa-750ml.png,72034a99b90cb17a79fb1faffaf9e5cd3f96d0225951d784be95f107b3c86ab5
web_eit_public,showcase|demo,1987261,.png,web_eit_sober,Web/EIT Public Sober,crema-de-cacahuate-550g.png,Público sobrio. Nada de exceso visual. Hits: public,products/tablet/app/public/products/packshots/dark/crema-de-cacahuate-550g.png,629b473172770f1865cb42443d9e6528e96c6dc226ccec80a1ebb705ad2d45b8
web_eit_public,showcase|demo,2196776,.png,web_eit_sober,Web/EIT Public Sober,crema-para-batir-500ml-02.png,Público sobrio. Nada de exceso visual. Hits: public,products/tablet/app/public/products/packshots/dark/crema-para-batir-500ml-02.png,275ce21964da1079fc07aeff32c8cb418ab0dc5431bcd0492217d1343a0d4fd9
web_eit_public,showcase|demo,2196776,.png,web_eit_sober,Web/EIT Public Sober,crema-para-batir-500ml.png,Público sobrio. Nada de exceso visual. Hits: public,products/tablet/app/public/products/packshots/dark/crema-para-batir-500ml.png,275ce21964da1079fc07aeff32c8cb418ab0dc5431bcd0492217d1343a0d4fd9
web_eit_public,showcase|demo,1917605,.png,web_eit_sober,Web/EIT Public Sober,crema-para-cafe-500ml.png,Público sobrio. Nada de exceso visual. Hits: public,products/tablet/app/public/products/packshots/dark/crema-para-cafe-500ml.png,527759c977d02046ae36eefe3d87e8b00cc9ffeafe65b61827c5a8ae5fa4fedc
web_eit_public,showcase|demo,1854121,.png,web_eit_sober,Web/EIT Public Sober,crema-para-manos-nutricion-intensa-75ml.png,Público sobrio. Nada de exceso visual. Hits: public,products/tablet/app/public/products/packshots/dark/crema-para-manos-nutricion-intensa-75ml.png,0f6b6d1ef3f4e14f0e1098df31800356acd1aef227c5f5800999e1a7cc0bca20
web_eit_public,showcase|demo,2063451,.png,web_eit_sober,Web/EIT Public Sober,croquetas-para-perro-adulto-2kg.png,Público sobrio. Nada de exceso visual. Hits: public,products/tablet/app/public/products/packshots/dark/croquetas-para-perro-adulto-2kg.png,fbfb2f40d27d654ff49381706156cbe269e1dfe3b4807434716dfc08b928f704
web_eit_public,showcase|demo,1975545,.png,web_eit_sober,Web/EIT Public Sober,desodorante-spray-proteccion-150ml.png,Público sobrio. Nada de exceso visual. Hits: public,products/tablet/app/public/products/packshots/dark/desodorante-spray-proteccion-150ml.png,4cf8d9fca532698e6ab86985813ffd19d33dd521327013a842b9ee235a32e941
web_eit_public,showcase|demo,1779546,.png,web_eit_sober,Web/EIT Public Sober,detergente-multiusos-1kg.png,Público sobrio. Nada de exceso visual. Hits: public,products/tablet/app/public/products/packshots/dark/detergente-multiusos-1kg.png,41565c1eec929182384268e3842ba54d7cc35e859dc27562b7533eb7fc93041d
web_eit_public,showcase|demo,2001775,.png,web_eit_sober,Web/EIT Public Sober,elote-dulce-en-grano-425g.png,Público sobrio. Nada de exceso visual. Hits: public,products/tablet/app/public/products/packshots/dark/elote-dulce-en-grano-425g.png,d04cb391300c209afff04b205b6fdf29350d6444a955fd4140ec0e595815c09f
web_eit_public,showcase|demo,1880064,.png,web_eit_sober,Web/EIT Public Sober,enjuague-bucal-menta-fresca-500ml.png,Público sobrio. Nada de exceso visual. Hits: public,products/tablet/app/public/products/packshots/dark/enjuague-bucal-menta-fresca-500ml.png,908ee4cf1707aba6bd044a15c41c899d0e88a3eaf23b561f8d2e051f5d4fb152
web_eit_public,showcase|demo,1991292,.png,web_eit_sober,Web/EIT Public Sober,frijol-negro-seleccionado-900g.png,Público sobrio. Nada de exceso visual. Hits: public,products/tablet/app/public/products/packshots/dark/frijol-negro-seleccionado-900g.png,c32e663a13e5552a818ed8e029ebae136f395793efc37a72f3b38aa46229228e
web_eit_public,showcase|demo,1952102,.png,web_eit_sober,Web/EIT Public Sober,galletas-saladas-horneadas-200g.png,Público sobrio. Nada de exceso visual. Hits: public,products/tablet/app/public/products/packshots/dark/galletas-saladas-horneadas-200g.png,aa818d6ab3724ee2329cb5e5f8ad13e7421e9876835418ca55c62e8b5e9e7058
web_eit_public,showcase|demo,1898565,.png,web_eit_sober,Web/EIT Public Sober,galletas-sandwich-rellenas-de-crema-300g.png,Público sobrio. Nada de exceso visual. Hits: public,products/tablet/app/public/products/packshots/dark/galletas-sandwich-rellenas-de-crema-300g.png,5c3b8c112315d219c74996e2eca584a41c81ada69f4e638532ad0e098a338a17
web_eit_public,showcase|demo,2021528,.png,web_eit_sober,Web/EIT Public Sober,harina-de-trigo-tradicional-1kg.png,Público sobrio. Nada de exceso visual. Hits: public,products/tablet/app/public/products/packshots/dark/harina-de-trigo-tradicional-1kg.png,4838e572c4799b2fb11b629c8aa0e839b9f47789e77208d041b6c330850a6e7e
web_eit_public,showcase|demo,2243261,.png,web_eit_sober,Web/EIT Public Sober,huevos-12-unidades-02.png,Público sobrio. Nada de exceso visual. Hits: public,products/tablet/app/public/products/packshots/dark/huevos-12-unidades-02.png,163a71d943ce1ce8e7a932f72590ae77115854814d9079a394600abb81e57312
web_eit_public,showcase|demo,2243261,.png,web_eit_sober,Web/EIT Public Sober,huevos-12-unidades.png,Público sobrio. Nada de exceso visual. Hits: public,products/tablet/app/public/products/packshots/dark/huevos-12-unidades.png,163a71d943ce1ce8e7a932f72590ae77115854814d9079a394600abb81e57312
web_eit_public,showcase|demo,1923020,.png,web_eit_sober,Web/EIT Public Sober,jabon-de-barra-humectante-150g.png,Público sobrio. Nada de exceso visual. Hits: public,products/tablet/app/public/products/packshots/dark/jabon-de-barra-humectante-150g.png,9a4d73ac546c1c6ad2625ccd0fe25da4c98543c4e3203d654148f2c42f6b4bf4
web_eit_public,showcase|demo,2109496,.png,web_eit_sober,Web/EIT Public Sober,jugo-de-naranja-1l.png,Público sobrio. Nada de exceso visual. Hits: public,products/tablet/app/public/products/packshots/dark/jugo-de-naranja-1l.png,a6cdf3a934a9f07d2a24b1b163cefd9bc2279d7059be4a4df05c8c79befb8e1c
web_eit_public,showcase|demo,2017826,.png,web_eit_sober,Web/EIT Public Sober,leche-condensada-387g.png,Público sobrio. Nada de exceso visual. Hits: public,products/tablet/app/public/products/packshots/dark/leche-condensada-387g.png,61f4ccda9048ffe4a600e66c2d2a88fa16db39808aca02cedd25a811fae51b95
web_eit_public,showcase|demo,1988832,.png,web_eit_sober,Web/EIT Public Sober,leche-descremada-1l.png,Público sobrio. Nada de exceso visual. Hits: public,products/tablet/app/public/products/packshots/dark/leche-descremada-1l.png,8f66a574a6e97ad80cc7b25b3b8711c75461f4d06d46fe70a4a19782de962b40
web_eit_public,showcase|demo,1925340,.png,web_eit_sober,Web/EIT Public Sober,leche-deslactosada-1l-02.png,Público sobrio. Nada de exceso visual. Hits: public,products/tablet/app/public/products/packshots/dark/leche-deslactosada-1l-02.png,f3540c3204409cb4a87056e35338c35acf61ff8238e5d678eeaa26fbc5f28fce
web_eit_public,showcase|demo,2189655,.png,web_eit_sober,Web/EIT Public Sober,leche-deslactosada-1l.png,Público sobrio. Nada de exceso visual. Hits: public,products/tablet/app/public/products/packshots/dark/leche-deslactosada-1l.png,9f1a73c755e140ffbad5da50ccaae4a1afb8b8d4470d64865041b1718e2cc648
web_eit_public,showcase|demo,2090599,.png,web_eit_sober,Web/EIT Public Sober,leche-entera-1l-02.png,Público sobrio. Nada de exceso visual. Hits: public,products/tablet/app/public/products/packshots/dark/leche-entera-1l-02.png,2c0fdf07e796689b70bb43df7672474ecc10545827e29dec52303ad8d043b24b
web_eit_public,showcase|demo,1776588,.png,web_eit_sober,Web/EIT Public Sober,leche-entera-1l.png,Público sobrio. Nada de exceso visual. Hits: public,products/tablet/app/public/products/packshots/dark/leche-entera-1l.png,735bb02f3ae43a387cd891b2fb867e577e7ee9c43ab389c1765d709d689f394e
web_eit_public,showcase|demo,2188540,.png,web_eit_sober,Web/EIT Public Sober,leche-saborizada-de-chocolate-1l.png,Público sobrio. Nada de exceso visual. Hits: public,products/tablet/app/public/products/packshots/dark/leche-saborizada-de-chocolate-1l.png,52cf9ac585e871f9a0aef9b7599c36d285f17f7dfec13c580b4f5cae4a29a218
web_eit_public,showcase|demo,2056975,.png,web_eit_sober,Web/EIT Public Sober,leche-saborizada-de-fresa-1l.png,Público sobrio. Nada de exceso visual. Hits: public,products/tablet/app/public/products/packshots/dark/leche-saborizada-de-fresa-1l.png,078df78594da0da81071ec513adb06445bad751fdd267083bdd9a1e0f9641e2a
web_eit_public,showcase|demo,1981471,.png,web_eit_sober,Web/EIT Public Sober,lentejas-seleccionadas-900g.png,Público sobrio. Nada de exceso visual. Hits: public,products/tablet/app/public/products/packshots/dark/lentejas-seleccionadas-900g.png,b0a894e15e16eaa0fbde77b5fd30ed775ee72ad7c6b29ff126bb743b557996df
web_eit_public,showcase|demo,1851137,.png,web_eit_sober,Web/EIT Public Sober,limpiador-multiusos-limpieza-profunda-750ml.png,Público sobrio. Nada de exceso visual. Hits: public,products/tablet/app/public/products/packshots/dark/limpiador-multiusos-limpieza-profunda-750ml.png,eaaaa4c66ddfb9c2511ba6afbb2c250b38a5707e8add25538dad1d5c36766c30
web_eit_public,showcase|demo,2212519,.png,web_eit_sober,Web/EIT Public Sober,mantequilla-200g.png,Público sobrio. Nada de exceso visual. Hits: public,products/tablet/app/public/products/packshots/dark/mantequilla-200g.png,f005fb0c6822bbeb77ac6f3129616c5808cd1518e279bc8210b70334c2d0f80e
web_eit_public,showcase|demo,2160757,.png,web_eit_sober,Web/EIT Public Sober,margarina-225g-02.png,Público sobrio. Nada de exceso visual. Hits: public,products/tablet/app/public/products/packshots/dark/margarina-225g-02.png,4982cc4bdb4d05763e5984240bb3f03ec62131bc50510545b4f9d6c7a2401017
web_eit_public,showcase|demo,2160757,.png,web_eit_sober,Web/EIT Public Sober,margarina-225g.png,Público sobrio. Nada de exceso visual. Hits: public,products/tablet/app/public/products/packshots/dark/margarina-225g.png,4982cc4bdb4d05763e5984240bb3f03ec62131bc50510545b4f9d6c7a2401017
web_eit_public,showcase|demo,1610817,.png,web_eit_sober,Web/EIT Public Sober,mayonesa-receta-clasica-390g.png,Público sobrio. Nada de exceso visual. Hits: public,products/tablet/app/public/products/packshots/dark/mayonesa-receta-clasica-390g.png,627edf2f30ceae77b738ef5a41d8b3e3751b263d03ff2573c89f9616c1777e1f
web_eit_public,showcase|demo,2076919,.png,web_eit_sober,Web/EIT Public Sober,mermelada-de-fresa-450g.png,Público sobrio. Nada de exceso visual. Hits: public,products/tablet/app/public/products/packshots/dark/mermelada-de-fresa-450g.png,f73b70392df578335700aecf7958b1e54792dfd11e9e07947c3000fcd17ab237
web_eit_public,showcase|demo,1999940,.png,web_eit_sober,Web/EIT Public Sober,miel-de-abeja-350g.png,Público sobrio. Nada de exceso visual. Hits: public,products/tablet/app/public/products/packshots/dark/miel-de-abeja-350g.png,0a2e8dd9ba558f9dcfd068a4d6bed27bc4194cf9c6f98eb0b6dfc9168245c66e
web_eit_public,showcase|demo,2302325,.png,web_eit_sober,Web/EIT Public Sober,nectar-de-durazno-1l-02.png,Público sobrio. Nada de exceso visual. Hits: public,products/tablet/app/public/products/packshots/dark/nectar-de-durazno-1l-02.png,d91d869bf39972beaab2c3b376b0b90b9468ef94b83b36584e12c8c59ef8ca6b
web_eit_public,showcase|demo,2101158,.png,web_eit_sober,Web/EIT Public Sober,nectar-de-durazno-1l.png,Público sobrio. Nada de exceso visual. Hits: public,products/tablet/app/public/products/packshots/dark/nectar-de-durazno-1l.png,740f01a60d778f0e01e1e2049eefac6bc98e52d61a98fbcc81d41449921b00da
web_eit_public,showcase|demo,2280322,.png,web_eit_sober,Web/EIT Public Sober,nectar-de-guayaba-1l-02.png,Público sobrio. Nada de exceso visual. Hits: public,products/tablet/app/public/products/packshots/dark/nectar-de-guayaba-1l-02.png,3d148fe910bf4da067cbd1edb8a3c6b692a0fbd578ac99da57e0a8b2333fc3e7
web_eit_public,showcase|demo,2181616,.png,web_eit_sober,Web/EIT Public Sober,nectar-de-guayaba-1l.png,Público sobrio. Nada de exceso visual. Hits: public,products/tablet/app/public/products/packshots/dark/nectar-de-guayaba-1l.png,f7f68127568b54ae79514d14a3c238085b18911113266a7bdeab08505b1338c1
web_eit_public,showcase|demo,2141053,.png,web_eit_sober,Web/EIT Public Sober,nectar-de-mango-1l-02.png,Público sobrio. Nada de exceso visual. Hits: public,products/tablet/app/public/products/packshots/dark/nectar-de-mango-1l-02.png,ed3a92dfc9a24b5a92ef979f64f92c917329709998430d7841be1ec6177f87e0
web_eit_public,showcase|demo,2100402,.png,web_eit_sober,Web/EIT Public Sober,nectar-de-mango-1l.png,Público sobrio. Nada de exceso visual. Hits: public,products/tablet/app/public/products/packshots/dark/nectar-de-mango-1l.png,df1aea9a47622c01e9680949c73876b38550b6ae63b7c80899cdc10e0e4cd6ef
web_eit_public,showcase|demo,2313125,.png,web_eit_sober,Web/EIT Public Sober,pan-blanco-620g-02.png,Público sobrio. Nada de exceso visual. Hits: public,products/tablet/app/public/products/packshots/dark/pan-blanco-620g-02.png,74c77fde5dcb99de7c7704818edad8667460a8181752c01630994e6100d818dd
web_eit_public,showcase|demo,2313125,.png,web_eit_sober,Web/EIT Public Sober,pan-blanco-620g.png,Público sobrio. Nada de exceso visual. Hits: public,products/tablet/app/public/products/packshots/dark/pan-blanco-620g.png,74c77fde5dcb99de7c7704818edad8667460a8181752c01630994e6100d818dd
web_eit_public,showcase|demo,1936511,.png,web_eit_sober,Web/EIT Public Sober,pan-blanco-680g.png,Público sobrio. Nada de exceso visual. Hits: public,products/tablet/app/public/products/packshots/dark/pan-blanco-680g.png,0fa6645922288dbe40d1c4ccff4906328a1f1d8d4177d42f689edae56029a035
web_eit_public,showcase|demo,2378105,.png,web_eit_sober,Web/EIT Public Sober,pan-de-caja-multigrano-fibra-y-semillas-620g.png,Público sobrio. Nada de exceso visual. Hits: public,products/tablet/app/public/products/packshots/dark/pan-de-caja-multigrano-fibra-y-semillas-620g.png,868486848c5043f27e5e2a259e6c14bb9afb34a5de9320826716f7638713ec0a
web_eit_public,showcase|demo,2213856,.png,web_eit_sober,Web/EIT Public Sober,pan-de-centeno-sabor-intenso-620g.png,Público sobrio. Nada de exceso visual. Hits: public,products/tablet/app/public/products/packshots/dark/pan-de-centeno-sabor-intenso-620g.png,ed268b5f825abeddc2a13653f35256c6fc95e492f2720a225533f24a823a9d19
web_eit_public,showcase|demo,2290930,.png,web_eit_sober,Web/EIT Public Sober,pan-dulce-surtido-tradicional-450g-02.png,Público sobrio. Nada de exceso visual. Hits: public,products/tablet/app/public/products/packshots/dark/pan-dulce-surtido-tradicional-450g-02.png,368341b2561c7eade2271369f81ac12e919922ab60d749fb34e937611da2f3d6
web_eit_public,showcase|demo,2290930,.png,web_eit_sober,Web/EIT Public Sober,pan-dulce-surtido-tradicional-450g.png,Público sobrio. Nada de exceso visual. Hits: public,products/tablet/app/public/products/packshots/dark/pan-dulce-surtido-tradicional-450g.png,368341b2561c7eade2271369f81ac12e919922ab60d749fb34e937611da2f3d6
web_eit_public,showcase|demo,2344657,.png,web_eit_sober,Web/EIT Public Sober,pan-integral-620g-02.png,Público sobrio. Nada de exceso visual. Hits: public,products/tablet/app/public/products/packshots/dark/pan-integral-620g-02.png,630b9306546119c8788ba9b3e098a2dcd4c2d80237d4e42123e2612991eb5523
web_eit_public,showcase|demo,2344657,.png,web_eit_sober,Web/EIT Public Sober,pan-integral-620g.png,Público sobrio. Nada de exceso visual. Hits: public,products/tablet/app/public/products/packshots/dark/pan-integral-620g.png,630b9306546119c8788ba9b3e098a2dcd4c2d80237d4e42123e2612991eb5523
web_eit_public,showcase|demo,2222016,.png,web_eit_sober,Web/EIT Public Sober,pan-para-hamburguesa-360g.png,Público sobrio. Nada de exceso visual. Hits: public,products/tablet/app/public/products/packshots/dark/pan-para-hamburguesa-360g.png,5458e99edad2ef38b74c471d01c621eb454b5b521c0bc2a94d02c38700f76cf1
web_eit_public,showcase|demo,2351100,.png,web_eit_sober,Web/EIT Public Sober,pan-para-hot-dog-360g.png,Público sobrio. Nada de exceso visual. Hits: public,products/tablet/app/public/products/packshots/dark/pan-para-hot-dog-360g.png,111a8269e18c749bd62b46b3aab5259df8042407d5b2439025732fc1d874536e
web_eit_public,showcase|demo,1612340,.png,web_eit_sober,Web/EIT Public Sober,papas-clasicas-45g.png,Público sobrio. Nada de exceso visual. Hits: public,products/tablet/app/public/products/packshots/dark/papas-clasicas-45g.png,c7333c6d7afee19fb780e170c0424f6604b8af2a90fc96c9d51a479241a10416
web_eit_public,showcase|demo,1617470,.png,web_eit_sober,Web/EIT Public Sober,papel-higienico-suave-4-rollos.png,Público sobrio. Nada de exceso visual. Hits: public,products/tablet/app/public/products/packshots/dark/papel-higienico-suave-4-rollos.png,1a19bb47dfc216a5a4bd90331fb8984d6416a3ae04bd541b7450c0e620d59cfc
web_eit_public,showcase|demo,1992384,.png,web_eit_sober,Web/EIT Public Sober,pasta-dental-menta-fresca-120g.png,Público sobrio. Nada de exceso visual. Hits: public,products/tablet/app/public/products/packshots/dark/pasta-dental-menta-fresca-120g.png,4cd22e97b2557e8fb4af0a63dc218687e23223fbb73f051aa9ebe94545a7d909
web_eit_public,showcase|demo,1667344,.png,web_eit_sober,Web/EIT Public Sober,pasta-espagueti-500g.png,Público sobrio. Nada de exceso visual. Hits: public,products/tablet/app/public/products/packshots/dark/pasta-espagueti-500g.png,57b1e046d6a98c4b8c1dbd61b20bf05e9a09eb3c4746d02b0872f18fab5d2502
web_eit_public,showcase|demo,2301772,.png,web_eit_sober,Web/EIT Public Sober,queso-cheddar-200g-02.png,Público sobrio. Nada de exceso visual. Hits: public,products/tablet/app/public/products/packshots/dark/queso-cheddar-200g-02.png,b22a3151eae75e44b234312f1718546de08b7b7ebfc6fd580a23b1a3104c79c6
web_eit_public,showcase|demo,2301772,.png,web_eit_sober,Web/EIT Public Sober,queso-cheddar-200g.png,Público sobrio. Nada de exceso visual. Hits: public,products/tablet/app/public/products/packshots/dark/queso-cheddar-200g.png,b22a3151eae75e44b234312f1718546de08b7b7ebfc6fd580a23b1a3104c79c6
web_eit_public,showcase|demo,2163615,.png,web_eit_sober,Web/EIT Public Sober,queso-cottage-500g.png,Público sobrio. Nada de exceso visual. Hits: public,products/tablet/app/public/products/packshots/dark/queso-cottage-500g.png,d052b94c665c95f704eaef77ea7616839bd5151db7ecccbbc8d6fb136c184cb2
web_eit_public,showcase|demo,1988736,.png,web_eit_sober,Web/EIT Public Sober,queso-crema-190g-02.png,Público sobrio. Nada de exceso visual. Hits: public,products/tablet/app/public/products/packshots/dark/queso-crema-190g-02.png,7e670a1f5653e95946857f0d7b2e657c80620a4775e3ea12fcb97737f3e57989
web_eit_public,showcase|demo,1988736,.png,web_eit_sober,Web/EIT Public Sober,queso-crema-190g.png,Público sobrio. Nada de exceso visual. Hits: public,products/tablet/app/public/products/packshots/dark/queso-crema-190g.png,7e670a1f5653e95946857f0d7b2e657c80620a4775e3ea12fcb97737f3e57989
web_eit_public,showcase|demo,2169129,.png,web_eit_sober,Web/EIT Public Sober,queso-manchego-200g.png,Público sobrio. Nada de exceso visual. Hits: public,products/tablet/app/public/products/packshots/dark/queso-manchego-200g.png,8108ce802f7347c49d76ac88de36e0e364dd1190e5c2b52c00d84f8b30d26e96
web_eit_public,showcase|demo,2382807,.png,web_eit_sober,Web/EIT Public Sober,queso-mozzarella-400g-02.png,Público sobrio. Nada de exceso visual. Hits: public,products/tablet/app/public/products/packshots/dark/queso-mozzarella-400g-02.png,326eb1370fe178bfd88623c71d0c838fcc64259f50b57a4b4de0a3e13850b32c
web_eit_public,showcase|demo,2382807,.png,web_eit_sober,Web/EIT Public Sober,queso-mozzarella-400g.png,Público sobrio. Nada de exceso visual. Hits: public,products/tablet/app/public/products/packshots/dark/queso-mozzarella-400g.png,326eb1370fe178bfd88623c71d0c838fcc64259f50b57a4b4de0a3e13850b32c
web_eit_public,showcase|demo,2158208,.png,web_eit_sober,Web/EIT Public Sober,queso-oaxaca-400g.png,Público sobrio. Nada de exceso visual. Hits: public,products/tablet/app/public/products/packshots/dark/queso-oaxaca-400g.png,02c6201cb7319e3d3a6db54ba1997d0de9ccd149ee301003062fd815fc6bdbee
web_eit_public,showcase|demo,2286294,.png,web_eit_sober,Web/EIT Public Sober,queso-panela-400g.png,Público sobrio. Nada de exceso visual. Hits: public,products/tablet/app/public/products/packshots/dark/queso-panela-400g.png,d312af5c58406dbfcb77d312d2de55b797789c4a8b81d00518280f5555a4cb28
web_eit_public,showcase|demo,1902199,.png,web_eit_sober,Web/EIT Public Sober,sal-de-mesa-refinada-1kg.png,Público sobrio. Nada de exceso visual. Hits: public,products/tablet/app/public/products/packshots/dark/sal-de-mesa-refinada-1kg.png,7eb447fbdabd3cfc1485ae2b5dd0b9de2cf56f72dc9fdbca0e9b7a7e7cbb53d7
web_eit_public,showcase|demo,1922242,.png,web_eit_sober,Web/EIT Public Sober,salsa-de-soya-500ml.png,Público sobrio. Nada de exceso visual. Hits: public,products/tablet/app/public/products/packshots/dark/salsa-de-soya-500ml.png,828e58275075e2254daa59495b34e6d8660551a75ab703e513991ec7332d4f4a
web_eit_public,showcase|demo,1638874,.png,web_eit_sober,Web/EIT Public Sober,salsa-de-tomate-340g-02.png,Público sobrio. Nada de exceso visual. Hits: public,products/tablet/app/public/products/packshots/dark/salsa-de-tomate-340g-02.png,59e731b70a27f6635783dd6091df4f0d6d2fcf2ebd141131ca81f38b57806f58
web_eit_public,showcase|demo,1638874,.png,web_eit_sober,Web/EIT Public Sober,salsa-de-tomate-340g.png,Público sobrio. Nada de exceso visual. Hits: public,products/tablet/app/public/products/packshots/dark/salsa-de-tomate-340g.png,59e731b70a27f6635783dd6091df4f0d6d2fcf2ebd141131ca81f38b57806f58
web_eit_public,showcase|demo,1558843,.png,web_eit_sober,Web/EIT Public Sober,salsa-picante-150ml.png,Público sobrio. Nada de exceso visual. Hits: public,products/tablet/app/public/products/packshots/dark/salsa-picante-150ml.png,21d6f89f62b0052845cbb96b4c6f29d9233b2ba23d16912d238fd8020b1074d7
web_eit_public,showcase|demo,2014654,.png,web_eit_sober,Web/EIT Public Sober,shampoo-nutritivo-cabello-normal-750ml.png,Público sobrio. Nada de exceso visual. Hits: public,products/tablet/app/public/products/packshots/dark/shampoo-nutritivo-cabello-normal-750ml.png,120e879e6f9005be91f5add824de881d4d0d14c2e3ae69d8731c4e218a67b0bc
web_eit_public,showcase|demo,1856179,.png,web_eit_sober,Web/EIT Public Sober,suavizante-de-ropa-aroma-elegante-1-5l.png,Público sobrio. Nada de exceso visual. Hits: public,products/tablet/app/public/products/packshots/dark/suavizante-de-ropa-aroma-elegante-1-5l.png,51262a71413d7048923f70515f647225420e530b883cc827a3afb449477d566e
web_eit_public,showcase|demo,1988501,.png,web_eit_sober,Web/EIT Public Sober,te-de-manzanilla-25-sobres.png,Público sobrio. Nada de exceso visual. Hits: public,products/tablet/app/public/products/packshots/dark/te-de-manzanilla-25-sobres.png,239c94ef1ebd53d9a658ee47be63a10d1424f6bf28f08b3ad878ab24f5575a88
web_eit_public,showcase|demo,2219241,.png,web_eit_sober,Web/EIT Public Sober,tortillas-de-maiz-tradicion-mexicana-500g.png,Público sobrio. Nada de exceso visual. Hits: public,products/tablet/app/public/products/packshots/dark/tortillas-de-maiz-tradicion-mexicana-500g.png,1f4169020290b7d9336ec2c25f66c8ce23a916dfb31d037d6a8495e65687319e
web_eit_public,showcase|demo,1952256,.png,web_eit_sober,Web/EIT Public Sober,vinagre-blanco-500ml.png,Público sobrio. Nada de exceso visual. Hits: public,products/tablet/app/public/products/packshots/dark/vinagre-blanco-500ml.png,47d30ae48cfe7bea7f17634eb03d9c2e87be0b07568630ff57aa60adcf85a0d0
web_eit_public,showcase|demo,18615,.png,web_eit_sober,Web/EIT Public Sober,leche-lala-entera-1l.png,Público sobrio. Nada de exceso visual. Hits: public,products/tablet/app/public/products/packshots/leche-lala-entera-1l.png,0447df77a186047d330064fd297647def7f34f21b15a1572eb7a82b2a203432d
web_eit_public,showcase|demo,1397835,.png,web_eit_sober,Web/EIT Public Sober,aceite-vegetal.png,"Público sobrio. Nada de exceso visual. Hits: public, eit",products/tablet/app/public/products/packshots/light/aceite-vegetal.png,67a4ff80f5ef5040d976bf46498b5b7d2dbeef7241df36ceea99dc11ee2205a1
web_eit_public,showcase|demo,1921538,.png,web_eit_sober,Web/EIT Public Sober,agua-con-gas-burbuja-fina-600ml.png,Público sobrio. Nada de exceso visual. Hits: public,products/tablet/app/public/products/packshots/light/agua-con-gas-burbuja-fina-600ml.png,d1f30456656aaeb47b9cf92f0b00899693b207f1d8c50e1f502bdaa310a80b49
web_eit_public,showcase|demo,1961830,.png,web_eit_sober,Web/EIT Public Sober,agua-mineral-600ml.png,Público sobrio. Nada de exceso visual. Hits: public,products/tablet/app/public/products/packshots/light/agua-mineral-600ml.png,5fa56b705741fa49194a96c7614587845d95f64d13fac71f5e7c3e5c3e21038e
web_eit_public,showcase|demo,1696462,.png,web_eit_sober,Web/EIT Public Sober,agua-natural-600ml.png,Público sobrio. Nada de exceso visual. Hits: public,products/tablet/app/public/products/packshots/light/agua-natural-600ml.png,a97d8cb48bb9ed726e914e8dde3e04dd4e6bff66b240d1975bc2e76a6488ade7
web_eit_public,showcase|demo,1175033,.png,web_eit_sober,Web/EIT Public Sober,agua-purificada-600ml.png,Público sobrio. Nada de exceso visual. Hits: public,products/tablet/app/public/products/packshots/light/agua-purificada-600ml.png,35e72ab40fac193e5710c5b51bbb94795b3530e2dc95f4063f3b42620fc12262
web_eit_public,showcase|demo,1909725,.png,web_eit_sober,Web/EIT Public Sober,agua-tonica-600ml-02.png,Público sobrio. Nada de exceso visual. Hits: public,products/tablet/app/public/products/packshots/light/agua-tonica-600ml-02.png,8f132d1e9be400a6594c6e74eb352e6bdada3159bd3a290eea763291dbe4ab4c
web_eit_public,showcase|demo,1900450,.png,web_eit_sober,Web/EIT Public Sober,agua-tonica-600ml.png,Público sobrio. Nada de exceso visual. Hits: public,products/tablet/app/public/products/packshots/light/agua-tonica-600ml.png,df9e0919db104b2584c5e86286d2dc07c6ee7c905203c682771fc9aefeede37c
web_eit_public,showcase|demo,1883010,.png,web_eit_sober,Web/EIT Public Sober,alimento-para-gato-adulto-2kg.png,Público sobrio. Nada de exceso visual. Hits: public,products/tablet/app/public/products/packshots/light/alimento-para-gato-adulto-2kg.png,19bd169515b0e925aa62568c396067621d613c17998ad33cc2854819254e7c2e
web_eit_public,showcase|demo,1629308,.png,web_eit_sober,Web/EIT Public Sober,arroz-1kg.png,Público sobrio. Nada de exceso visual. Hits: public,products/tablet/app/public/products/packshots/light/arroz-1kg.png,5e2e0b19b0b5c95ce9ad40f31f3fe71cef807c3d1b9a728377bc18db330e5644
web_eit_public,showcase|demo,1941810,.png,web_eit_sober,Web/EIT Public Sober,arroz-seleccion-grano-entero-1kg.png,Público sobrio. Nada de exceso visual. Hits: public,products/tablet/app/public/products/packshots/light/arroz-seleccion-grano-entero-1kg.png,32076173a0b157993f54b939f94da541fceea70d0d986a6c4520f576fcfc53e3
web_eit_public,showcase|demo,1675167,.png,web_eit_sober,Web/EIT Public Sober,atun-en-agua-140g.png,Público sobrio. Nada de exceso visual. Hits: public,products/tablet/app/public/products/packshots/light/atun-en-agua-140g.png,1c86d76ae6c199a179966a5450a0811d92a0a349055400efda4f813931f983f1
web_eit_public,showcase|demo,1972081,.png,web_eit_sober,Web/EIT Public Sober,atun-en-sobre-en-agua-80g.png,Público sobrio. Nada de exceso visual. Hits: public,products/tablet/app/public/products/packshots/light/atun-en-sobre-en-agua-80g.png,16310cd93d7dda209137376a546907721e6d1a612b63fc4eca348da6b97169e1
web_eit_public,showcase|demo,1675273,.png,web_eit_sober,Web/EIT Public Sober,avena-hojuelas-500g.png,Público sobrio. Nada de exceso visual. Hits: public,products/tablet/app/public/products/packshots/light/avena-hojuelas-500g.png,529761d110dc45c2d066c5a923023db421fa130b467553333f3320512f257a34
web_eit_public,showcase|demo,1617465,.png,web_eit_sober,Web/EIT Public Sober,azucar-refinada-1kg.png,Público sobrio. Nada de exceso visual. Hits: public,products/tablet/app/public/products/packshots/light/azucar-refinada-1kg.png,775abd1feef9f769a52eadc60f3e1cdd590bafaccf5027df36436619124cab39
web_eit_public,showcase|demo,1798527,.png,web_eit_sober,Web/EIT Public Sober,bebida-de-almendra-1l.png,Público sobrio. Nada de exceso visual. Hits: public,products/tablet/app/public/products/packshots/light/bebida-de-almendra-1l.png,fdf25873a35229c564c5b5ea116d051b6c41a508a01a9b1c0d96211207be028c
web_eit_public,showcase|demo,1789501,.png,web_eit_sober,Web/EIT Public Sober,bebida-de-arroz-1l-02.png,Público sobrio. Nada de exceso visual. Hits: public,products/tablet/app/public/products/packshots/light/bebida-de-arroz-1l-02.png,521eb75fb71b2f2e5f4770fa78dfde366551c186694b9a4d7fa376d701499b9d
web_eit_public,showcase|demo,1760712,.png,web_eit_sober,Web/EIT Public Sober,bebida-de-arroz-1l.png,Público sobrio. Nada de exceso visual. Hits: public,products/tablet/app/public/products/packshots/light/bebida-de-arroz-1l.png,4293b490226d1e812353c1fb886099dabde96da71fdd572ab6c6406c4e54a0c5
web_eit_public,showcase|demo,1845080,.png,web_eit_sober,Web/EIT Public Sober,bebida-de-avena-1l-02.png,Público sobrio. Nada de exceso visual. Hits: public,products/tablet/app/public/products/packshots/light/bebida-de-avena-1l-02.png,97d03fbae0dc1a5859d3a91f40c7024b4cc8b5ff4cda1add50781e46301bb38c
web_eit_public,showcase|demo,1816426,.png,web_eit_sober,Web/EIT Public Sober,bebida-de-avena-1l.png,Público sobrio. Nada de exceso visual. Hits: public,products/tablet/app/public/products/packshots/light/bebida-de-avena-1l.png,21ac5ede73b39b8605c6646bc219a2a279f006d0b97fb2f4e41139e3d6dd48a0
web_eit_public,showcase|demo,1842862,.png,web_eit_sober,Web/EIT Public Sober,bebida-de-soya-1l.png,Público sobrio. Nada de exceso visual. Hits: public,products/tablet/app/public/products/packshots/light/bebida-de-soya-1l.png,c100824f324cfc1bfca64e740d1186f674036e80168e732543bc129aaa819ace
web_eit_public,showcase|demo,1635696,.png,web_eit_sober,Web/EIT Public Sober,bebida-de-yogur-natural-1l.png,Público sobrio. Nada de exceso visual. Hits: public,products/tablet/app/public/products/packshots/light/bebida-de-yogur-natural-1l.png,80a38012fd60128118d8a8e70a1fe20b8ccd1d997b34dc435753c7b63f487863
web_eit_public,showcase|demo,1877530,.png,web_eit_sober,Web/EIT Public Sober,bebida-energetica-energia-activa-355ml.png,Público sobrio. Nada de exceso visual. Hits: public,products/tablet/app/public/products/packshots/light/bebida-energetica-energia-activa-355ml.png,c852bcf8bae9c98612aac58771e7fc9cf4049d91909677b590d70369d77ffb2f
web_eit_public,showcase|demo,1813073,.png,web_eit_sober,Web/EIT Public Sober,bebida-energetica-energia-intensa-355ml.png,Público sobrio. Nada de exceso visual. Hits: public,products/tablet/app/public/products/packshots/light/bebida-energetica-energia-intensa-355ml.png,45c20bcbdd8da8347a81cefe9aeb970e8920e3af546c169c880b82b4ac73af54
web_eit_public,showcase|demo,1667607,.png,web_eit_sober,Web/EIT Public Sober,bebida-isotonica-600ml-02.png,Público sobrio. Nada de exceso visual. Hits: public,products/tablet/app/public/products/packshots/light/bebida-isotonica-600ml-02.png,0d22f9bbd608f0ef2998882b8db072d7671c162a1e98e6b593ecd2f8f28c50b1
web_eit_public,showcase|demo,1920774,.png,web_eit_sober,Web/EIT Public Sober,bebida-isotonica-600ml.png,Público sobrio. Nada de exceso visual. Hits: public,products/tablet/app/public/products/packshots/light/bebida-isotonica-600ml.png,e8f9e2b8bc9936635eff6b927131f6960e070e0bca57b91f373ff2f5cc4cf3eb
web_eit_public,showcase|demo,1872939,.png,web_eit_sober,Web/EIT Public Sober,cacao-en-polvo-400g.png,Público sobrio. Nada de exceso visual. Hits: public,products/tablet/app/public/products/packshots/light/cacao-en-polvo-400g.png,352e4e0bc30215b03bd0613a3e23a38c9f330905e29e45e5438b3f8aa119ce07
web_eit_public,showcase|demo,1845867,.png,web_eit_sober,Web/EIT Public Sober,cafe-molido-100-arabica-250g.png,Público sobrio. Nada de exceso visual. Hits: public,products/tablet/app/public/products/packshots/light/cafe-molido-100-arabica-250g.png,266a3b670efef1625f66dab8f29138356107cb7244343b568e45c30bb6c0d891
web_eit_public,showcase|demo,1637532,.png,web_eit_sober,Web/EIT Public Sober,cafe-soluble-200g.png,Público sobrio. Nada de exceso visual. Hits: public,products/tablet/app/public/products/packshots/light/cafe-soluble-200g.png,0849b9bb783ce1ed543c09cf9bad12acab4aa2aaa8a275efcbd9bf94beeb2849
web_eit_public,showcase|demo,1705651,.png,web_eit_sober,Web/EIT Public Sober,cereal-500g.png,Público sobrio. Nada de exceso visual. Hits: public,products/tablet/app/public/products/packshots/light/cereal-500g.png,f04fc5322c0c6d795a3f5eef81c35c44a86dcdf19bf14a25301b48195f24da38
web_eit_public,showcase|demo,1917507,.png,web_eit_sober,Web/EIT Public Sober,chicharos-tiernos-285g.png,Público sobrio. Nada de exceso visual. Hits: public,products/tablet/app/public/products/packshots/light/chicharos-tiernos-285g.png,c3d5d97b4fb98b790146247a0628ea92f8935eda892c4b9318d3a91560290d0c
web_eit_public,showcase|demo,1959207,.png,web_eit_sober,Web/EIT Public Sober,crema-acida-400g-02.png,Público sobrio. Nada de exceso visual. Hits: public,products/tablet/app/public/products/packshots/light/crema-acida-400g-02.png,84bcfd84b01806cfd844255d633ae9f90e65f4ad7fe5ba4b5ed9ad3e2ac54d36
web_eit_public,showcase|demo,1959207,.png,web_eit_sober,Web/EIT Public Sober,crema-acida-400g.png,Público sobrio. Nada de exceso visual. Hits: public,products/tablet/app/public/products/packshots/light/crema-acida-400g.png,84bcfd84b01806cfd844255d633ae9f90e65f4ad7fe5ba4b5ed9ad3e2ac54d36
web_eit_public,showcase|demo,1619436,.png,web_eit_sober,Web/EIT Public Sober,crema-corporal-hidratacion-profunda-750ml.png,Público sobrio. Nada de exceso visual. Hits: public,products/tablet/app/public/products/packshots/light/crema-corporal-hidratacion-profunda-750ml.png,9d230b690c88df9523b39083d969c8a30c215dddfa50ba81bc0953fcdc2ba9b3
web_eit_public,showcase|demo,1804140,.png,web_eit_sober,Web/EIT Public Sober,crema-de-cacahuate-510g.png,Público sobrio. Nada de exceso visual. Hits: public,products/tablet/app/public/products/packshots/light/crema-de-cacahuate-510g.png,5d39ec892f207a183b61940788550b93a3651f4bf607fdbe47bcd2c4b8536e74
web_eit_public,showcase|demo,1768845,.png,web_eit_sober,Web/EIT Public Sober,crema-para-batir-500ml-02.png,Público sobrio. Nada de exceso visual. Hits: public,products/tablet/app/public/products/packshots/light/crema-para-batir-500ml-02.png,5ef1ecdecc78bf54e1348427f7408f06798ee604cc83637308d2432d0e9faad3
web_eit_public,showcase|demo,1768845,.png,web_eit_sober,Web/EIT Public Sober,crema-para-batir-500ml.png,Público sobrio. Nada de exceso visual. Hits: public,products/tablet/app/public/products/packshots/light/crema-para-batir-500ml.png,5ef1ecdecc78bf54e1348427f7408f06798ee604cc83637308d2432d0e9faad3
web_eit_public,showcase|demo,1800822,.png,web_eit_sober,Web/EIT Public Sober,crema-para-cafe-500ml.png,Público sobrio. Nada de exceso visual. Hits: public,products/tablet/app/public/products/packshots/light/crema-para-cafe-500ml.png,95ed5c9bbc30248309fc4778d5b24d1f90985f98d62829062e00a9c2d2ae6ce0
web_eit_public,showcase|demo,1741978,.png,web_eit_sober,Web/EIT Public Sober,crema-para-manos-nutricion-intensa-75ml.png,Público sobrio. Nada de exceso visual. Hits: public,products/tablet/app/public/products/packshots/light/crema-para-manos-nutricion-intensa-75ml.png,e636283196971b892dba458147e022c798d9646d3abc0a1e35c08e5557ac8229
web_eit_public,showcase|demo,2008629,.png,web_eit_sober,Web/EIT Public Sober,croquetas-para-perro-adulto-2kg.png,Público sobrio. Nada de exceso visual. Hits: public,products/tablet/app/public/products/packshots/light/croquetas-para-perro-adulto-2kg.png,87978e7d58d65e846af7afbbf3b58c3f4ddf98b5820437729d6dbbfa2953571a
web_eit_public,showcase|demo,1739385,.png,web_eit_sober,Web/EIT Public Sober,desodorante-spray-proteccion-150ml.png,Público sobrio. Nada de exceso visual. Hits: public,products/tablet/app/public/products/packshots/light/desodorante-spray-proteccion-150ml.png,c60dc66d3f63107b80dd5ed593cec7213dbd1d1ea2493aacd8cd8f02eeb95fc9
web_eit_public,showcase|demo,1392263,.png,web_eit_sober,Web/EIT Public Sober,detergente-multiusos-1kg.png,Público sobrio. Nada de exceso visual. Hits: public,products/tablet/app/public/products/packshots/light/detergente-multiusos-1kg.png,cc21ed7715ede908c70d47754f23aed94f5f7d0d95584e1043e56161875e16c8
web_eit_public,showcase|demo,1784919,.png,web_eit_sober,Web/EIT Public Sober,elote-dulce-en-grano-285g.png,Público sobrio. Nada de exceso visual. Hits: public,products/tablet/app/public/products/packshots/light/elote-dulce-en-grano-285g.png,d0823704ed73d6de42bad13f89bde9911500ef770430abbd1e14deaff79e38d5
web_eit_public,showcase|demo,1716086,.png,web_eit_sober,Web/EIT Public Sober,enjuague-bucal-menta-fresca-500ml.png,Público sobrio. Nada de exceso visual. Hits: public,products/tablet/app/public/products/packshots/light/enjuague-bucal-menta-fresca-500ml.png,21913f73d1c2888ac283a841735b4d1614c2e6c64f8d20bae6b315d8f51c8bd2
web_eit_public,showcase|demo,1707870,.png,web_eit_sober,Web/EIT Public Sober,frijol-negro-seleccionado-900g.png,Público sobrio. Nada de exceso visual. Hits: public,products/tablet/app/public/products/packshots/light/frijol-negro-seleccionado-900g.png,5a4bb83d1d798e24e20df5ba93227c69737976c89e2cc26c9ebddc30456cce55
web_eit_public,showcase|demo,1854205,.png,web_eit_sober,Web/EIT Public Sober,galletas-saladas-horneadas-200g.png,Público sobrio. Nada de exceso visual. Hits: public,products/tablet/app/public/products/packshots/light/galletas-saladas-horneadas-200g.png,1344f30ca4504036ec6b2ae44789cbc2d72abb11a8ec58bea35ab85c9d4556af
web_eit_public,showcase|demo,1829783,.png,web_eit_sober,Web/EIT Public Sober,galletas-sandwich-rellenas-de-crema-300g.png,Público sobrio. Nada de exceso visual. Hits: public,products/tablet/app/public/products/packshots/light/galletas-sandwich-rellenas-de-crema-300g.png,a918323b5830caede7d89f6024c52fdaaef92fc8c6fe37d2ce6afe5e1616eafa
web_eit_public,showcase|demo,1966780,.png,web_eit_sober,Web/EIT Public Sober,harina-de-trigo-tradicional-1kg.png,Público sobrio. Nada de exceso visual. Hits: public,products/tablet/app/public/products/packshots/light/harina-de-trigo-tradicional-1kg.png,9461cc7b4fdd00b0ba7fd4f25da9939cd8d5225b9c463fab48914fc76a865664
web_eit_public,showcase|demo,2076265,.png,web_eit_sober,Web/EIT Public Sober,huevos-12-unidades-02.png,Público sobrio. Nada de exceso visual. Hits: public,products/tablet/app/public/products/packshots/light/huevos-12-unidades-02.png,e85b9c7e38828caf4447d06fb31dd92c2ef3dc43825ad75fb92804597dd41d14
web_eit_public,showcase|demo,2076265,.png,web_eit_sober,Web/EIT Public Sober,huevos-12-unidades.png,Público sobrio. Nada de exceso visual. Hits: public,products/tablet/app/public/products/packshots/light/huevos-12-unidades.png,e85b9c7e38828caf4447d06fb31dd92c2ef3dc43825ad75fb92804597dd41d14
web_eit_public,showcase|demo,1726948,.png,web_eit_sober,Web/EIT Public Sober,jabon-de-barra-humectante-150g.png,Público sobrio. Nada de exceso visual. Hits: public,products/tablet/app/public/products/packshots/light/jabon-de-barra-humectante-150g.png,018a610bf25235929bf457dea59e2873c448763c8f61ce18451efa4f9e6f27f8
web_eit_public,showcase|demo,1783794,.png,web_eit_sober,Web/EIT Public Sober,jugo-de-manzana-1l.png,Público sobrio. Nada de exceso visual. Hits: public,products/tablet/app/public/products/packshots/light/jugo-de-manzana-1l.png,3d85d2c5d3bcf38b30c3142b21ba0c307cab9291ed3dcba9657cfa68560629fe
web_eit_public,showcase|demo,1714778,.png,web_eit_sober,Web/EIT Public Sober,jugo-de-naranja-1l.png,Público sobrio. Nada de exceso visual. Hits: public,products/tablet/app/public/products/packshots/light/jugo-de-naranja-1l.png,50d8d6b5562c92831fa37f396b25d06e8ecbef4189b4f5920726f1f1150c2aed
web_eit_public,showcase|demo,1793859,.png,web_eit_sober,Web/EIT Public Sober,jugo-de-uva-1l.png,Público sobrio. Nada de exceso visual. Hits: public,products/tablet/app/public/products/packshots/light/jugo-de-uva-1l.png,317285fe05acf4f1f124a7312f7ef88f5adee4cbd8ecc3f91b7d434080a10911
web_eit_public,showcase|demo,2014232,.png,web_eit_sober,Web/EIT Public Sober,leche-condensada-387g.png,Público sobrio. Nada de exceso visual. Hits: public,products/tablet/app/public/products/packshots/light/leche-condensada-387g.png,0de9bff973498eda8a2f2fc3a63c72862999dbcf5fb91a97d32d842921e137ff
web_eit_public,showcase|demo,1820236,.png,web_eit_sober,Web/EIT Public Sober,leche-descremada-1l.png,Público sobrio. Nada de exceso visual. Hits: public,products/tablet/app/public/products/packshots/light/leche-descremada-1l.png,59fb7de3bb8fa80dcecd9361ffe0b5c6184bf76ae62c3b3537a5150841648468
web_eit_public,showcase|demo,1840267,.png,web_eit_sober,Web/EIT Public Sober,leche-deslactosada-1l.png,Público sobrio. Nada de exceso visual. Hits: public,products/tablet/app/public/products/packshots/light/leche-deslactosada-1l.png,331c59888cec109c053e05fb48983ed405f32c20d9ee2f6cf57999e05f293b64
web_eit_public,showcase|demo,1803761,.png,web_eit_sober,Web/EIT Public Sober,leche-entera-1l-02.png,Público sobrio. Nada de exceso visual. Hits: public,products/tablet/app/public/products/packshots/light/leche-entera-1l-02.png,9347ab24fe1fefc04d6d9f8a33ccbff36c7fb11adcbcf727ebcd7873e6649766
web_eit_public,showcase|demo,1344602,.png,web_eit_sober,Web/EIT Public Sober,leche-entera-1l.png,Público sobrio. Nada de exceso visual. Hits: public,products/tablet/app/public/products/packshots/light/leche-entera-1l.png,a0ccf566eaf375fef7c1910d8b4788622d61bc49cc8f2428b98195ff4e337ae1
web_eit_public,showcase|demo,1914422,.png,web_eit_sober,Web/EIT Public Sober,leche-saborizada-de-chocolate-1l.png,Público sobrio. Nada de exceso visual. Hits: public,products/tablet/app/public/products/packshots/light/leche-saborizada-de-chocolate-1l.png,296b9e8d6d408ce8e73893b6ab7d13f1309bea4eceb7129f3cb8af82751c3d75
web_eit_public,showcase|demo,1872707,.png,web_eit_sober,Web/EIT Public Sober,leche-saborizada-de-fresa-1l.png,Público sobrio. Nada de exceso visual. Hits: public,products/tablet/app/public/products/packshots/light/leche-saborizada-de-fresa-1l.png,bd4837c252578c11091fab0e15d4634a3c11008b27cb9d87d649588991be8ef9
web_eit_public,showcase|demo,1875387,.png,web_eit_sober,Web/EIT Public Sober,lentejas-seleccionadas-900g.png,Público sobrio. Nada de exceso visual. Hits: public,products/tablet/app/public/products/packshots/light/lentejas-seleccionadas-900g.png,bdf921baecb2c466becbee5a4c67b6b16cf913dced61248f6a1995417097177f
web_eit_public,showcase|demo,1794271,.png,web_eit_sober,Web/EIT Public Sober,limpiador-multiusos-limpieza-profunda-750ml.png,Público sobrio. Nada de exceso visual. Hits: public,products/tablet/app/public/products/packshots/light/limpiador-multiusos-limpieza-profunda-750ml.png,e093a2a57139ea475c9021dbf027494337f2ca26f66d7544e7088d3c851efa70
web_eit_public,showcase|demo,2044752,.png,web_eit_sober,Web/EIT Public Sober,mantequilla-200g.png,Público sobrio. Nada de exceso visual. Hits: public,products/tablet/app/public/products/packshots/light/mantequilla-200g.png,efb423791d80e56b23bf6478e0da8ec4759e330ad316c8de66162f1a96339a90
web_eit_public,showcase|demo,2025699,.png,web_eit_sober,Web/EIT Public Sober,margarina-225g-02.png,Público sobrio. Nada de exceso visual. Hits: public,products/tablet/app/public/products/packshots/light/margarina-225g-02.png,ec70069ee2ba04f5550a1738ff2ec008820d4d8f17824a997c302a168625eca4
web_eit_public,showcase|demo,2025699,.png,web_eit_sober,Web/EIT Public Sober,margarina-225g.png,Público sobrio. Nada de exceso visual. Hits: public,products/tablet/app/public/products/packshots/light/margarina-225g.png,ec70069ee2ba04f5550a1738ff2ec008820d4d8f17824a997c302a168625eca4
web_eit_public,showcase|demo,1526021,.png,web_eit_sober,Web/EIT Public Sober,mayonesa-receta-deliciosa-390g.png,Público sobrio. Nada de exceso visual. Hits: public,products/tablet/app/public/products/packshots/light/mayonesa-receta-deliciosa-390g.png,3004e58d58c9b5de09a3fb0e84ceee3703e5a2be0e6beaa394d5f8e7e4757d69
web_eit_public,showcase|demo,1754609,.png,web_eit_sober,Web/EIT Public Sober,mermelada-de-fresa-450g.png,Público sobrio. Nada de exceso visual. Hits: public,products/tablet/app/public/products/packshots/light/mermelada-de-fresa-450g.png,c8b5a97939bd10dac14e2353dd2bbded64d6999d34bf18dfcf4be2ca9ed04dff
web_eit_public,showcase|demo,1681105,.png,web_eit_sober,Web/EIT Public Sober,miel-de-abeja-350g.png,Público sobrio. Nada de exceso visual. Hits: public,products/tablet/app/public/products/packshots/light/miel-de-abeja-350g.png,3bc9d8845f190f3be1ab9290f69891e436f8e0141b23c159bd6674d76742284a
web_eit_public,showcase|demo,1914033,.png,web_eit_sober,Web/EIT Public Sober,nectar-de-durazno-1l.png,Público sobrio. Nada de exceso visual. Hits: public,products/tablet/app/public/products/packshots/light/nectar-de-durazno-1l.png,e2c91efa66007a36c95e8d94a377c38c076a74dfb99d28c521cc09e818a9ed1d
web_eit_public,showcase|demo,1895881,.png,web_eit_sober,Web/EIT Public Sober,nectar-de-guayaba-1l.png,Público sobrio. Nada de exceso visual. Hits: public,products/tablet/app/public/products/packshots/light/nectar-de-guayaba-1l.png,fdd6bb58a4707d2c5547c8bb47143c9224b3e4e904885a6cc71909c55e7fac45
web_eit_public,showcase|demo,1796742,.png,web_eit_sober,Web/EIT Public Sober,nectar-de-mango-1l.png,Público sobrio. Nada de exceso visual. Hits: public,products/tablet/app/public/products/packshots/light/nectar-de-mango-1l.png,d1fd4fe2b73a72e1771153aed4996620525b70b46a02a0be2e166a032d5b9376
web_eit_public,showcase|demo,1931383,.png,web_eit_sober,Web/EIT Public Sober,pan-blanco-620g-02.png,Público sobrio. Nada de exceso visual. Hits: public,products/tablet/app/public/products/packshots/light/pan-blanco-620g-02.png,275de7d3153057d431e1a90495b963753ff84e4e3d44a0866e15cd678adadcc4
web_eit_public,showcase|demo,1931383,.png,web_eit_sober,Web/EIT Public Sober,pan-blanco-620g.png,Público sobrio. Nada de exceso visual. Hits: public,products/tablet/app/public/products/packshots/light/pan-blanco-620g.png,275de7d3153057d431e1a90495b963753ff84e4e3d44a0866e15cd678adadcc4
web_eit_public,showcase|demo,1512487,.png,web_eit_sober,Web/EIT Public Sober,pan-blanco-680g.png,Público sobrio. Nada de exceso visual. Hits: public,products/tablet/app/public/products/packshots/light/pan-blanco-680g.png,ce5c372c00f10c060c54a92604f6a5e78dd822297fd43141b4f28ca2013e7d1d
web_eit_public,showcase|demo,1931550,.png,web_eit_sober,Web/EIT Public Sober,pan-de-caja-multigrano-fibra-y-semillas-620g.png,Público sobrio. Nada de exceso visual. Hits: public,products/tablet/app/public/products/packshots/light/pan-de-caja-multigrano-fibra-y-semillas-620g.png,20b11b06d3573bc2f58dc6c8554249c4d7e48e2276d5a66e5adb326f2f87c92f
web_eit_public,showcase|demo,2032690,.png,web_eit_sober,Web/EIT Public Sober,pan-de-centeno-sabor-intenso-620g.png,Público sobrio. Nada de exceso visual. Hits: public,products/tablet/app/public/products/packshots/light/pan-de-centeno-sabor-intenso-620g.png,e226c7d8508524231e81572c0add67e34598f69f0581d883da5a55399bce0e2c
web_eit_public,showcase|demo,1961554,.png,web_eit_sober,Web/EIT Public Sober,pan-dulce-surtido-tradicional-450g-02.png,Público sobrio. Nada de exceso visual. Hits: public,products/tablet/app/public/products/packshots/light/pan-dulce-surtido-tradicional-450g-02.png,3430110c84ba3096fc23c6ef239e88c7b9b6df8e623fcd5bd90da26cbc60410e
web_eit_public,showcase|demo,1961554,.png,web_eit_sober,Web/EIT Public Sober,pan-dulce-surtido-tradicional-450g.png,Público sobrio. Nada de exceso visual. Hits: public,products/tablet/app/public/products/packshots/light/pan-dulce-surtido-tradicional-450g.png,3430110c84ba3096fc23c6ef239e88c7b9b6df8e623fcd5bd90da26cbc60410e
web_eit_public,showcase|demo,1987917,.png,web_eit_sober,Web/EIT Public Sober,pan-integral-620g-02.png,Público sobrio. Nada de exceso visual. Hits: public,products/tablet/app/public/products/packshots/light/pan-integral-620g-02.png,6c3a7abed896aaccb7877eda7f48333593ff1e0757892758611b8bb4701bd4d0
web_eit_public,showcase|demo,1987917,.png,web_eit_sober,Web/EIT Public Sober,pan-integral-620g.png,Público sobrio. Nada de exceso visual. Hits: public,products/tablet/app/public/products/packshots/light/pan-integral-620g.png,6c3a7abed896aaccb7877eda7f48333593ff1e0757892758611b8bb4701bd4d0
web_eit_public,showcase|demo,2016361,.png,web_eit_sober,Web/EIT Public Sober,pan-para-hamburguesa-360g.png,Público sobrio. Nada de exceso visual. Hits: public,products/tablet/app/public/products/packshots/light/pan-para-hamburguesa-360g.png,a3a2f9ea55b8e530f235e53fa8980535f873b237e5c3bd390357056d4f506a71
web_eit_public,showcase|demo,2022767,.png,web_eit_sober,Web/EIT Public Sober,pan-para-hot-dog-360g.png,Público sobrio. Nada de exceso visual. Hits: public,products/tablet/app/public/products/packshots/light/pan-para-hot-dog-360g.png,c2add873a43eddbd31885ca02f7b6b9de0315edeb89c0d970f3369b4444801c3
web_eit_public,showcase|demo,1481529,.png,web_eit_sober,Web/EIT Public Sober,papas-clasicas-45g.png,Público sobrio. Nada de exceso visual. Hits: public,products/tablet/app/public/products/packshots/light/papas-clasicas-45g.png,09454ac8948f5bd163e6b8cbe58a4f9072e60badee636e12da093ed2a8ca7b29
web_eit_public,showcase|demo,1789551,.png,web_eit_sober,Web/EIT Public Sober,papel-higienico-suave-4-rollos.png,Público sobrio. Nada de exceso visual. Hits: public,products/tablet/app/public/products/packshots/light/papel-higienico-suave-4-rollos.png,46c3007241841c7f064af6d8150092af66fb005e0147e097111e8ed1ee2c4fdd
web_eit_public,showcase|demo,1896140,.png,web_eit_sober,Web/EIT Public Sober,pasta-dental-menta-fresca-120g.png,Público sobrio. Nada de exceso visual. Hits: public,products/tablet/app/public/products/packshots/light/pasta-dental-menta-fresca-120g.png,67efa62288b2283a153af521cbd179ca240ecd4150652130c04e8bdb5f7c3589
web_eit_public,showcase|demo,1319951,.png,web_eit_sober,Web/EIT Public Sober,pasta-espagueti-500g.png,Público sobrio. Nada de exceso visual. Hits: public,products/tablet/app/public/products/packshots/light/pasta-espagueti-500g.png,9d0c77ec8ab4fbf03af81a131ce99487d6e27ad7f3f98087c9cc53c83f0e8302
web_eit_public,showcase|demo,1984955,.png,web_eit_sober,Web/EIT Public Sober,queso-cheddar-200g-02.png,Público sobrio. Nada de exceso visual. Hits: public,products/tablet/app/public/products/packshots/light/queso-cheddar-200g-02.png,da0d1941f9d530b66ad83345b82c399ffb7c99f3d028c8912fe434dcc9a9c115
web_eit_public,showcase|demo,1984955,.png,web_eit_sober,Web/EIT Public Sober,queso-cheddar-200g.png,Público sobrio. Nada de exceso visual. Hits: public,products/tablet/app/public/products/packshots/light/queso-cheddar-200g.png,da0d1941f9d530b66ad83345b82c399ffb7c99f3d028c8912fe434dcc9a9c115
web_eit_public,showcase|demo,1898341,.png,web_eit_sober,Web/EIT Public Sober,queso-cottage-300g.png,Público sobrio. Nada de exceso visual. Hits: public,products/tablet/app/public/products/packshots/light/queso-cottage-300g.png,f97d5a4d92acd42d511aeb750dece21510db168a785758faa269cae58a62b05c
web_eit_public,showcase|demo,1990717,.png,web_eit_sober,Web/EIT Public Sober,queso-crema-190g-02.png,Público sobrio. Nada de exceso visual. Hits: public,products/tablet/app/public/products/packshots/light/queso-crema-190g-02.png,01e7b78ea84c4fe63fc3af9d8cae949014d4574265c73415c18259fb2efce9ec
web_eit_public,showcase|demo,1990717,.png,web_eit_sober,Web/EIT Public Sober,queso-crema-190g.png,Público sobrio. Nada de exceso visual. Hits: public,products/tablet/app/public/products/packshots/light/queso-crema-190g.png,01e7b78ea84c4fe63fc3af9d8cae949014d4574265c73415c18259fb2efce9ec
web_eit_public,showcase|demo,1974867,.png,web_eit_sober,Web/EIT Public Sober,queso-manchego-180g.png,Público sobrio. Nada de exceso visual. Hits: public,products/tablet/app/public/products/packshots/light/queso-manchego-180g.png,31ff1cbf48d154506f92cbddf79266dc72cfced4e394c5cf3ec4f9d6c657d69a
web_eit_public,showcase|demo,1994683,.png,web_eit_sober,Web/EIT Public Sober,queso-mozzarella-400g-02.png,Público sobrio. Nada de exceso visual. Hits: public,products/tablet/app/public/products/packshots/light/queso-mozzarella-400g-02.png,0104bc0c9263e694ba5afeb90327b7b03369d1a06b4c6ed86390236ffce3d04f
web_eit_public,showcase|demo,1994683,.png,web_eit_sober,Web/EIT Public Sober,queso-mozzarella-400g.png,Público sobrio. Nada de exceso visual. Hits: public,products/tablet/app/public/products/packshots/light/queso-mozzarella-400g.png,0104bc0c9263e694ba5afeb90327b7b03369d1a06b4c6ed86390236ffce3d04f
web_eit_public,showcase|demo,2101804,.png,web_eit_sober,Web/EIT Public Sober,queso-oaxaca-400g.png,Público sobrio. Nada de exceso visual. Hits: public,products/tablet/app/public/products/packshots/light/queso-oaxaca-400g.png,f08967be2a0856c02c79bb0c0f5496e00691c4124200c25b1034d3e55053d741
web_eit_public,showcase|demo,2024543,.png,web_eit_sober,Web/EIT Public Sober,queso-panela-400g.png,Público sobrio. Nada de exceso visual. Hits: public,products/tablet/app/public/products/packshots/light/queso-panela-400g.png,5c0a61cf44947793cf0f1e410b70b5e894453266f2b7af8eee59fce32efca5d4
web_eit_public,showcase|demo,1897049,.png,web_eit_sober,Web/EIT Public Sober,refresco-de-limon-600ml.png,Público sobrio. Nada de exceso visual. Hits: public,products/tablet/app/public/products/packshots/light/refresco-de-limon-600ml.png,b3de812e6650d46d5d5257d32e752403566e95a8e4d28a4e2d4c0b39ab472bf3
web_eit_public,showcase|demo,1737750,.png,web_eit_sober,Web/EIT Public Sober,refresco-de-naranja-600ml.png,Público sobrio. Nada de exceso visual. Hits: public,products/tablet/app/public/products/packshots/light/refresco-de-naranja-600ml.png,1fd4626c148b467a9ffb02ef3013b06c8addc4bbcd419b4ebc6812cc560b52cc
web_eit_public,showcase|demo,1630070,.png,web_eit_sober,Web/EIT Public Sober,sal-de-mesa-refinada-1kg.png,Público sobrio. Nada de exceso visual. Hits: public,products/tablet/app/public/products/packshots/light/sal-de-mesa-refinada-1kg.png,261d9333f1baa2c190523634eed6a4861fd290b67fff910282bca7ee638b43ca
web_eit_public,showcase|demo,1649007,.png,web_eit_sober,Web/EIT Public Sober,salsa-de-soya-500ml.png,Público sobrio. Nada de exceso visual. Hits: public,products/tablet/app/public/products/packshots/light/salsa-de-soya-500ml.png,6d03794651d5cb48964a2c53828ffe732926ca9521ab062168be976b0d1ce809
web_eit_public,showcase|demo,1340926,.png,web_eit_sober,Web/EIT Public Sober,salsa-de-tomate-340g.png,Público sobrio. Nada de exceso visual. Hits: public,products/tablet/app/public/products/packshots/light/salsa-de-tomate-340g.png,aeb232f2fe5e4c7c474de917c3394347227920b66f585a1052ae623acb6e8362
web_eit_public,showcase|demo,1664496,.png,web_eit_sober,Web/EIT Public Sober,salsa-picante-150ml.png,Público sobrio. Nada de exceso visual. Hits: public,products/tablet/app/public/products/packshots/light/salsa-picante-150ml.png,2730554723c1628139f2c09db6b3a60a8a1cc98ad05e520e76321de78db70f15
web_eit_public,showcase|demo,1653112,.png,web_eit_sober,Web/EIT Public Sober,shampoo-nutritivo-cabello-normal-750ml.png,Público sobrio. Nada de exceso visual. Hits: public,products/tablet/app/public/products/packshots/light/shampoo-nutritivo-cabello-normal-750ml.png,a6d0b04e3ea19aed8aecf7fe1df0897d6488185b8becd1a50efc71c9c777a389
web_eit_public,showcase|demo,1735991,.png,web_eit_sober,Web/EIT Public Sober,suavizante-de-ropa-frescura-elegante-1-5l.png,Público sobrio. Nada de exceso visual. Hits: public,products/tablet/app/public/products/packshots/light/suavizante-de-ropa-frescura-elegante-1-5l.png,a3f1032874962e1ee5111f86e25524f81ec5922f5d99a1cccc7db00338d2f755
web_eit_public,showcase|demo,1830112,.png,web_eit_sober,Web/EIT Public Sober,te-de-manzanilla-25-sobres.png,Público sobrio. Nada de exceso visual. Hits: public,products/tablet/app/public/products/packshots/light/te-de-manzanilla-25-sobres.png,7505d33ceb1072f556eca6777f7417e4acee2a12188ecb861a0cb0018d9464bc
web_eit_public,showcase|demo,2060848,.png,web_eit_sober,Web/EIT Public Sober,tortillas-de-maiz-tradicion-mexicana-500g.png,Público sobrio. Nada de exceso visual. Hits: public,products/tablet/app/public/products/packshots/light/tortillas-de-maiz-tradicion-mexicana-500g.png,ea010690ab1d1378098229b0a7fefb354c49534325b67d9431997522119c5335
web_eit_public,showcase|demo,1611792,.png,web_eit_sober,Web/EIT Public Sober,vinagre-blanco-750ml.png,Público sobrio. Nada de exceso visual. Hits: public,products/tablet/app/public/products/packshots/light/vinagre-blanco-750ml.png,7a819cb0ff9db0aafe41849d4f507d554eadf214a882cf6df8ee254ddd5c776e
web_eit_public,showcase|demo,12447,.png,web_eit_sober,Web/EIT Public Sober,nescafe-clasico-200g.png,Público sobrio. Nada de exceso visual. Hits: public,products/tablet/app/public/products/packshots/nescafe-clasico-200g.png,c0944b82ca65b290a0cc74d507bf17409ba13a3e569a6aa6fbc6af3c5327be9e
web_eit_public,showcase|demo,13912,.png,web_eit_sober,Web/EIT Public Sober,pan-bimbo-blanco-grande.png,Público sobrio. Nada de exceso visual. Hits: public,products/tablet/app/public/products/packshots/pan-bimbo-blanco-grande.png,7f7a0d89e50b2f2916258fbb4190d5422031ca7022de0d861cc44d0f74ad1c2d
web_eit_public,showcase|demo,19348,.png,web_eit_sober,Web/EIT Public Sober,sabritas-original-45g.png,Público sobrio. Nada de exceso visual. Hits: public,products/tablet/app/public/products/packshots/sabritas-original-45g.png,b0da858f0a80387f161d85f8a5ac2dfd43d84b03a2cd09ba1a5e8e133156f31d
web_eit_public,showcase|demo,29042,.png,web_eit_sober,Web/EIT Public Sober,zucaritas-kelloggs-730g.png,Público sobrio. Nada de exceso visual. Hits: public,products/tablet/app/public/products/packshots/zucaritas-kelloggs-730g.png,7381129a0d976d60f7dc1694bc7d9c5a00121dbc02907846af563094e79e9d56
web_eit_public,showcase|demo,454535,.png,web_eit_sober,Web/EIT Public Sober,prisma-logo.png,Público sobrio. Nada de exceso visual. Hits: public,products/web/app/public/prisma-logo.png,bbb8a3b81bb2afdfce13d37d450eee9c760e668b253e668a59d01397507cc728
web_eit_public,showcase|demo,121262,.png,web_eit_sober,Web/EIT Public Sober,prisma-mark.png,Público sobrio. Nada de exceso visual. Hits: public,products/web/app/public/prisma-mark.png,9125d3cf3ff95aba63fc86864261d277fc7a5f91e16b7d089dfe912178d171e6
web_eit_public,showcase|demo,367107,.png,web_eit_sober,Web/EIT Public Sober,bread_loaf_512.png,Público sobrio. Nada de exceso visual. Hits: public,tools/prisma-pos-visual-control/backups/surface_lock_20260502_225042/products/tablet/app/public/pos-packshots/bread_loaf_512.png,03e337508b15e88df775b2c57f733fa962c46402a9aaa77b557970a966c917cf
web_eit_public,showcase|demo,9384,.png,web_eit_sober,Web/EIT Public Sober,cereal_box_512.png,Público sobrio. Nada de exceso visual. Hits: public,tools/prisma-pos-visual-control/backups/surface_lock_20260502_225042/products/tablet/app/public/pos-packshots/cereal_box_512.png,f450b9faa0092975fec9a0fe4568a41d3aaa4d12fe3dcc4c38d0a36216a72d72
web_eit_public,showcase|demo,656616,.png,web_eit_sober,Web/EIT Public Sober,chips_bag_512.png,Público sobrio. Nada de exceso visual. Hits: public,tools/prisma-pos-visual-control/backups/surface_lock_20260502_225042/products/tablet/app/public/pos-packshots/chips_bag_512.png,df5b0cdc432c0a2d31e3bcc2536dfa258adc1da7c641973537742d7b2b0f626d
web_eit_public,showcase|demo,266678,.png,web_eit_sober,Web/EIT Public Sober,coffee_jar_512.png,Público sobrio. Nada de exceso visual. Hits: public,tools/prisma-pos-visual-control/backups/surface_lock_20260502_225042/products/tablet/app/public/pos-packshots/coffee_jar_512.png,a7923a539e5dc6162ab22280a7b71ac4457244bbd0a9f80f8e67ca0a8abe8f89
web_eit_public,showcase|demo,371567,.png,web_eit_sober,Web/EIT Public Sober,cola_bottle_512.png,Público sobrio. Nada de exceso visual. Hits: public,tools/prisma-pos-visual-control/backups/surface_lock_20260502_225042/products/tablet/app/public/pos-packshots/cola_bottle_512.png,ab275de8467a92e8362a469408bf9f65bfba13bda74b942f1137ee97809856dd
web_eit_public,showcase|demo,653757,.png,web_eit_sober,Web/EIT Public Sober,detergent_bag_512.png,Público sobrio. Nada de exceso visual. Hits: public,tools/prisma-pos-visual-control/backups/surface_lock_20260502_225042/products/tablet/app/public/pos-packshots/detergent_bag_512.png,50948f3ebe082717601e56f3d1c85659faafcb4eace4e8f4d1b3f99eafa0dd7f
web_eit_public,showcase|demo,412198,.png,web_eit_sober,Web/EIT Public Sober,milk_carton_512.png,Público sobrio. Nada de exceso visual. Hits: public,tools/prisma-pos-visual-control/backups/surface_lock_20260502_225042/products/tablet/app/public/pos-packshots/milk_carton_512.png,c9533991cdd053110374efa2ed1b29ad9b4688ea72b723470a6d41191b31a9b4
web_eit_public,showcase|demo,407131,.png,web_eit_sober,Web/EIT Public Sober,water_bottle_512.png,Público sobrio. Nada de exceso visual. Hits: public,tools/prisma-pos-visual-control/backups/surface_lock_20260502_225042/products/tablet/app/public/pos-packshots/water_bottle_512.png,6eb136d3527afa1a148e7f7ab810ecd701d6c633e8ba24c7a1a1d642b2262eb8
